clip_id,path,video_id,start_time,end_time,label,split
clip_000000,train/passaggio/clip_000000.mp4,basket_2nd,7.17,8.43,passaggio,train
clip_000001,train/passaggio/clip_000001.mp4,basket_2nd,14.87,15.39,passaggio,train
clip_000002,train/non-gioco/clip_000002.mp4,basket_2nd,18.016189542365613,20.61475653851032,non-gioco,train
clip_000003,train/non-gioco/clip_000003.mp4,basket_2nd,20.130861375354716,21.818434671277515,non-gioco,train
clip_000004,train/tiroDaDue0/clip_000004.mp4,basket_2nd,33.72,35.16,tiroDaDue0,train
clip_000005,train/passaggio/clip_000005.mp4,basket_2nd,36.22,36.4,passaggio,train
clip_000006,train/passaggio/clip_000006.mp4,basket_2nd,37.54,38.01,passaggio,train
clip_000007,train/passaggio/clip_000007.mp4,basket_2nd,41.28,42.2,passaggio,train
clip_000008,train/passaggio/clip_000008.mp4,basket_2nd,42.59,42.84,passaggio,train
clip_000009,train/tiroDaTre0/clip_000009.mp4,basket_2nd,43.39,44.98,tiroDaTre0,train
clip_000010,train/passaggio/clip_000010.mp4,basket_2nd,53.83,54.37,passaggio,train
clip_000011,train/tiroDaDue0/clip_000011.mp4,basket_2nd,59.47,60.7,tiroDaDue0,train
clip_000012,train/non-gioco/clip_000012.mp4,basket_2nd,62.03,64.53,non-gioco,train
clip_000013,train/non-gioco/clip_000013.mp4,basket_2nd,68.2578169997421,71.09899503515213,non-gioco,train
clip_000014,train/idle/clip_000014.mp4,basket_2nd,71.1326704993296,72.86567049932978,idle,train
clip_000015,train/non-gioco/clip_000015.mp4,basket_2nd,72.88,73.86,non-gioco,train
clip_000016,train/passaggio/clip_000016.mp4,basket_2nd,76.0,76.61,passaggio,train
clip_000017,train/passaggio/clip_000017.mp4,basket_2nd,79.42,79.8,passaggio,train
clip_000018,train/passaggio/clip_000018.mp4,basket_2nd,80.84,81.39,passaggio,train
clip_000019,train/passaggio/clip_000019.mp4,basket_2nd,84.51,85.15,passaggio,train
clip_000020,train/tiroDaDue1/clip_000020.mp4,basket_2nd,87.62,89.12,tiroDaDue1,train
clip_000021,train/passaggio/clip_000021.mp4,basket_2nd,101.19,101.67,passaggio,train
clip_000022,train/passaggio/clip_000022.mp4,basket_2nd,103.0,103.68,passaggio,train
clip_000023,train/passaggio/clip_000023.mp4,basket_2nd,106.4,106.96,passaggio,train
clip_000024,train/tiroDaDue0/clip_000024.mp4,basket_2nd,108.63,110.06,tiroDaDue0,train
clip_000025,train/passaggio/clip_000025.mp4,basket_2nd,111.03,111.5,passaggio,train
clip_000026,train/tiroDaDue1/clip_000026.mp4,basket_2nd,113.84,114.4,tiroDaDue1,train
clip_000027,train/passaggio/clip_000027.mp4,basket_2nd,116.16,116.63,passaggio,train
clip_000028,train/idle/clip_000028.mp4,basket_2nd,120.55069122848127,121.01069122848126,idle,train
clip_000029,train/non-gioco/clip_000029.mp4,basket_2nd,121.9647566854698,124.01956123468297,non-gioco,train
clip_000030,train/non-gioco/clip_000030.mp4,basket_2nd,123.16418751160931,126.39463643087143,non-gioco,train
clip_000031,train/non-gioco/clip_000031.mp4,basket_2nd,133.0544132947875,134.60100823179653,non-gioco,train
clip_000032,train/idle/clip_000032.mp4,basket_2nd,142.08634121862656,142.5263412186265,idle,train
clip_000033,train/passaggio/clip_000033.mp4,basket_2nd,147.27,147.97,passaggio,train
clip_000034,train/passaggio/clip_000034.mp4,basket_2nd,155.38,155.9,passaggio,train
clip_000035,train/passaggio/clip_000035.mp4,basket_2nd,160.35,160.6,passaggio,train
clip_000036,train/passaggio/clip_000036.mp4,basket_2nd,161.35,161.93,passaggio,train
clip_000037,train/idle/clip_000037.mp4,basket_2nd,164.79085580682505,165.3318558068243,idle,train
clip_000038,train/tiroDaDue1/clip_000038.mp4,basket_2nd,168.97,170.69,tiroDaDue1,train
clip_000039,train/passaggio/clip_000039.mp4,basket_2nd,173.03,173.61,passaggio,train
clip_000040,train/passaggio/clip_000040.mp4,basket_2nd,181.95,182.47,passaggio,train
clip_000041,train/passaggio/clip_000041.mp4,basket_2nd,184.2,184.63,passaggio,train
clip_000042,train/passaggio/clip_000042.mp4,basket_2nd,185.61,185.99,passaggio,train
clip_000043,train/tiroDaDue0/clip_000043.mp4,basket_2nd,190.76,191.91,tiroDaDue0,train
clip_000044,train/tiroDaDue1/clip_000044.mp4,basket_2nd,197.64,199.34,tiroDaDue1,train
clip_000045,train/non-gioco/clip_000045.mp4,basket_2nd,201.04036507491682,204.0639412166114,non-gioco,train
clip_000046,train/non-gioco/clip_000046.mp4,basket_2nd,207.88221655188804,209.1140811603384,non-gioco,train
clip_000047,train/non-gioco/clip_000047.mp4,basket_2nd,212.2348582654094,214.0854845567044,non-gioco,train
clip_000048,train/non-gioco/clip_000048.mp4,basket_2nd,215.64654031846752,216.7128802426772,non-gioco,train
clip_000049,train/non-gioco/clip_000049.mp4,basket_2nd,225.3155080093146,228.70854068983158,non-gioco,train
clip_000050,train/idle/clip_000050.mp4,basket_2nd,229.3111770758879,229.75917707588823,idle,train
clip_000051,train/non-gioco/clip_000051.mp4,basket_2nd,241.05748356764687,243.68219466209567,non-gioco,train
clip_000052,train/non-gioco/clip_000052.mp4,basket_2nd,244.9840907987844,246.53519235388615,non-gioco,train
clip_000053,train/non-gioco/clip_000053.mp4,basket_2nd,245.12781879599984,248.2465547118685,non-gioco,train
clip_000054,train/idle/clip_000054.mp4,basket_2nd,249.1158655506232,249.48486555062317,idle,train
clip_000055,train/non-gioco/clip_000055.mp4,basket_2nd,252.1702702430449,255.18481837262692,non-gioco,train
clip_000056,train/idle/clip_000056.mp4,basket_2nd,262.6433272397701,263.06332723977016,idle,train
clip_000057,train/idle/clip_000057.mp4,basket_2nd,270.95363983732125,271.3536398373212,idle,train
clip_000058,train/passaggio/clip_000058.mp4,basket_2nd,284.773,285.227,passaggio,train
clip_000059,train/passaggio/clip_000059.mp4,basket_2nd,286.818,287.318,passaggio,train
clip_000060,train/passaggio/clip_000060.mp4,basket_2nd,289.045,289.318,passaggio,train
clip_000061,train/passaggio/clip_000061.mp4,basket_2nd,290.545,290.909,passaggio,train
clip_000062,train/passaggio/clip_000062.mp4,basket_2nd,292.273,292.818,passaggio,train
clip_000063,train/passaggio/clip_000063.mp4,basket_2nd,297.265,297.765,passaggio,train
clip_000064,train/passaggio/clip_000064.mp4,basket_2nd,299.529,300.096,passaggio,train
clip_000065,train/passaggio/clip_000065.mp4,basket_2nd,301.603,301.971,passaggio,train
clip_000066,train/non-gioco/clip_000066.mp4,basket_2nd,320.21887359937756,323.2366942825635,non-gioco,train
clip_000067,train/idle/clip_000067.mp4,basket_2nd,333.4236341927371,333.9636341927371,idle,train
clip_000068,train/tiroDaDue0/clip_000068.mp4,basket_2nd,336.724,338.316,tiroDaDue0,train
clip_000069,train/passaggio/clip_000069.mp4,basket_2nd,339.671,340.868,passaggio,train
clip_000070,train/non-gioco/clip_000070.mp4,basket_2nd,343.84,344.67,non-gioco,train
clip_000071,train/idle/clip_000071.mp4,basket_2nd,347.4973252979054,348.7713252979055,idle,train
clip_000072,train/non-gioco/clip_000072.mp4,basket_2nd,352.40666399309697,354.35299993611784,non-gioco,train
clip_000073,train/non-gioco/clip_000073.mp4,basket_2nd,357.9242549226875,360.26482515132426,non-gioco,train
clip_000074,train/passaggio/clip_000074.mp4,basket_2nd,361.508,362.231,passaggio,train
clip_000075,train/passaggio/clip_000075.mp4,basket_2nd,364.015,364.554,passaggio,train
clip_000076,train/passaggio/clip_000076.mp4,basket_2nd,368.862,369.108,passaggio,train
clip_000077,train/tiroDaDue0/clip_000077.mp4,basket_2nd,371.462,372.969,tiroDaDue0,train
clip_000078,train/passaggio/clip_000078.mp4,basket_2nd,374.954,375.446,passaggio,train
clip_000079,train/passaggio/clip_000079.mp4,basket_2nd,380.954,381.815,passaggio,train
clip_000080,train/passaggio/clip_000080.mp4,basket_2nd,384.154,384.615,passaggio,train
clip_000081,train/idle/clip_000081.mp4,basket_2nd,388.7753473143154,389.2363473143154,idle,train
clip_000082,train/passaggio/clip_000082.mp4,basket_2nd,389.785,390.154,passaggio,train
clip_000083,train/tiroDaTre0/clip_000083.mp4,basket_2nd,390.554,392.585,tiroDaTre0,train
clip_000084,train/passaggio/clip_000084.mp4,basket_2nd,396.028,396.4,passaggio,train
clip_000085,train/passaggio/clip_000085.mp4,basket_2nd,397.492,398.338,passaggio,train
clip_000086,train/tiroDaDue1/clip_000086.mp4,basket_2nd,400.508,401.4,tiroDaDue1,train
clip_000087,train/passaggio/clip_000087.mp4,basket_2nd,403.631,404.492,passaggio,train
clip_000088,train/idle/clip_000088.mp4,basket_2nd,406.8787781118562,407.3117781118562,idle,train
clip_000089,train/passaggio/clip_000089.mp4,basket_2nd,411.508,411.892,passaggio,train
clip_000090,train/passaggio/clip_000090.mp4,basket_2nd,414.369,414.815,passaggio,train
clip_000091,train/passaggio/clip_000091.mp4,basket_2nd,419.079,419.446,passaggio,train
clip_000092,train/tiroDaDue1/clip_000092.mp4,basket_2nd,426.698,428.019,tiroDaDue1,train
clip_000093,train/passaggio/clip_000093.mp4,basket_2nd,429.905,430.508,passaggio,train
clip_000094,train/idle/clip_000094.mp4,basket_2nd,442.03444452595824,442.3844445259584,idle,train
clip_000095,train/non-gioco/clip_000095.mp4,basket_2nd,442.67514364497094,445.43657323550826,non-gioco,train
clip_000096,train/non-gioco/clip_000096.mp4,basket_2nd,450.6813007000802,451.8807806423893,non-gioco,train
clip_000097,train/non-gioco/clip_000097.mp4,basket_2nd,452.9760464473186,454.54579213644746,non-gioco,train
clip_000098,train/idle/clip_000098.mp4,basket_2nd,458.7108089540588,460.0998089540589,idle,train
clip_000099,train/non-gioco/clip_000099.mp4,basket_2nd,464.17536995076534,467.3296372015423,non-gioco,train
clip_000100,train/non-gioco/clip_000100.mp4,basket_2nd,465.89193728244794,468.96544894308045,non-gioco,train
clip_000101,train/idle/clip_000101.mp4,basket_2nd,470.7011360645187,471.2111360645187,idle,train
clip_000102,train/idle/clip_000102.mp4,basket_2nd,471.04332111927573,471.67732111927575,idle,train
clip_000103,train/non-gioco/clip_000103.mp4,basket_2nd,484.44,485.3,non-gioco,train
clip_000104,train/passaggio/clip_000104.mp4,basket_2nd,486.657,487.069,passaggio,train
clip_000105,train/passaggio/clip_000105.mp4,basket_2nd,492.344,492.76,passaggio,train
clip_000106,train/non-gioco/clip_000106.mp4,basket_2nd,500.12077384287124,501.3732774163956,non-gioco,train
clip_000107,train/non-gioco/clip_000107.mp4,basket_2nd,501.14726173274005,503.73647284340103,non-gioco,train
clip_000108,train/non-gioco/clip_000108.mp4,basket_2nd,513.96,514.89,non-gioco,train
clip_000109,train/passaggio/clip_000109.mp4,basket_2nd,517.195,517.721,passaggio,train
clip_000110,train/passaggio/clip_000110.mp4,basket_2nd,518.16,518.573,passaggio,train
clip_000111,train/tiroDaTre1/clip_000111.mp4,basket_2nd,519.279,520.721,tiroDaTre1,train
clip_000112,train/passaggio/clip_000112.mp4,basket_2nd,523.469,523.641,passaggio,train
clip_000113,train/passaggio/clip_000113.mp4,basket_2nd,532.443,532.824,passaggio,train
clip_000114,train/non-gioco/clip_000114.mp4,basket_2nd,535.0346815032384,536.9601339210307,non-gioco,train
clip_000115,train/idle/clip_000115.mp4,basket_2nd,538.6787368316217,539.2987368316218,idle,train
clip_000116,train/non-gioco/clip_000116.mp4,basket_2nd,542.9074303870772,544.5748749421999,non-gioco,train
clip_000117,train/idle/clip_000117.mp4,basket_2nd,556.7430214259248,557.657021425925,idle,train
clip_000118,train/tiroDaDue0/clip_000118.mp4,basket_2nd,558.366,559.011,tiroDaDue0,train
clip_000119,train/non-gioco/clip_000119.mp4,basket_2nd,564.2725720594399,566.8926605225564,non-gioco,train
clip_000120,train/non-gioco/clip_000120.mp4,basket_2nd,570.07,571.23,non-gioco,train
clip_000121,train/idle/clip_000121.mp4,basket_2nd,571.3813756071135,572.3013756071134,idle,train
clip_000122,train/tiroLibero0/clip_000122.mp4,basket_2nd,575.794,578.069,tiroLibero0,train
clip_000123,train/non-gioco/clip_000123.mp4,basket_2nd,578.17,582.5,non-gioco,train
clip_000124,train/tiroLibero1/clip_000124.mp4,basket_2nd,587.935,589.321,tiroLibero1,train
clip_000125,train/passaggio/clip_000125.mp4,basket_2nd,592.187,592.817,passaggio,train
clip_000126,train/idle/clip_000126.mp4,basket_2nd,598.3016991610508,599.6386991610512,idle,train
clip_000127,train/passaggio/clip_000127.mp4,basket_2nd,602.966,603.863,passaggio,train
clip_000128,train/non-gioco/clip_000128.mp4,basket_2nd,609.3672855854065,610.7757918198114,non-gioco,train
clip_000129,train/idle/clip_000129.mp4,basket_2nd,611.8951554813799,612.3321554813803,idle,train
clip_000130,train/non-gioco/clip_000130.mp4,basket_2nd,613.4126914213517,614.8405380418469,non-gioco,train
clip_000131,train/non-gioco/clip_000131.mp4,basket_2nd,617.98,618.85,non-gioco,train
clip_000132,train/passaggio/clip_000132.mp4,basket_2nd,619.473,619.973,passaggio,train
clip_000133,train/passaggio/clip_000133.mp4,basket_2nd,622.317,623.05,passaggio,train
clip_000134,train/passaggio/clip_000134.mp4,basket_2nd,627.321,627.958,passaggio,train
clip_000135,train/passaggio/clip_000135.mp4,basket_2nd,630.164,630.695,passaggio,train
clip_000136,train/passaggio/clip_000136.mp4,basket_2nd,639.157,639.618,passaggio,train
clip_000137,train/tiroDaTre0/clip_000137.mp4,basket_2nd,642.912,644.657,tiroDaTre0,train
clip_000138,train/passaggio/clip_000138.mp4,basket_2nd,646.172,646.79,passaggio,train
clip_000139,train/passaggio/clip_000139.mp4,basket_2nd,653.011,654.225,passaggio,train
clip_000140,train/passaggio/clip_000140.mp4,basket_2nd,654.424,654.859,passaggio,train
clip_000141,train/tiroDaTre1/clip_000141.mp4,basket_2nd,655.615,657.088,tiroDaTre1,train
clip_000142,train/idle/clip_000142.mp4,basket_2nd,661.6729474196827,662.2229474196829,idle,train
clip_000143,train/passaggio/clip_000143.mp4,basket_2nd,669.275,669.767,passaggio,train
clip_000144,train/passaggio/clip_000144.mp4,basket_2nd,672.313,672.634,passaggio,train
clip_000145,train/passaggio/clip_000145.mp4,basket_2nd,674.347,674.821,passaggio,train
clip_000146,train/passaggio/clip_000146.mp4,basket_2nd,675.931,676.443,passaggio,train
clip_000147,train/tiroDaDue0/clip_000147.mp4,basket_2nd,681.779,682.775,tiroDaDue0,train
clip_000148,train/idle/clip_000148.mp4,basket_2nd,687.1893725474303,687.8793725474303,idle,train
clip_000149,train/non-gioco/clip_000149.mp4,basket_2nd,698.9631166532987,702.4369250298902,non-gioco,train
clip_000150,train/non-gioco/clip_000150.mp4,basket_2nd,700.8155065336883,703.207880893125,non-gioco,train
clip_000151,train/non-gioco/clip_000151.mp4,basket_2nd,702.6374890376709,705.7446188381454,non-gioco,train
clip_000152,train/non-gioco/clip_000152.mp4,basket_2nd,711.41,712.72,non-gioco,train
clip_000153,train/tiroLibero0/clip_000153.mp4,basket_2nd,715.073,717.47,tiroLibero0,train
clip_000154,train/non-gioco/clip_000154.mp4,basket_2nd,717.51,720.7,non-gioco,train
clip_000155,train/tiroLibero1/clip_000155.mp4,basket_2nd,723.221,724.618,tiroLibero1,train
clip_000156,train/non-gioco/clip_000156.mp4,basket_2nd,724.96,726.59,non-gioco,train
clip_000157,train/passaggio/clip_000157.mp4,basket_2nd,727.004,727.645,passaggio,train
clip_000158,train/idle/clip_000158.mp4,basket_2nd,732.3157224193909,732.9537224193908,idle,train
clip_000159,train/passaggio/clip_000159.mp4,basket_2nd,736.416,736.76,passaggio,train
clip_000160,train/tiroDaDue0/clip_000160.mp4,basket_2nd,738.721,739.989,tiroDaDue0,train
clip_000161,train/passaggio/clip_000161.mp4,basket_2nd,742.065,742.553,passaggio,train
clip_000162,train/passaggio/clip_000162.mp4,basket_2nd,749.34,749.916,passaggio,train
clip_000163,train/non-gioco/clip_000163.mp4,basket_2nd,754.4765009691814,756.0491211490917,non-gioco,train
clip_000164,train/non-gioco/clip_000164.mp4,basket_2nd,759.5168401851271,761.3054728052748,non-gioco,train
clip_000165,train/idle/clip_000165.mp4,basket_2nd,762.458940020829,762.978940020829,idle,train
clip_000166,train/non-gioco/clip_000166.mp4,basket_2nd,774.224794504014,775.7522516129798,non-gioco,train
clip_000167,train/non-gioco/clip_000167.mp4,basket_2nd,776.99,777.74,non-gioco,train
clip_000168,train/passaggio/clip_000168.mp4,basket_2nd,780.435,781.115,passaggio,train
clip_000169,train/passaggio/clip_000169.mp4,basket_2nd,781.599,781.851,passaggio,train
clip_000170,train/tiroDaDue1/clip_000170.mp4,basket_2nd,784.832,785.855,tiroDaDue1,train
clip_000171,train/passaggio/clip_000171.mp4,basket_2nd,788.71,789.218,passaggio,train
clip_000172,train/passaggio/clip_000172.mp4,basket_2nd,798.294,798.63,passaggio,train
clip_000173,train/idle/clip_000173.mp4,basket_2nd,806.4750778077863,806.9940778077863,idle,train
clip_000174,train/non-gioco/clip_000174.mp4,basket_2nd,811.511655039951,813.1738554561962,non-gioco,train
clip_000175,train/non-gioco/clip_000175.mp4,basket_2nd,813.0039121757359,816.1948312419175,non-gioco,train
clip_000176,train/non-gioco/clip_000176.mp4,basket_2nd,815.4461610725111,818.0847577357483,non-gioco,train
clip_000177,train/non-gioco/clip_000177.mp4,basket_2nd,816.9204413081628,820.2068102825142,non-gioco,train
clip_000178,train/idle/clip_000178.mp4,basket_2nd,825.8150536732172,826.2750536732173,idle,train
clip_000179,train/idle/clip_000179.mp4,basket_2nd,826.6460401010719,827.1360401010719,idle,train
clip_000180,train/non-gioco/clip_000180.mp4,basket_2nd,835.02,836.76,non-gioco,train
clip_000181,train/tiroLibero0/clip_000181.mp4,basket_2nd,840.519,842.714,tiroLibero0,train
clip_000182,train/non-gioco/clip_000182.mp4,basket_2nd,842.89,847.39,non-gioco,train
clip_000183,train/tiroLibero1/clip_000183.mp4,basket_2nd,851.324,852.905,tiroLibero1,train
clip_000184,train/passaggio/clip_000184.mp4,basket_2nd,856.137,856.595,passaggio,train
clip_000185,train/passaggio/clip_000185.mp4,basket_2nd,864.351,864.802,passaggio,train
clip_000186,train/passaggio/clip_000186.mp4,basket_2nd,867.973,868.256,passaggio,train
clip_000187,train/passaggio/clip_000187.mp4,basket_2nd,868.561,868.908,passaggio,train
clip_000188,train/tiroDaTre1/clip_000188.mp4,basket_2nd,871.79,873.397,tiroDaTre1,train
clip_000189,train/passaggio/clip_000189.mp4,basket_2nd,875.313,875.546,passaggio,train
clip_000190,train/idle/clip_000190.mp4,basket_2nd,879.633816788317,880.9038167883169,idle,train
clip_000191,train/passaggio/clip_000191.mp4,basket_2nd,884.676,885.302,passaggio,train
clip_000192,train/passaggio/clip_000192.mp4,basket_2nd,885.79,886.103,passaggio,train
clip_000193,train/idle/clip_000193.mp4,basket_2nd,891.9287688983578,892.7587688983577,idle,train
clip_000194,train/passaggio/clip_000194.mp4,basket_2nd,895.305,895.714,passaggio,train
clip_000195,train/tiroDaDue0/clip_000195.mp4,basket_2nd,897.595,899.63,tiroDaDue0,train
clip_000196,train/passaggio/clip_000196.mp4,basket_2nd,910.821,911.328,passaggio,train
clip_000197,train/tiroDaDue0/clip_000197.mp4,basket_2nd,912.523,914.462,tiroDaDue0,train
clip_000198,train/passaggio/clip_000198.mp4,basket_2nd,915.179,915.733,passaggio,train
clip_000199,train/idle/clip_000199.mp4,basket_2nd,917.2944869529299,918.8144869529299,idle,train
clip_000200,train/tiroDaDue0/clip_000200.mp4,basket_2nd,924.85,926.03,tiroDaDue0,train
clip_000201,train/non-gioco/clip_000201.mp4,basket_2nd,930.4271376192728,932.8305579546807,non-gioco,train
clip_000202,train/idle/clip_000202.mp4,basket_2nd,937.0546653764052,937.6046653764054,idle,train
clip_000203,train/non-gioco/clip_000203.mp4,basket_2nd,939.4710259688923,941.9324909444512,non-gioco,train
clip_000204,train/non-gioco/clip_000204.mp4,basket_2nd,943.39,944.52,non-gioco,train
clip_000205,train/idle/clip_000205.mp4,basket_2nd,945.1279736904677,945.8069736904678,idle,train
clip_000206,train/tiroLibero1/clip_000206.mp4,basket_2nd,952.435,953.847,tiroLibero1,train
clip_000207,train/non-gioco/clip_000207.mp4,basket_2nd,954.01,957.89,non-gioco,train
clip_000208,train/idle/clip_000208.mp4,basket_2nd,960.832330041235,962.4993300412353,idle,train
clip_000209,train/idle/clip_000209.mp4,basket_2nd,961.2695832272362,962.8595832272363,idle,train
clip_000210,train/tiroLibero0/clip_000210.mp4,basket_2nd,963.542,965.939,tiroLibero0,train
clip_000211,train/passaggio/clip_000211.mp4,basket_2nd,968.172,968.844,passaggio,train
clip_000212,train/idle/clip_000212.mp4,basket_2nd,972.7220038577098,973.2600038577098,idle,train
clip_000213,train/passaggio/clip_000213.mp4,basket_2nd,976.492,976.836,passaggio,train
clip_000214,train/passaggio/clip_000214.mp4,basket_2nd,977.912,978.229,passaggio,train
clip_000215,train/passaggio/clip_000215.mp4,basket_2nd,981.382,981.851,passaggio,train
clip_000216,train/non-gioco/clip_000216.mp4,basket_2nd,987.2361811562315,989.2346824190824,non-gioco,train
clip_000217,train/non-gioco/clip_000217.mp4,basket_2nd,991.3571175598885,994.8509615761262,non-gioco,train
clip_000218,train/non-gioco/clip_000218.mp4,basket_2nd,1002.37,1003.37,non-gioco,train
clip_000219,train/tiroLibero1/clip_000219.mp4,basket_2nd,1007.565,1009.225,tiroLibero1,train
clip_000220,train/non-gioco/clip_000220.mp4,basket_2nd,1009.31,1013.04,non-gioco,train
clip_000221,train/non-gioco/clip_000221.mp4,basket_2nd,1013.04,1014.06,non-gioco,train
clip_000222,train/tiroLibero0/clip_000222.mp4,basket_2nd,1017.924,1019.924,tiroLibero0,train
clip_000223,train/idle/clip_000223.mp4,basket_2nd,1023.7227005410626,1024.2427005410627,idle,train
clip_000224,train/passaggio/clip_000224.mp4,basket_2nd,1028.84,1029.057,passaggio,train
clip_000225,train/tiroDaDue1/clip_000225.mp4,basket_2nd,1032.473,1033.805,tiroDaDue1,train
clip_000226,train/passaggio/clip_000226.mp4,basket_2nd,1035.916,1036.424,passaggio,train
clip_000227,train/passaggio/clip_000227.mp4,basket_2nd,1041.45,1042.015,passaggio,train
clip_000228,train/passaggio/clip_000228.mp4,basket_2nd,1048.183,1048.443,passaggio,train
clip_000229,train/tiroDaTre0/clip_000229.mp4,basket_2nd,1049.092,1050.561,tiroDaTre0,train
clip_000230,train/passaggio/clip_000230.mp4,basket_2nd,1053.248,1053.592,passaggio,train
clip_000231,train/passaggio/clip_000231.mp4,basket_2nd,1058.748,1059.324,passaggio,train
clip_000232,train/tiroDaDue0/clip_000232.mp4,basket_2nd,1060.569,1061.855,tiroDaDue0,train
clip_000233,train/passaggio/clip_000233.mp4,basket_2nd,1063.283,1063.542,passaggio,train
clip_000234,train/passaggio/clip_000234.mp4,basket_2nd,1064.397,1065.019,passaggio,train
clip_000235,train/tiroDaDue0/clip_000235.mp4,basket_2nd,1086.244,1087.546,tiroDaDue0,train
clip_000236,train/non-gioco/clip_000236.mp4,basket_2nd,1088.8744271303879,1090.1017006608224,non-gioco,train
clip_000237,train/idle/clip_000237.mp4,basket_2nd,1092.3085616290327,1092.8085616290327,idle,train
clip_000238,train/non-gioco/clip_000238.mp4,basket_2nd,1097.0780099630715,1098.3521327889482,non-gioco,train
clip_000239,train/non-gioco/clip_000239.mp4,basket_2nd,1103.62,1104.78,non-gioco,train
clip_000240,train/tiroLibero1/clip_000240.mp4,basket_2nd,1109.428,1111.657,tiroLibero1,train
clip_000241,train/non-gioco/clip_000241.mp4,basket_2nd,1111.79,1115.95,non-gioco,train
clip_000242,train/tiroLibero0/clip_000242.mp4,basket_2nd,1119.767,1121.767,tiroLibero0,train
clip_000243,train/passaggio/clip_000243.mp4,basket_2nd,1123.149,1123.695,passaggio,train
clip_000244,train/tiroDaDue0/clip_000244.mp4,basket_2nd,1131.912,1133.351,tiroDaDue0,train
clip_000245,train/tiroDaDue0/clip_000245.mp4,basket_2nd,1133.38,1134.24,tiroDaDue0,train
clip_000246,train/non-gioco/clip_000246.mp4,basket_2nd,1157.624905129504,1160.1473306580995,non-gioco,train
clip_000247,train/non-gioco/clip_000247.mp4,basket_2nd,1161.5845577333357,1163.8360230159615,non-gioco,train
clip_000248,train/idle/clip_000248.mp4,basket_2nd,1172.887526716649,1173.710526716649,idle,train
clip_000249,train/non-gioco/clip_000249.mp4,basket_2nd,1174.2001788638927,1177.3898112148381,non-gioco,train
clip_000250,train/non-gioco/clip_000250.mp4,basket_2nd,1184.0766485974095,1185.0780783377295,non-gioco,train
clip_000251,train/idle/clip_000251.mp4,basket_2nd,1185.8154911295674,1186.4654911295675,idle,train
clip_000252,train/non-gioco/clip_000252.mp4,basket_2nd,1192.811078447228,1193.969897712608,non-gioco,train
clip_000253,train/non-gioco/clip_000253.mp4,basket_2nd,1198.2403559433858,1201.2205543542932,non-gioco,train
clip_000254,train/non-gioco/clip_000254.mp4,basket_2nd,1200.8842697973641,1202.163150231354,non-gioco,train
clip_000255,train/idle/clip_000255.mp4,basket_2nd,1206.381726731749,1208.211726731749,idle,train
clip_000256,train/non-gioco/clip_000256.mp4,basket_2nd,1214.127707895025,1217.6180113456253,non-gioco,train
clip_000257,train/non-gioco/clip_000257.mp4,basket_2nd,1214.60266993793,1217.5492361345064,non-gioco,train
clip_000258,train/non-gioco/clip_000258.mp4,basket_2nd,1215.7325525528265,1218.436828475393,non-gioco,train
clip_000259,train/non-gioco/clip_000259.mp4,basket_2nd,1215.9881365832175,1218.8944135834054,non-gioco,train
clip_000260,train/non-gioco/clip_000260.mp4,basket_2nd,1231.7785754689037,1233.5246874475254,non-gioco,train
clip_000261,train/non-gioco/clip_000261.mp4,basket_2nd,1232.135718503098,1233.8027814779794,non-gioco,train
clip_000262,train/idle/clip_000262.mp4,basket_2nd,1233.9711101048251,1236.4711101048251,idle,train
clip_000263,train/non-gioco/clip_000263.mp4,basket_2nd,1244.7496257300627,1245.7783282849198,non-gioco,train
clip_000264,train/non-gioco/clip_000264.mp4,basket_2nd,1259.9229075329376,1263.1197122274957,non-gioco,train
clip_000265,train/non-gioco/clip_000265.mp4,basket_2nd,1264.1160396960618,1267.5437356400957,non-gioco,train
clip_000266,train/non-gioco/clip_000266.mp4,basket_2nd,1265.7101068540585,1268.9916764524205,non-gioco,train
clip_000267,train/idle/clip_000267.mp4,basket_2nd,1270.0736839804902,1271.2536839804905,idle,train
clip_000268,train/non-gioco/clip_000268.mp4,basket_2nd,1276.6165163874507,1277.6652082434152,non-gioco,train
clip_000269,train/non-gioco/clip_000269.mp4,basket_2nd,1279.3627440148418,1281.4970532806649,non-gioco,train
clip_000270,train/tiroDaDue0/clip_000270.mp4,basket_2nd,1291.718,1293.767,tiroDaDue0,train
clip_000271,train/passaggio/clip_000271.mp4,basket_2nd,1295.599,1296.374,passaggio,train
clip_000272,train/passaggio/clip_000272.mp4,basket_2nd,1301.821,1302.542,passaggio,train
clip_000273,train/passaggio/clip_000273.mp4,basket_2nd,1304.176,1304.714,passaggio,train
clip_000274,train/idle/clip_000274.mp4,basket_2nd,1308.5640571611266,1309.6240571611265,idle,train
clip_000275,train/passaggio/clip_000275.mp4,basket_2nd,1313.489,1313.771,passaggio,train
clip_000276,train/non-gioco/clip_000276.mp4,basket_2nd,1316.2,1317.02,non-gioco,train
clip_000277,train/non-gioco/clip_000277.mp4,basket_2nd,1317.7157516105126,1319.4845369240193,non-gioco,train
clip_000278,train/idle/clip_000278.mp4,basket_2nd,1320.1082217630208,1320.2642217630207,idle,train
clip_000279,train/idle/clip_000279.mp4,basket_2nd,1322.3172490542318,1322.7272490542316,idle,train
clip_000280,train/non-gioco/clip_000280.mp4,basket_2nd,1327.0434371535769,1330.238461151587,non-gioco,train
clip_000281,train/non-gioco/clip_000281.mp4,basket_2nd,1330.8,1331.91,non-gioco,train
clip_000282,train/passaggio/clip_000282.mp4,basket_2nd,1333.179,1333.618,passaggio,train
clip_000283,train/idle/clip_000283.mp4,basket_2nd,1334.417811419763,1334.8808114197632,idle,train
clip_000284,train/passaggio/clip_000284.mp4,basket_2nd,1338.023,1338.725,passaggio,train
clip_000285,train/passaggio/clip_000285.mp4,basket_2nd,1339.485,1340.126,passaggio,train
clip_000286,train/passaggio/clip_000286.mp4,basket_2nd,1340.824,1341.405,passaggio,train
clip_000287,train/passaggio/clip_000287.mp4,basket_2nd,1344.405,1344.908,passaggio,train
clip_000288,train/tiroDaDue1/clip_000288.mp4,basket_2nd,1346.405,1347.515,tiroDaDue1,train
clip_000289,train/non-gioco/clip_000289.mp4,basket_2nd,1355.8988029116176,1357.1129365417873,non-gioco,train
clip_000290,train/non-gioco/clip_000290.mp4,basket_2nd,1360.6566453532478,1361.8296766494186,non-gioco,train
clip_000291,train/non-gioco/clip_000291.mp4,basket_2nd,1365.96,1367.17,non-gioco,train
clip_000292,train/tiroLibero1/clip_000292.mp4,basket_2nd,1371.897,1373.599,tiroLibero1,train
clip_000293,train/passaggio/clip_000293.mp4,basket_2nd,1375.954,1376.145,passaggio,train
clip_000294,train/idle/clip_000294.mp4,basket_2nd,1378.5349769021977,1378.7429769021983,idle,train
clip_000295,train/idle/clip_000295.mp4,basket_2nd,1383.2147429945985,1383.6847429945983,idle,train
clip_000296,train/passaggio/clip_000296.mp4,basket_2nd,1402.557,1402.71,passaggio,train
clip_000297,train/passaggio/clip_000297.mp4,basket_2nd,1408.462,1409.141,passaggio,train
clip_000298,train/tiroDaDue0/clip_000298.mp4,basket_2nd,1411.466,1412.844,tiroDaDue0,train
clip_000299,train/passaggio/clip_000299.mp4,basket_2nd,1414.992,1415.431,passaggio,train
clip_000300,train/passaggio/clip_000300.mp4,basket_2nd,1416.908,1417.508,passaggio,train
clip_000301,train/tiroDaDue0/clip_000301.mp4,basket_2nd,1420.492,1421.92,tiroDaDue0,train
clip_000302,train/passaggio/clip_000302.mp4,basket_2nd,1426.225,1426.702,passaggio,train
clip_000303,train/passaggio/clip_000303.mp4,basket_2nd,1428.347,1429.305,passaggio,train
clip_000304,train/passaggio/clip_000304.mp4,basket_2nd,1431.241,1432.008,passaggio,train
clip_000305,train/non-gioco/clip_000305.mp4,basket_2nd,1433.5948791101212,1436.5094651833886,non-gioco,train
clip_000306,train/idle/clip_000306.mp4,basket_2nd,1438.0842025948257,1438.585202594826,idle,train
clip_000307,train/non-gioco/clip_000307.mp4,basket_2nd,1439.051786908567,1441.2399928538139,non-gioco,train
clip_000308,train/non-gioco/clip_000308.mp4,basket_2nd,1446.97,1448.08,non-gioco,train
clip_000309,train/passaggio/clip_000309.mp4,basket_2nd,1451.122,1451.794,passaggio,train
clip_000310,train/idle/clip_000310.mp4,basket_2nd,1454.5924992151693,1456.1144992151692,idle,train
clip_000311,train/tiroDaDue1/clip_000311.mp4,basket_2nd,1456.752,1458.401,tiroDaDue1,train
clip_000312,train/passaggio/clip_000312.mp4,basket_2nd,1460.328,1460.5,passaggio,train
clip_000313,train/passaggio/clip_000313.mp4,basket_2nd,1470.794,1471.515,passaggio,train
clip_000314,train/passaggio/clip_000314.mp4,basket_2nd,1474.557,1474.97,passaggio,train
clip_000315,train/tiroDaDue0/clip_000315.mp4,basket_2nd,1477.779,1479.603,tiroDaDue0,train
clip_000316,train/passaggio/clip_000316.mp4,basket_2nd,1482.748,1483.271,passaggio,train
clip_000317,train/passaggio/clip_000317.mp4,basket_2nd,1487.218,1487.687,passaggio,train
clip_000318,train/tiroDaDue1/clip_000318.mp4,basket_2nd,1493.706,1495.103,tiroDaDue1,train
clip_000319,train/passaggio/clip_000319.mp4,basket_2nd,1496.802,1497.248,passaggio,train
clip_000320,train/idle/clip_000320.mp4,basket_2nd,1500.5736426948633,1502.3066426948635,idle,train
clip_000321,train/tiroDaDue1/clip_000321.mp4,basket_2nd,1506.721,1508.34,tiroDaDue1,train
clip_000322,train/passaggio/clip_000322.mp4,basket_2nd,1511.279,1511.645,passaggio,train
clip_000323,train/passaggio/clip_000323.mp4,basket_2nd,1518.168,1518.855,passaggio,train
clip_000324,train/passaggio/clip_000324.mp4,basket_2nd,1521.42,1521.943,passaggio,train
clip_000325,train/passaggio/clip_000325.mp4,basket_2nd,1526.057,1526.592,passaggio,train
clip_000326,train/idle/clip_000326.mp4,basket_2nd,1527.0931534494644,1527.5611534494642,idle,train
clip_000327,train/passaggio/clip_000327.mp4,basket_2nd,1528.103,1528.676,passaggio,train
clip_000328,train/tiroDaDue1/clip_000328.mp4,basket_2nd,1529.046,1530.012,tiroDaDue1,train
clip_000329,train/non-gioco/clip_000329.mp4,basket_2nd,1537.6362519088873,1540.7853404095217,non-gioco,train
clip_000330,train/non-gioco/clip_000330.mp4,basket_2nd,1551.0216548128428,1553.0794996633451,non-gioco,train
clip_000331,train/non-gioco/clip_000331.mp4,basket_2nd,1551.9228879234788,1553.4981747549703,non-gioco,train
clip_000332,train/non-gioco/clip_000332.mp4,basket_2nd,1552.409353135657,1553.7118636253276,non-gioco,train
clip_000333,train/non-gioco/clip_000333.mp4,basket_2nd,1560.629228051023,1562.1321057094972,non-gioco,train
clip_000334,train/idle/clip_000334.mp4,basket_2nd,1575.6712422504802,1576.1402422504802,idle,train
clip_000335,train/non-gioco/clip_000335.mp4,basket_2nd,1579.8747838294446,1581.9700340392308,non-gioco,train
clip_000336,train/non-gioco/clip_000336.mp4,basket_2nd,1586.6980580375255,1588.543271942894,non-gioco,train
clip_000337,train/non-gioco/clip_000337.mp4,basket_2nd,1591.1693315967912,1592.3468143118137,non-gioco,train
clip_000338,train/non-gioco/clip_000338.mp4,basket_2nd,1591.4571924940526,1594.945065885705,non-gioco,train
clip_000339,train/non-gioco/clip_000339.mp4,basket_2nd,1599.7334259811828,1602.0816662031314,non-gioco,train
clip_000340,train/non-gioco/clip_000340.mp4,basket_2nd,1613.7456687937465,1615.4083103660967,non-gioco,train
clip_000341,train/non-gioco/clip_000341.mp4,basket_2nd,1616.9551870796483,1618.5275415391761,non-gioco,train
clip_000342,train/idle/clip_000342.mp4,basket_2nd,1620.863979196348,1622.7289791963478,idle,train
clip_000343,train/idle/clip_000343.mp4,basket_2nd,1621.7897497878307,1622.2097497878308,idle,train
clip_000344,train/passaggio/clip_000344.mp4,basket_2nd,1630.524,1630.986,passaggio,train
clip_000345,train/passaggio/clip_000345.mp4,basket_2nd,1635.173,1635.759,passaggio,train
clip_000346,train/passaggio/clip_000346.mp4,basket_2nd,1636.124,1636.669,passaggio,train
clip_000347,train/tiroDaTre0/clip_000347.mp4,basket_2nd,1637.262,1639.048,tiroDaTre0,train
clip_000348,train/passaggio/clip_000348.mp4,basket_2nd,1640.297,1640.807,passaggio,train
clip_000349,train/passaggio/clip_000349.mp4,basket_2nd,1642.814,1643.621,passaggio,train
clip_000350,train/idle/clip_000350.mp4,basket_2nd,1644.5311926185193,1644.9011926185194,idle,train
clip_000351,train/passaggio/clip_000351.mp4,basket_2nd,1645.862,1646.297,passaggio,train
clip_000352,train/passaggio/clip_000352.mp4,basket_2nd,1647.455,1648.021,passaggio,train
clip_000353,train/passaggio/clip_000353.mp4,basket_2nd,1650.724,1651.173,passaggio,train
clip_000354,train/passaggio/clip_000354.mp4,basket_2nd,1653.476,1653.973,passaggio,train
clip_000355,train/tiroDaDue0/clip_000355.mp4,basket_2nd,1657.986,1659.248,tiroDaDue0,train
clip_000356,train/non-gioco/clip_000356.mp4,basket_2nd,1663.138954328453,1664.6745463468792,non-gioco,train
clip_000357,train/non-gioco/clip_000357.mp4,basket_2nd,1672.0832105690356,1673.6782221549581,non-gioco,train
clip_000358,train/idle/clip_000358.mp4,basket_2nd,1676.3159237272832,1676.9159237272836,idle,train
clip_000359,train/non-gioco/clip_000359.mp4,basket_2nd,1679.2,1680.28,non-gioco,train
clip_000360,train/idle/clip_000360.mp4,basket_2nd,1681.3838040525789,1681.9258040525792,idle,train
clip_000361,train/passaggio/clip_000361.mp4,basket_2nd,1684.131,1684.483,passaggio,train
clip_000362,train/passaggio/clip_000362.mp4,basket_2nd,1686.531,1687.2,passaggio,train
clip_000363,train/passaggio/clip_000363.mp4,basket_2nd,1688.517,1688.993,passaggio,train
clip_000364,train/tiroDaTre1/clip_000364.mp4,basket_2nd,1689.655,1691.683,tiroDaTre1,train
clip_000365,train/passaggio/clip_000365.mp4,basket_2nd,1693.283,1693.745,passaggio,train
clip_000366,train/passaggio/clip_000366.mp4,basket_2nd,1701.269,1701.8,passaggio,train
clip_000367,train/passaggio/clip_000367.mp4,basket_2nd,1703.579,1704.124,passaggio,train
clip_000368,train/passaggio/clip_000368.mp4,basket_2nd,1705.048,1705.655,passaggio,train
clip_000369,train/passaggio/clip_000369.mp4,basket_2nd,1707.917,1708.51,passaggio,train
clip_000370,train/idle/clip_000370.mp4,basket_2nd,1709.3202390637498,1710.1882390637497,idle,train
clip_000371,train/non-gioco/clip_000371.mp4,basket_2nd,1714.0590968183885,1717.3978824198402,non-gioco,train
clip_000372,train/non-gioco/clip_000372.mp4,basket_2nd,1719.97,1720.55,non-gioco,train
clip_000373,train/passaggio/clip_000373.mp4,basket_2nd,1724.91,1725.476,passaggio,train
clip_000374,train/passaggio/clip_000374.mp4,basket_2nd,1727.228,1727.8,passaggio,train
clip_000375,train/passaggio/clip_000375.mp4,basket_2nd,1729.855,1730.628,passaggio,train
clip_000376,train/tiroDaDue1/clip_000376.mp4,basket_2nd,1732.566,1734.393,tiroDaDue1,train
clip_000377,train/passaggio/clip_000377.mp4,basket_2nd,1735.4,1735.814,passaggio,train
clip_000378,train/idle/clip_000378.mp4,basket_2nd,1737.0580254396332,1738.4550254396331,idle,train
clip_000379,train/passaggio/clip_000379.mp4,basket_2nd,1743.248,1744.014,passaggio,train
clip_000380,train/idle/clip_000380.mp4,basket_2nd,1749.4233667820574,1751.1733667820574,idle,train
clip_000381,train/non-gioco/clip_000381.mp4,basket_2nd,1757.0125667984075,1760.4729798268224,non-gioco,train
clip_000382,train/non-gioco/clip_000382.mp4,basket_2nd,1764.3991396257243,1767.4178821201408,non-gioco,train
clip_000383,train/non-gioco/clip_000383.mp4,basket_2nd,1769.014880845881,1772.1690621867629,non-gioco,train
clip_000384,train/non-gioco/clip_000384.mp4,basket_2nd,1771.7029090238318,1773.7576131234177,non-gioco,train
clip_000385,train/non-gioco/clip_000385.mp4,basket_2nd,1776.6276777057226,1778.6342309109782,non-gioco,train
clip_000386,train/idle/clip_000386.mp4,basket_2nd,1780.823634509277,1781.213634509277,idle,train
clip_000387,train/non-gioco/clip_000387.mp4,basket_2nd,1784.3736355152903,1785.6159625508624,non-gioco,train
clip_000388,train/non-gioco/clip_000388.mp4,basket_2nd,1785.7021042486463,1787.1776265197484,non-gioco,train
clip_000389,train/non-gioco/clip_000389.mp4,basket_2nd,1786.9276787169492,1788.986625274499,non-gioco,train
clip_000390,train/non-gioco/clip_000390.mp4,basket_2nd,1803.0821667062933,1805.904856329943,non-gioco,train
clip_000391,train/non-gioco/clip_000391.mp4,basket_2nd,1812.4876557514447,1814.669333317224,non-gioco,train
clip_000392,train/idle/clip_000392.mp4,basket_2nd,1830.7432380720209,1831.393238072021,idle,train
clip_000393,train/passaggio/clip_000393.mp4,basket_2nd,1847.814,1848.097,passaggio,train
clip_000394,train/passaggio/clip_000394.mp4,basket_2nd,1848.513,1848.841,passaggio,train
clip_000395,train/idle/clip_000395.mp4,basket_2nd,1849.434860251725,1849.982860251725,idle,train
clip_000396,train/passaggio/clip_000396.mp4,basket_2nd,1850.496,1850.735,passaggio,train
clip_000397,train/passaggio/clip_000397.mp4,basket_2nd,1856.062,1856.513,passaggio,train
clip_000398,train/tiroDaTre1/clip_000398.mp4,basket_2nd,1857.39,1859.204,tiroDaTre1,train
clip_000399,train/passaggio/clip_000399.mp4,basket_2nd,1863.372,1863.788,passaggio,train
clip_000400,train/idle/clip_000400.mp4,basket_2nd,1865.8543337817246,1867.3743337817245,idle,train
clip_000401,train/non-gioco/clip_000401.mp4,basket_2nd,1881.2507292207285,1882.8752453404338,non-gioco,train
clip_000402,train/passaggio/clip_000402.mp4,basket_2nd,1883.513,1884.053,passaggio,train
clip_000403,train/passaggio/clip_000403.mp4,basket_2nd,1894.372,1894.885,passaggio,train
clip_000404,train/passaggio/clip_000404.mp4,basket_2nd,1896.044,1896.664,passaggio,train
clip_000405,train/tiroDaDue1/clip_000405.mp4,basket_2nd,1897.974,1898.965,tiroDaDue1,train
clip_000406,train/non-gioco/clip_000406.mp4,basket_2nd,1899.726,1900.301,non-gioco,train
clip_000407,train/non-gioco/clip_000407.mp4,basket_2nd,1900.301,1901.018,non-gioco,train
clip_000408,train/idle/clip_000408.mp4,basket_2nd,1901.3802005618666,1901.9502005618665,idle,train
clip_000409,train/idle/clip_000409.mp4,basket_2nd,1911.1149230025007,1911.6049230025005,idle,train
clip_000410,train/passaggio/clip_000410.mp4,basket_2nd,1914.929,1915.336,passaggio,train
clip_000411,train/non-gioco/clip_000411.mp4,basket_2nd,1920.5293947026462,1922.9052079837709,non-gioco,train
clip_000412,train/non-gioco/clip_000412.mp4,basket_2nd,1933.9898623745562,1937.488068545588,non-gioco,train
clip_000413,train/non-gioco/clip_000413.mp4,basket_2nd,1935.6232424802856,1937.7310693429192,non-gioco,train
clip_000414,train/passaggio/clip_000414.mp4,basket_2nd,1941.637,1941.982,passaggio,train
clip_000415,train/passaggio/clip_000415.mp4,basket_2nd,1945.204,1945.558,passaggio,train
clip_000416,train/tiroDaDue0/clip_000416.mp4,basket_2nd,1949.089,1949.761,tiroDaDue0,train
clip_000417,train/non-gioco/clip_000417.mp4,basket_2nd,1953.360425207113,1956.4821645431487,non-gioco,train
clip_000418,train/non-gioco/clip_000418.mp4,basket_2nd,1954.5708102041795,1956.7849130178063,non-gioco,train
clip_000419,train/idle/clip_000419.mp4,basket_2nd,1958.443088862666,1958.933088862666,idle,train
clip_000420,train/idle/clip_000420.mp4,basket_2nd,1963.4897373689782,1964.1797373689783,idle,train
clip_000421,train/idle/clip_000421.mp4,basket_2nd,1968.5239396544432,1969.3409396544432,idle,train
clip_000422,train/non-gioco/clip_000422.mp4,basket_2nd,1969.366974367358,1972.7894650105698,non-gioco,train
clip_000423,train/tiroLibero0/clip_000423.mp4,basket_2nd,1976.451,1977.85,tiroLibero0,train
clip_000424,train/non-gioco/clip_000424.mp4,basket_2nd,1978.345,1981.336,non-gioco,train
clip_000425,train/idle/clip_000425.mp4,basket_2nd,1985.624370649854,1985.997370649854,idle,train
clip_000426,train/tiroLibero1/clip_000426.mp4,basket_2nd,1987.699,1988.982,tiroLibero1,train
clip_000427,train/passaggio/clip_000427.mp4,basket_2nd,1990.593,1990.956,passaggio,train
clip_000428,train/idle/clip_000428.mp4,basket_2nd,1995.7620576962215,1996.2040576962215,idle,train
clip_000429,train/idle/clip_000429.mp4,basket_2nd,1999.5535394597212,1999.7455394597212,idle,train
clip_000430,train/passaggio/clip_000430.mp4,basket_2nd,2003.283,2003.752,passaggio,train
clip_000431,train/tiroDaDue0/clip_000431.mp4,basket_2nd,2005.823,2006.637,tiroDaDue0,train
clip_000432,train/tiroDaDue0/clip_000432.mp4,basket_2nd,2012.593,2013.682,tiroDaDue0,train
clip_000433,train/tiroDaDue0/clip_000433.mp4,basket_2nd,2018.522,2019.39,tiroDaDue0,train
clip_000434,train/non-gioco/clip_000434.mp4,basket_2nd,2021.0497707948293,2023.052371526203,non-gioco,train
clip_000435,train/idle/clip_000435.mp4,basket_2nd,2026.5956735365544,2026.9756735365545,idle,train
clip_000436,train/non-gioco/clip_000436.mp4,basket_2nd,2031.381,2032.159,non-gioco,train
clip_000437,train/passaggio/clip_000437.mp4,basket_2nd,2033.602,2034.0,passaggio,train
clip_000438,train/tiroDaDue0/clip_000438.mp4,basket_2nd,2034.69,2036.186,tiroDaDue0,train
clip_000439,train/passaggio/clip_000439.mp4,basket_2nd,2037.929,2038.416,passaggio,train
clip_000440,train/passaggio/clip_000440.mp4,basket_2nd,2047.522,2047.841,passaggio,train
clip_000441,train/tiroDaDue0/clip_000441.mp4,basket_2nd,2049.31,2049.77,tiroDaDue0,train
clip_000442,train/idle/clip_000442.mp4,basket_2nd,2050.6534231021933,2051.0134231021934,idle,train
clip_000443,train/non-gioco/clip_000443.mp4,basket_2nd,2065.3414137420236,2067.004421387454,non-gioco,train
clip_000444,train/non-gioco/clip_000444.mp4,basket_2nd,2068.4465965281256,2070.3940293255678,non-gioco,train
clip_000445,train/passaggio/clip_000445.mp4,basket_2nd,2076.699,2077.106,passaggio,train
clip_000446,train/passaggio/clip_000446.mp4,basket_2nd,2082.46,2082.805,passaggio,train
clip_000447,train/passaggio/clip_000447.mp4,basket_2nd,2083.991,2084.39,passaggio,train
clip_000448,train/non-gioco/clip_000448.mp4,basket_2nd,2086.991,2088.602,non-gioco,train
clip_000449,train/non-gioco/clip_000449.mp4,basket_2nd,2091.2053907239083,2093.3429116422562,non-gioco,train
clip_000450,train/idle/clip_000450.mp4,basket_2nd,2099.7069705638623,2100.0239705638623,idle,train
clip_000451,train/idle/clip_000451.mp4,basket_2nd,2103.755240761588,2104.135240761588,idle,train
clip_000452,train/passaggio/clip_000452.mp4,basket_2nd,2110.788,2111.009,passaggio,train
clip_000453,train/passaggio/clip_000453.mp4,basket_2nd,2112.593,2112.947,passaggio,train
clip_000454,train/tiroDaTre0/clip_000454.mp4,basket_2nd,2114.151,2115.699,tiroDaTre0,train
clip_000455,train/passaggio/clip_000455.mp4,basket_2nd,2118.69,2119.221,passaggio,train
clip_000456,train/tiroDaDue0/clip_000456.mp4,basket_2nd,2122.699,2123.629,tiroDaDue0,train
clip_000457,train/idle/clip_000457.mp4,basket_2nd,2128.9988626611735,2129.9288626611733,idle,train
clip_000458,train/non-gioco/clip_000458.mp4,basket_2nd,2134.135000727819,2136.5244215363327,non-gioco,train
clip_000459,train/non-gioco/clip_000459.mp4,basket_2nd,2137.1204582521495,2140.5137523542985,non-gioco,train
clip_000460,train/tiroLibero1/clip_000460.mp4,basket_2nd,2141.77,2143.009,tiroLibero1,train
clip_000461,train/non-gioco/clip_000461.mp4,basket_2nd,2144.593152587295,2145.9801446504803,non-gioco,train
clip_000462,train/tiroLibero0/clip_000462.mp4,basket_2nd,2153.044,2154.186,tiroLibero0,train
clip_000463,train/passaggio/clip_000463.mp4,basket_2nd,2156.602,2157.08,passaggio,train
clip_000464,train/passaggio/clip_000464.mp4,basket_2nd,2163.168,2163.699,passaggio,train
clip_000465,train/tiroDaDue1/clip_000465.mp4,basket_2nd,2165.806,2167.903,tiroDaDue1,train
clip_000466,train/passaggio/clip_000466.mp4,basket_2nd,2179.452,2179.664,passaggio,train
clip_000467,train/passaggio/clip_000467.mp4,basket_2nd,2182.434,2182.85,passaggio,train
clip_000468,train/tiroDaDue0/clip_000468.mp4,basket_2nd,2184.08,2184.903,tiroDaDue0,train
clip_000469,train/passaggio/clip_000469.mp4,basket_2nd,2187.363,2187.814,passaggio,train
clip_000470,train/passaggio/clip_000470.mp4,basket_2nd,2196.31,2197.354,passaggio,train
clip_000471,train/tiroDaDue1/clip_000471.mp4,basket_2nd,2208.85,2209.956,tiroDaDue1,train
clip_000472,train/idle/clip_000472.mp4,basket_2nd,2218.0731361617454,2218.4941361617457,idle,train
clip_000473,train/non-gioco/clip_000473.mp4,basket_2nd,2221.9634381856117,2223.551447923114,non-gioco,train
clip_000474,train/idle/clip_000474.mp4,basket_2nd,2226.712639810377,2226.924639810377,idle,train
clip_000475,train/non-gioco/clip_000475.mp4,basket_2nd,2227.013832856345,2228.2141115194463,non-gioco,train
clip_000476,train/non-gioco/clip_000476.mp4,basket_2nd,2231.0980273808404,2234.323745666164,non-gioco,train
clip_000477,train/non-gioco/clip_000477.mp4,basket_2nd,2255.578026538329,2258.999799950752,non-gioco,train
clip_000478,train/non-gioco/clip_000478.mp4,basket_2nd,2257.2774181281598,2258.4203313104285,non-gioco,train
clip_000479,train/idle/clip_000479.mp4,basket_2nd,2259.814290047746,2260.3042900477462,idle,train
clip_000480,train/idle/clip_000480.mp4,basket_2nd,2261.5846417210073,2262.7306417210075,idle,train
clip_000481,train/non-gioco/clip_000481.mp4,basket_2nd,2263.2831348443524,2265.7707226104776,non-gioco,train
clip_000482,train/non-gioco/clip_000482.mp4,basket_2nd,2268.810092539165,2271.1655805426008,non-gioco,train
clip_000483,train/non-gioco/clip_000483.mp4,basket_2nd,2276.721774835571,2278.97890079287,non-gioco,train
clip_000484,train/idle/clip_000484.mp4,basket_2nd,2279.9617394658017,2280.663739465802,idle,train
clip_000485,train/non-gioco/clip_000485.mp4,basket_2nd,2285.6376000831233,2287.031181902972,non-gioco,train
clip_000486,train/tiroLibero1/clip_000486.mp4,basket_2nd,2294.221,2295.513,tiroLibero1,train
clip_000487,train/non-gioco/clip_000487.mp4,basket_2nd,2307.9264230778795,2309.974485366219,non-gioco,train
clip_000488,train/non-gioco/clip_000488.mp4,basket_2nd,2308.326711985593,2310.813009869427,non-gioco,train
clip_000489,train/non-gioco/clip_000489.mp4,basket_2nd,2314.287710883277,2316.5946676721073,non-gioco,train
clip_000490,train/idle/clip_000490.mp4,basket_2nd,2321.6411029349997,2322.711102935,idle,train
clip_000491,train/passaggio/clip_000491.mp4,basket_2nd,2323.372,2323.797,passaggio,train
clip_000492,train/passaggio/clip_000492.mp4,basket_2nd,2324.912,2325.204,passaggio,train
clip_000493,train/passaggio/clip_000493.mp4,basket_2nd,2327.717,2328.168,passaggio,train
clip_000494,train/tiroDaTre0/clip_000494.mp4,basket_2nd,2330.345,2332.204,tiroDaTre0,train
clip_000495,train/tiroDaDue0/clip_000495.mp4,basket_2nd,2334.133,2335.452,tiroDaDue0,train
clip_000496,train/non-gioco/clip_000496.mp4,basket_2nd,2344.8594131934083,2346.370061191967,non-gioco,train
clip_000497,train/idle/clip_000497.mp4,basket_2nd,2347.606984296273,2348.040984296273,idle,train
clip_000498,train/idle/clip_000498.mp4,basket_2nd,2349.190721354729,2349.6207213547286,idle,train
clip_000499,train/passaggio/clip_000499.mp4,basket_2nd,2360.752,2361.089,passaggio,train
clip_000500,train/tiroDaDue0/clip_000500.mp4,basket_2nd,2367.239,2367.797,tiroDaDue0,train
clip_000501,train/non-gioco/clip_000501.mp4,basket_2nd,2374.0802731468,2376.7594987042003,non-gioco,train
clip_000502,train/non-gioco/clip_000502.mp4,basket_2nd,2376.4501406748445,2378.0468555563843,non-gioco,train
clip_000503,train/non-gioco/clip_000503.mp4,basket_2nd,2383.906863997049,2385.697306987729,non-gioco,train
clip_000504,train/tiroLibero1/clip_000504.mp4,basket_2nd,2397.381,2399.027,tiroLibero1,train
clip_000505,train/non-gioco/clip_000505.mp4,basket_2nd,2401.25539411954,2402.4367519057732,non-gioco,train
clip_000506,train/tiroLibero1/clip_000506.mp4,basket_2nd,2409.602,2411.301,tiroLibero1,train
clip_000507,train/non-gioco/clip_000507.mp4,basket_2nd,2414.1454000146487,2416.7803408089253,non-gioco,train
clip_000508,train/non-gioco/clip_000508.mp4,basket_2nd,2426.5303424483704,2428.4541601702176,non-gioco,train
clip_000509,train/non-gioco/clip_000509.mp4,basket_2nd,2431.263279706181,2432.4464315089303,non-gioco,train
clip_000510,train/non-gioco/clip_000510.mp4,basket_2nd,2437.8900698739662,2440.932830211755,non-gioco,train
clip_000511,train/idle/clip_000511.mp4,basket_2nd,2443.601584970725,2443.9345849707247,idle,train
clip_000512,train/non-gioco/clip_000512.mp4,basket_2nd,2470.7806338878468,2473.864996274446,non-gioco,train
clip_000513,train/idle/clip_000513.mp4,basket_2nd,2482.01528507732,2482.5052850773204,idle,train
clip_000514,train/idle/clip_000514.mp4,basket_2nd,2482.504431371283,2484.234431371283,idle,train
clip_000515,train/non-gioco/clip_000515.mp4,basket_2nd,2484.983374757264,2488.18553519148,non-gioco,train
clip_000516,train/non-gioco/clip_000516.mp4,basket_2nd,2490.3437717560228,2493.002243543438,non-gioco,train
clip_000517,train/non-gioco/clip_000517.mp4,basket_2nd,2490.808739830301,2492.471740867177,non-gioco,train
clip_000518,train/non-gioco/clip_000518.mp4,basket_2nd,2494.1876806089604,2497.6838167110964,non-gioco,train
clip_000519,train/non-gioco/clip_000519.mp4,basket_2nd,2494.42435336138,2496.953547775695,non-gioco,train
clip_000520,train/passaggio/clip_000520.mp4,basket_2nd,2506.637,2507.053,passaggio,train
clip_000521,train/idle/clip_000521.mp4,basket_2nd,2508.0567369522637,2508.644736952264,idle,train
clip_000522,train/idle/clip_000522.mp4,basket_2nd,2508.9601348530164,2509.3301348530163,idle,train
clip_000523,train/passaggio/clip_000523.mp4,basket_2nd,2509.956,2510.319,passaggio,train
clip_000524,train/tiroDaDue1/clip_000524.mp4,basket_2nd,2513.876,2516.018,tiroDaDue1,train
clip_000525,train/passaggio/clip_000525.mp4,basket_2nd,2518.292,2518.912,passaggio,train
clip_000526,train/passaggio/clip_000526.mp4,basket_2nd,2519.151,2519.708,passaggio,train
clip_000527,train/idle/clip_000527.mp4,basket_2nd,2524.119025135186,2524.8190251351857,idle,train
clip_000528,train/passaggio/clip_000528.mp4,basket_2nd,2527.416,2527.929,passaggio,train
clip_000529,train/tiroDaDue0/clip_000529.mp4,basket_2nd,2536.894,2538.611,tiroDaDue0,train
clip_000530,train/passaggio/clip_000530.mp4,basket_2nd,2543.062,2543.345,passaggio,train
clip_000531,train/tiroDaTre0/clip_000531.mp4,basket_2nd,2544.611,2546.044,tiroDaTre0,train
clip_000532,train/passaggio/clip_000532.mp4,basket_2nd,2547.31,2547.726,passaggio,train
clip_000533,train/tiroDaDue0/clip_000533.mp4,basket_2nd,2558.292,2559.168,tiroDaDue0,train
clip_000534,train/non-gioco/clip_000534.mp4,basket_2nd,2563.845660955798,2565.1813887417816,non-gioco,train
clip_000535,train/non-gioco/clip_000535.mp4,basket_2nd,2573.197125796286,2574.4647157405593,non-gioco,train
clip_000536,train/non-gioco/clip_000536.mp4,basket_2nd,2574.048561756757,2575.729432287544,non-gioco,train
clip_000537,train/idle/clip_000537.mp4,basket_2nd,2578.63539243726,2579.1043924372602,idle,train
clip_000538,train/passaggio/clip_000538.mp4,basket_2nd,2584.752,2585.098,passaggio,train
clip_000539,train/non-gioco/clip_000539.mp4,basket_2nd,2589.797,2590.434,non-gioco,train
clip_000542,train/idle/clip_000542.mp4,basket_2nd,2612.7476025027777,2613.1976025027775,idle,train
clip_000543,train/passaggio/clip_000543.mp4,basket_2nd,2619.177,2619.823,passaggio,train
clip_000544,train/tiroDaDue0/clip_000544.mp4,basket_2nd,2620.115,2621.39,tiroDaDue0,train
clip_000545,train/idle/clip_000545.mp4,basket_2nd,2623.141241244697,2623.541241244697,idle,train
clip_000546,train/tiroDaDue1/clip_000546.mp4,basket_2nd,2625.744,2626.903,tiroDaDue1,train
clip_000547,train/passaggio/clip_000547.mp4,basket_2nd,2628.735,2629.124,passaggio,train
clip_000548,train/passaggio/clip_000548.mp4,basket_2nd,2634.062,2634.434,passaggio,train
clip_000549,train/passaggio/clip_000549.mp4,basket_2nd,2644.983,2645.292,passaggio,train
clip_000550,train/passaggio/clip_000550.mp4,basket_2nd,2646.071,2646.292,passaggio,train
clip_000551,train/tiroDaTre0/clip_000551.mp4,basket_2nd,2648.814,2650.514,tiroDaTre0,train
clip_000552,train/non-gioco/clip_000552.mp4,basket_2nd,2660.863021451805,2663.0843510821783,non-gioco,train
clip_000553,train/idle/clip_000553.mp4,basket_2nd,2668.3680510989416,2668.7660510989417,idle,train
clip_000554,train/passaggio/clip_000554.mp4,basket_2nd,2674.558,2675.425,passaggio,train
clip_000555,train/tiroDaTre1/clip_000555.mp4,basket_2nd,2676.142,2677.912,tiroDaTre1,train
clip_000556,train/non-gioco/clip_000556.mp4,basket_2nd,2678.186,2680.328,non-gioco,train
clip_000557,train/passaggio/clip_000557.mp4,basket_2nd,2681.912,2682.443,passaggio,train
clip_000558,train/passaggio/clip_000558.mp4,basket_2nd,2682.708,2683.044,passaggio,train
clip_000559,train/passaggio/clip_000559.mp4,basket_2nd,2690.611,2691.018,passaggio,train
clip_000560,train/passaggio/clip_000560.mp4,basket_2nd,2694.354,2694.735,passaggio,train
clip_000561,train/passaggio/clip_000561.mp4,basket_2nd,2695.531,2695.77,passaggio,train
clip_000562,train/passaggio/clip_000562.mp4,basket_2nd,2699.098,2699.584,passaggio,train
clip_000563,train/idle/clip_000563.mp4,basket_2nd,2701.702291070002,2702.151291070002,idle,train
clip_000564,train/non-gioco/clip_000564.mp4,basket_2nd,2702.2291806924536,2705.344439975691,non-gioco,train
clip_000565,train/non-gioco/clip_000565.mp4,basket_2nd,2704.8890418306737,2706.947981262083,non-gioco,train
clip_000566,train/passaggio/clip_000566.mp4,basket_2nd,2724.62,2724.947,passaggio,train
clip_000567,train/passaggio/clip_000567.mp4,basket_2nd,2729.443,2729.823,passaggio,train
clip_000568,train/passaggio/clip_000568.mp4,basket_2nd,2731.611,2731.814,passaggio,train
clip_000569,train/passaggio/clip_000569.mp4,basket_2nd,2734.779,2735.186,passaggio,train
clip_000570,train/non-gioco/clip_000570.mp4,basket_2nd,2738.641957592368,2741.2347410356215,non-gioco,train
clip_000571,train/idle/clip_000571.mp4,basket_2nd,2744.7828125904034,2745.1128125904033,idle,train
clip_000572,train/non-gioco/clip_000572.mp4,basket_2nd,2746.545726232644,2747.5545904553633,non-gioco,train
clip_000573,train/non-gioco/clip_000573.mp4,basket_2nd,2750.921,2752.345,non-gioco,train
clip_000574,train/passaggio/clip_000574.mp4,basket_2nd,2754.354,2754.797,passaggio,train
clip_000575,train/non-gioco/clip_000575.mp4,basket_2nd,2763.0152193260146,2765.8682965968846,non-gioco,train
clip_000576,train/non-gioco/clip_000576.mp4,basket_2nd,2767.779,2768.717,non-gioco,train
clip_000577,train/passaggio/clip_000577.mp4,basket_2nd,2768.859,2769.372,passaggio,train
clip_000578,train/passaggio/clip_000578.mp4,basket_2nd,2770.133,2770.629,passaggio,train
clip_000579,train/tiroDaTre1/clip_000579.mp4,basket_2nd,2774.496,2775.956,tiroDaTre1,train
clip_000580,train/passaggio/clip_000580.mp4,basket_2nd,2777.779,2778.115,passaggio,train
clip_000581,train/idle/clip_000581.mp4,basket_2nd,2781.6855160927867,2782.1855160927867,idle,train
clip_000582,train/passaggio/clip_000582.mp4,basket_2nd,2784.646,2785.053,passaggio,train
clip_000583,train/tiroDaTre0/clip_000583.mp4,basket_2nd,2792.381,2793.894,tiroDaTre0,train
clip_000584,train/passaggio/clip_000584.mp4,basket_2nd,2795.505,2796.071,passaggio,train
clip_000585,train/non-gioco/clip_000585.mp4,basket_2nd,2807.0601322548764,2809.129349552328,non-gioco,train
clip_000586,train/non-gioco/clip_000586.mp4,basket_2nd,2821.4928469013257,2824.7526683302253,non-gioco,train
clip_000587,train/non-gioco/clip_000587.mp4,basket_2nd,2822.588870498229,2825.675358047944,non-gioco,train
clip_000588,train/non-gioco/clip_000588.mp4,basket_2nd,2832.4191831263647,2833.607292776549,non-gioco,train
clip_000589,train/passaggio/clip_000589.mp4,basket_2nd,2839.965,2840.46,passaggio,train
clip_000590,train/passaggio/clip_000590.mp4,basket_2nd,2842.328,2842.655,passaggio,train
clip_000591,train/passaggio/clip_000591.mp4,basket_2nd,2846.248,2846.584,passaggio,train
clip_000592,train/idle/clip_000592.mp4,basket_2nd,2847.4045617334623,2847.974561733462,idle,train
clip_000593,train/tiroDaDue0/clip_000593.mp4,basket_2nd,2849.018,2849.319,tiroDaDue0,train
clip_000594,train/non-gioco/clip_000594.mp4,basket_2nd,2851.7165063872244,2853.086740851143,non-gioco,train
clip_000595,train/non-gioco/clip_000595.mp4,basket_2nd,2860.0832063941584,2861.8538522689837,non-gioco,train
clip_000596,train/non-gioco/clip_000596.mp4,basket_2nd,2862.956,2863.584,non-gioco,train
clip_000597,train/tiroLibero1/clip_000597.mp4,basket_2nd,2868.275,2869.797,tiroLibero1,train
clip_000598,train/non-gioco/clip_000598.mp4,basket_2nd,2869.921,2874.478,non-gioco,train
clip_000599,train/tiroLibero1/clip_000599.mp4,basket_2nd,2877.567,2879.62,tiroLibero1,train
clip_000600,train/non-gioco/clip_000600.mp4,basket_2nd,2879.859,2881.266,non-gioco,train
clip_000601,train/passaggio/clip_000601.mp4,basket_2nd,2881.691,2882.275,passaggio,train
clip_000602,train/passaggio/clip_000602.mp4,basket_2nd,2890.806,2891.168,passaggio,train
clip_000603,train/tiroDaDue1/clip_000603.mp4,basket_2nd,2894.39,2895.522,tiroDaDue1,train
clip_000604,train/passaggio/clip_000604.mp4,basket_2nd,2897.283,2897.735,passaggio,train
clip_000605,train/passaggio/clip_000605.mp4,basket_2nd,2902.788,2903.044,passaggio,train
clip_000606,train/passaggio/clip_000606.mp4,basket_2nd,2904.637,2905.186,passaggio,train
clip_000607,train/idle/clip_000607.mp4,basket_2nd,2907.1341287148302,2907.3741287148305,idle,train
clip_000608,train/tiroDaDue0/clip_000608.mp4,basket_2nd,2908.434,2909.221,tiroDaDue0,train
clip_000609,train/idle/clip_000609.mp4,basket_2nd,2911.495312042828,2911.865312042828,idle,train
clip_000610,train/passaggio/clip_000610.mp4,basket_2nd,2913.876,2914.514,passaggio,train
clip_000611,train/passaggio/clip_000611.mp4,basket_2nd,2923.062,2923.469,passaggio,train
clip_000612,train/tiroDaDue1/clip_000612.mp4,basket_2nd,2927.354,2928.469,tiroDaDue1,train
clip_000613,train/non-gioco/clip_000613.mp4,basket_2nd,2930.5557049695444,2932.179529317602,non-gioco,train
clip_000614,train/non-gioco/clip_000614.mp4,basket_2nd,2932.3455205247537,2935.59283211607,non-gioco,train
clip_000615,train/non-gioco/clip_000615.mp4,basket_2nd,2944.4332917863567,2947.4235975485767,non-gioco,train
clip_000616,train/tiroLibero1/clip_000616.mp4,basket_2nd,2954.239,2955.682,tiroLibero1,train
clip_000617,train/passaggio/clip_000617.mp4,basket_2nd,2957.089,2957.54,passaggio,train
clip_000618,train/passaggio/clip_000618.mp4,basket_2nd,2958.319,2958.664,passaggio,train
clip_000619,train/idle/clip_000619.mp4,basket_2nd,2964.32056262944,2966.1305626294397,idle,train
clip_000620,train/passaggio/clip_000620.mp4,basket_2nd,2967.637,2968.106,passaggio,train
clip_000621,train/tiroDaDue0/clip_000621.mp4,basket_2nd,2971.496,2971.814,tiroDaDue0,train
clip_000622,train/idle/clip_000622.mp4,basket_2nd,2973.121379481457,2974.821379481457,idle,train
clip_000623,train/non-gioco/clip_000623.mp4,basket_2nd,2979.1464110257066,2982.0967016303853,non-gioco,train
clip_000624,train/non-gioco/clip_000624.mp4,basket_2nd,2982.974,2983.85,non-gioco,train
clip_000625,train/passaggio/clip_000625.mp4,basket_2nd,2984.699,2985.133,passaggio,train
clip_000626,train/idle/clip_000626.mp4,basket_2nd,2986.2027017782125,2988.0507017782124,idle,train
clip_000627,train/passaggio/clip_000627.mp4,basket_2nd,2988.841,2989.248,passaggio,train
clip_000628,train/non-gioco/clip_000628.mp4,basket_2nd,2996.2347575732383,2998.2507010478184,non-gioco,train
clip_000629,train/non-gioco/clip_000629.mp4,basket_2nd,3001.991,3003.54,non-gioco,train
clip_000630,train/idle/clip_000630.mp4,basket_2nd,3005.689237275097,3006.1562372750977,idle,train
clip_000631,train/tiroLibero0/clip_000631.mp4,basket_2nd,3008.788,3010.434,tiroLibero0,train
clip_000632,train/non-gioco/clip_000632.mp4,basket_2nd,3010.876,3015.602,non-gioco,train
clip_000633,train/tiroLibero0/clip_000633.mp4,basket_2nd,3019.77,3020.965,tiroLibero0,train
clip_000634,train/passaggio/clip_000634.mp4,basket_2nd,3023.036,3024.009,passaggio,train
clip_000635,train/passaggio/clip_000635.mp4,basket_2nd,3028.407,3029.018,passaggio,train
clip_000636,train/passaggio/clip_000636.mp4,basket_2nd,3031.124,3031.567,passaggio,train
clip_000637,train/passaggio/clip_000637.mp4,basket_2nd,3032.938,3033.257,passaggio,train
clip_000638,train/passaggio/clip_000638.mp4,basket_2nd,3034.912,3035.301,passaggio,train
clip_000639,train/idle/clip_000639.mp4,basket_2nd,3038.5496575319007,3038.956657531901,idle,train
clip_000640,train/passaggio/clip_000640.mp4,basket_2nd,3042.248,3042.602,passaggio,train
clip_000641,train/tiroDaDue0/clip_000641.mp4,basket_2nd,3044.974,3046.204,tiroDaDue0,train
clip_000642,train/passaggio/clip_000642.mp4,basket_2nd,3051.133,3051.407,passaggio,train
clip_000643,train/tiroDaTre1/clip_000643.mp4,basket_2nd,3052.761,3054.407,tiroDaTre1,train
clip_000644,train/non-gioco/clip_000644.mp4,basket_2nd,3065.0479680466083,3068.016404319447,non-gioco,train
clip_000645,train/non-gioco/clip_000645.mp4,basket_2nd,3076.024342236263,3079.0127059841448,non-gioco,train
clip_000646,train/non-gioco/clip_000646.mp4,basket_2nd,3079.616335730048,3082.643209021484,non-gioco,train
clip_000647,train/non-gioco/clip_000647.mp4,basket_2nd,3083.4087087589573,3085.5594668456547,non-gioco,train
clip_000648,train/idle/clip_000648.mp4,basket_2nd,3113.5676738892553,3114.2646738892554,idle,train
clip_000649,train/non-gioco/clip_000649.mp4,basket_2nd,3124.2025628705646,3125.2645287753103,non-gioco,train
clip_000650,train/non-gioco/clip_000650.mp4,basket_2nd,3131.30491122877,3132.8609955226343,non-gioco,train
clip_000651,train/non-gioco/clip_000651.mp4,basket_2nd,3133.8296126927025,3137.0100296499677,non-gioco,train
clip_000652,train/non-gioco/clip_000652.mp4,basket_2nd,3134.4822293246402,3137.487817171983,non-gioco,train
clip_000653,train/non-gioco/clip_000653.mp4,basket_2nd,3136.0572752228995,3139.0842045227505,non-gioco,train
clip_000654,train/idle/clip_000654.mp4,basket_2nd,3141.1500485683378,3141.4670485683378,idle,train
clip_000655,train/non-gioco/clip_000655.mp4,basket_2nd,3141.7074394719125,3143.5379031417788,non-gioco,train
clip_000656,train/non-gioco/clip_000656.mp4,basket_2nd,3142.033411713925,3143.4197950597554,non-gioco,train
clip_000657,train/non-gioco/clip_000657.mp4,basket_2nd,3144.6306388029766,3147.7921530435265,non-gioco,train
clip_000658,train/non-gioco/clip_000658.mp4,basket_2nd,3149.974,3151.239,non-gioco,train
clip_000659,train/passaggio/clip_000659.mp4,basket_2nd,3151.549,3151.929,passaggio,train
clip_000660,train/passaggio/clip_000660.mp4,basket_2nd,3157.098,3157.345,passaggio,train
clip_000661,train/passaggio/clip_000661.mp4,basket_2nd,3159.549,3159.903,passaggio,train
clip_000662,train/passaggio/clip_000662.mp4,basket_2nd,3161.009,3161.691,passaggio,train
clip_000663,train/tiroDaDue0/clip_000663.mp4,basket_2nd,3163.505,3164.876,tiroDaDue0,train
clip_000664,train/passaggio/clip_000664.mp4,basket_2nd,3168.372,3168.646,passaggio,train
clip_000665,train/passaggio/clip_000665.mp4,basket_2nd,3169.531,3169.77,passaggio,train
clip_000666,train/passaggio/clip_000666.mp4,basket_2nd,3175.744,3176.053,passaggio,train
clip_000667,train/tiroDaTre0/clip_000667.mp4,basket_2nd,3176.921,3178.363,tiroDaTre0,train
clip_000668,train/passaggio/clip_000668.mp4,basket_2nd,3180.575,3180.885,passaggio,train
clip_000669,train/passaggio/clip_000669.mp4,basket_2nd,3181.894,3182.124,passaggio,train
clip_000670,train/idle/clip_000670.mp4,basket_2nd,3183.3252450915325,3184.992245091533,idle,train
clip_000671,train/non-gioco/clip_000671.mp4,basket_2nd,3185.0157773917467,3186.0749384785004,non-gioco,train
clip_000672,train/non-gioco/clip_000672.mp4,basket_2nd,3190.983,3191.443,non-gioco,train
clip_000673,train/passaggio/clip_000673.mp4,basket_2nd,3192.0,3192.319,passaggio,train
clip_000674,train/passaggio/clip_000674.mp4,basket_2nd,3193.345,3193.664,passaggio,train
clip_000675,train/passaggio/clip_000675.mp4,basket_2nd,3198.558,3198.841,passaggio,train
clip_000676,train/passaggio/clip_000676.mp4,basket_2nd,3200.363,3200.664,passaggio,train
clip_000677,train/passaggio/clip_000677.mp4,basket_2nd,3202.478,3202.912,passaggio,train
clip_000678,train/passaggio/clip_000678.mp4,basket_2nd,3204.956,3205.257,passaggio,train
clip_000679,train/passaggio/clip_000679.mp4,basket_2nd,3208.221,3208.505,passaggio,train
clip_000680,train/idle/clip_000680.mp4,basket_2nd,3210.9837942740364,3211.5937942740366,idle,train
clip_000681,train/tiroDaDue0/clip_000681.mp4,basket_2nd,3212.761,3214.283,tiroDaDue0,train
clip_000682,train/passaggio/clip_000682.mp4,basket_2nd,3216.239,3216.77,passaggio,train
clip_000683,train/passaggio/clip_000683.mp4,basket_2nd,3217.832,3218.168,passaggio,train
clip_000684,train/passaggio/clip_000684.mp4,basket_2nd,3223.478,3223.744,passaggio,train
clip_000685,train/non-gioco/clip_000685.mp4,basket_2nd,3231.35037844965,3234.767601209771,non-gioco,train
clip_000686,train/idle/clip_000686.mp4,basket_2nd,3236.8455199816576,3237.9345199816576,idle,train
clip_000687,train/non-gioco/clip_000687.mp4,basket_2nd,3242.5749507935343,3244.3956056715288,non-gioco,train
clip_000688,train/non-gioco/clip_000688.mp4,basket_2nd,3246.894,3247.664,non-gioco,train
clip_000689,train/passaggio/clip_000689.mp4,basket_2nd,3247.788,3248.168,passaggio,train
clip_000690,train/passaggio/clip_000690.mp4,basket_2nd,3248.974,3249.204,passaggio,train
clip_000691,train/passaggio/clip_000691.mp4,basket_2nd,3254.912,3255.186,passaggio,train
clip_000692,train/passaggio/clip_000692.mp4,basket_2nd,3258.195,3258.469,passaggio,train
clip_000693,train/passaggio/clip_000693.mp4,basket_2nd,3259.283,3259.522,passaggio,train
clip_000694,train/idle/clip_000694.mp4,basket_2nd,3260.1684620732585,3260.638462073259,idle,train
clip_000695,train/idle/clip_000695.mp4,basket_2nd,3261.5854118697266,3261.9894118697266,idle,train
clip_000696,train/passaggio/clip_000696.mp4,basket_2nd,3262.744,3263.292,passaggio,train
clip_000697,train/tiroDaTre0/clip_000697.mp4,basket_2nd,3264.248,3265.744,tiroDaTre0,train
clip_000698,train/passaggio/clip_000698.mp4,basket_2nd,3273.602,3273.929,passaggio,train
clip_000699,train/passaggio/clip_000699.mp4,basket_2nd,3280.142,3280.372,passaggio,train
clip_000700,train/non-gioco/clip_000700.mp4,basket_2nd,3284.270896389986,3287.618989240798,non-gioco,train
clip_000701,train/non-gioco/clip_000701.mp4,basket_2nd,3290.79763292883,3293.401337275349,non-gioco,train
clip_000702,train/non-gioco/clip_000702.mp4,basket_2nd,3293.4351790615233,3296.8880532795188,non-gioco,train
clip_000703,train/idle/clip_000703.mp4,basket_2nd,3300.0914254695494,3300.6784254695494,idle,train
clip_000704,train/passaggio/clip_000704.mp4,basket_2nd,3314.018,3314.531,passaggio,train
clip_000705,train/tiroDaDue0/clip_000705.mp4,basket_2nd,3315.009,3315.567,tiroDaDue0,train
clip_000706,train/non-gioco/clip_000706.mp4,basket_2nd,3318.4397325054188,3321.865734032974,non-gioco,train
clip_000707,train/non-gioco/clip_000707.mp4,basket_2nd,3319.71836426287,3323.124700052274,non-gioco,train
clip_000708,train/idle/clip_000708.mp4,basket_2nd,3332.6624382568452,3333.072438256845,idle,train
clip_000709,train/non-gioco/clip_000709.mp4,basket_2nd,3333.903,3335.053,non-gioco,train
clip_000710,train/idle/clip_000710.mp4,basket_2nd,3337.0759465171814,3337.784946517182,idle,train
clip_000711,train/tiroLibero0/clip_000711.mp4,basket_2nd,3339.983,3341.726,tiroLibero0,train
clip_000712,train/non-gioco/clip_000712.mp4,basket_2nd,3342.646,3346.938,non-gioco,train
clip_000713,train/tiroLibero0/clip_000713.mp4,basket_2nd,3351.115,3353.106,tiroLibero0,train
clip_000714,train/passaggio/clip_000714.mp4,basket_2nd,3354.708,3355.062,passaggio,train
clip_000715,train/idle/clip_000715.mp4,basket_2nd,3363.2742745736473,3364.092274573647,idle,train
clip_000716,train/passaggio/clip_000716.mp4,basket_2nd,3368.204,3368.487,passaggio,train
clip_000717,train/passaggio/clip_000717.mp4,basket_2nd,3371.31,3371.611,passaggio,train
clip_000718,train/passaggio/clip_000718.mp4,basket_2nd,3374.443,3374.841,passaggio,train
clip_000719,train/passaggio/clip_000719.mp4,basket_2nd,3376.071,3376.372,passaggio,train
clip_000720,train/passaggio/clip_000720.mp4,basket_2nd,3376.947,3377.186,passaggio,train
clip_000721,train/idle/clip_000721.mp4,basket_2nd,3377.940583145031,3378.4505831450306,idle,train
clip_000722,train/non-gioco/clip_000722.mp4,basket_2nd,3381.5981314616683,3382.8691378297053,non-gioco,train
clip_000723,train/non-gioco/clip_000723.mp4,basket_2nd,3385.443,3386.337,non-gioco,train
clip_000724,train/passaggio/clip_000724.mp4,basket_2nd,3386.62,3386.938,passaggio,train
clip_000725,train/passaggio/clip_000725.mp4,basket_2nd,3396.593,3396.921,passaggio,train
clip_000726,train/idle/clip_000726.mp4,basket_2nd,3397.785132467362,3398.218132467362,idle,train
clip_000727,train/tiroDaDue0/clip_000727.mp4,basket_2nd,3400.903,3402.0,tiroDaDue0,train
clip_000728,train/non-gioco/clip_000728.mp4,basket_2nd,3404.788814995897,3407.610177647529,non-gioco,train
clip_000729,train/idle/clip_000729.mp4,basket_2nd,3412.4785966033232,3414.437596603323,idle,train
clip_000730,train/tiroLibero1/clip_000730.mp4,basket_2nd,3419.328,3420.761,tiroLibero1,train
clip_000731,train/non-gioco/clip_000731.mp4,basket_2nd,3421.009,3424.664,non-gioco,train
clip_000732,train/tiroLibero1/clip_000732.mp4,basket_2nd,3430.009,3431.664,tiroLibero1,train
clip_000733,train/passaggio/clip_000733.mp4,basket_2nd,3433.381,3433.814,passaggio,train
clip_000734,train/passaggio/clip_000734.mp4,basket_2nd,3439.434,3439.752,passaggio,train
clip_000735,train/passaggio/clip_000735.mp4,basket_2nd,3442.345,3443.213,passaggio,train
clip_000736,train/passaggio/clip_000736.mp4,basket_2nd,3445.46,3446.168,passaggio,train
clip_000737,train/passaggio/clip_000737.mp4,basket_2nd,3448.885,3449.248,passaggio,train
clip_000738,train/tiroDaDue0/clip_000738.mp4,basket_2nd,3450.478,3451.85,tiroDaDue0,train
clip_000739,train/non-gioco/clip_000739.mp4,basket_2nd,3458.2975115935187,3460.813033726784,non-gioco,train
clip_000740,train/non-gioco/clip_000740.mp4,basket_2nd,3459.3079184405105,3461.2709070238725,non-gioco,train
clip_000741,train/tiroLibero0/clip_000741.mp4,basket_2nd,3471.593,3472.929,tiroLibero0,train
clip_000742,train/non-gioco/clip_000742.mp4,basket_2nd,3475.733968778294,3477.3707750436406,non-gioco,train
clip_000743,train/tiroLibero1/clip_000743.mp4,basket_2nd,3483.947,3485.31,tiroLibero1,train
clip_000744,train/idle/clip_000744.mp4,basket_2nd,3490.352607323321,3490.712607323321,idle,train
clip_000745,train/non-gioco/clip_000745.mp4,basket_2nd,3494.681703478462,3497.0278334711943,non-gioco,train
clip_000746,train/non-gioco/clip_000746.mp4,basket_2nd,3498.5431942879654,3499.547422483512,non-gioco,train
clip_000747,train/idle/clip_000747.mp4,basket_2nd,3501.0543284429837,3501.7343284429835,idle,train
clip_000748,train/tiroDaDue0/clip_000748.mp4,basket_2nd,3507.071,3508.372,tiroDaDue0,train
clip_000749,train/non-gioco/clip_000749.mp4,basket_2nd,3511.5083618574354,3513.4189155368886,non-gioco,train
clip_000750,train/non-gioco/clip_000750.mp4,basket_2nd,3518.2003250014354,3521.055200196034,non-gioco,train
clip_000751,train/idle/clip_000751.mp4,basket_2nd,3522.761511802768,3523.511511802768,idle,train
clip_000752,train/tiroLibero1/clip_000752.mp4,basket_2nd,3532.036,3533.469,tiroLibero1,train
clip_000753,train/non-gioco/clip_000753.mp4,basket_2nd,3533.655,3538.646,non-gioco,train
clip_000754,train/tiroLibero1/clip_000754.mp4,basket_2nd,3544.089,3545.478,tiroLibero1,train
clip_000755,train/passaggio/clip_000755.mp4,basket_2nd,3546.841,3547.31,passaggio,train
clip_000756,train/idle/clip_000756.mp4,basket_2nd,3550.2833390594355,3550.7423390594354,idle,train
clip_000757,train/passaggio/clip_000757.mp4,basket_2nd,3553.337,3553.637,passaggio,train
clip_000758,train/passaggio/clip_000758.mp4,basket_2nd,3555.469,3555.752,passaggio,train
clip_000759,train/idle/clip_000759.mp4,basket_2nd,3558.874252994289,3560.017252994289,idle,train
clip_000760,train/non-gioco/clip_000760.mp4,basket_2nd,3560.352472055637,3563.0130662679153,non-gioco,train
clip_000761,train/non-gioco/clip_000761.mp4,basket_2nd,3567.929,3569.124,non-gioco,train
clip_000762,train/tiroLibero1/clip_000762.mp4,basket_2nd,3573.277,3574.678,tiroLibero1,train
clip_000763,train/non-gioco/clip_000763.mp4,basket_2nd,3574.82,3579.4,non-gioco,train
clip_000764,train/tiroLibero0/clip_000764.mp4,basket_2nd,3582.58,3583.915,tiroLibero0,train
clip_000765,train/non-gioco/clip_000765.mp4,basket_2nd,3591.442183394916,3594.241569052451,non-gioco,train
clip_000766,train/non-gioco/clip_000766.mp4,basket_2nd,3593.805955076232,3595.5791667317535,non-gioco,train
clip_000767,train/non-gioco/clip_000767.mp4,basket_2nd,3602.1581012838346,3603.9428903964804,non-gioco,train
clip_000768,train/tiroLibero1/clip_000768.mp4,basket_2nd,3610.048,3611.273,tiroLibero1,train
clip_000769,train/non-gioco/clip_000769.mp4,basket_2nd,3611.41,3616.3,non-gioco,train
clip_000770,train/tiroLibero1/clip_000770.mp4,basket_2nd,3619.534,3621.002,tiroLibero1,train
clip_000771,train/passaggio/clip_000771.mp4,basket_2nd,3622.389,3622.989,passaggio,train
clip_000772,train/passaggio/clip_000772.mp4,basket_2nd,3628.812,3629.446,passaggio,train
clip_000773,train/passaggio/clip_000773.mp4,basket_2nd,3632.415,3632.916,passaggio,train
clip_000774,train/passaggio/clip_000774.mp4,basket_2nd,3633.441,3633.778,passaggio,train
clip_000775,train/passaggio/clip_000775.mp4,basket_2nd,3638.287,3638.621,passaggio,train
clip_000776,train/tiroDaTre1/clip_000776.mp4,basket_2nd,3639.021,3640.556,tiroDaTre1,train
clip_000777,train/idle/clip_000777.mp4,basket_2nd,3646.7774146618376,3647.4164146618377,idle,train
clip_000778,train/passaggio/clip_000778.mp4,basket_2nd,3654.342,3654.675,passaggio,train
clip_000779,train/idle/clip_000779.mp4,basket_2nd,3657.4666375144593,3657.9166375144596,idle,train
clip_000780,train/passaggio/clip_000780.mp4,basket_2nd,3661.203,3661.703,passaggio,train
clip_000781,train/tiroDaTre0/clip_000781.mp4,basket_2nd,3664.786,3666.855,tiroDaTre0,train
clip_000782,train/passaggio/clip_000782.mp4,basket_2nd,3668.185,3668.719,passaggio,train
clip_000783,train/passaggio/clip_000783.mp4,basket_2nd,3673.671,3674.272,passaggio,train
clip_000784,train/passaggio/clip_000784.mp4,basket_2nd,3675.585,3676.018,passaggio,train
clip_000785,train/passaggio/clip_000785.mp4,basket_2nd,3682.982,3683.616,passaggio,train
clip_000786,train/passaggio/clip_000786.mp4,basket_2nd,3685.426,3686.327,passaggio,train
clip_000787,train/tiroDaTre0/clip_000787.mp4,basket_2nd,3686.87,3689.082,tiroDaTre0,train
clip_000788,train/non-gioco/clip_000788.mp4,basket_2nd,3693.0616914869374,3695.067692454582,non-gioco,train
clip_000789,train/non-gioco/clip_000789.mp4,basket_2nd,3694.982510604735,3696.300730102383,non-gioco,train
clip_000790,train/idle/clip_000790.mp4,basket_2nd,3699.1717751078468,3699.7717751078467,idle,train
clip_000791,train/tiroLibero1/clip_000791.mp4,basket_2nd,3708.587,3710.022,tiroLibero1,train
clip_000792,train/non-gioco/clip_000792.mp4,basket_2nd,3712.8306360833917,3716.1815452602173,non-gioco,train
clip_000793,train/idle/clip_000793.mp4,basket_2nd,3717.1285945955665,3717.3005945955665,idle,train
clip_000794,train/tiroLibero1/clip_000794.mp4,basket_2nd,3721.258,3722.726,tiroLibero1,train
clip_000795,train/non-gioco/clip_000795.mp4,basket_2nd,3723.42,3727.64,non-gioco,train
clip_000796,train/tiroLibero1/clip_000796.mp4,basket_2nd,3732.311,3733.746,tiroLibero1,train
clip_000797,train/idle/clip_000797.mp4,basket_2nd,3744.211004887464,3744.8110048874637,idle,train
clip_000798,train/non-gioco/clip_000798.mp4,basket_2nd,3752.526784591993,3755.7837984563243,non-gioco,train
clip_000799,train/non-gioco/clip_000799.mp4,basket_2nd,3752.700527626423,3754.452902312837,non-gioco,train
clip_000800,train/idle/clip_000800.mp4,basket_2nd,3762.3831058279384,3762.850105827938,idle,train
clip_000801,train/tiroLibero1/clip_000801.mp4,basket_2nd,3765.273,3768.943,tiroLibero1,train
clip_000802,train/non-gioco/clip_000802.mp4,basket_2nd,3769.06,3773.48,non-gioco,train
clip_000803,train/tiroLibero1/clip_000803.mp4,basket_2nd,3777.887,3779.421,tiroLibero1,train
clip_000804,train/non-gioco/clip_000804.mp4,basket_2nd,3782.449442410399,3783.4504572596425,non-gioco,train
clip_000805,train/passaggio/clip_000805.mp4,basket_2nd,3793.919,3794.42,passaggio,train
clip_000806,train/passaggio/clip_000806.mp4,basket_2nd,3796.432,3796.833,passaggio,train
clip_000807,train/passaggio/clip_000807.mp4,basket_2nd,3798.607,3798.807,passaggio,train
clip_000808,train/passaggio/clip_000808.mp4,basket_2nd,3800.76,3801.127,passaggio,train
clip_000809,train/passaggio/clip_000809.mp4,basket_2nd,3805.529,3806.029,passaggio,train
clip_000810,train/tiroDaTre1/clip_000810.mp4,basket_2nd,3806.563,3808.465,tiroDaTre1,train
clip_000811,train/passaggio/clip_000811.mp4,basket_2nd,3812.567,3813.201,passaggio,train
clip_000812,train/passaggio/clip_000812.mp4,basket_2nd,3821.241,3821.741,passaggio,train
clip_000813,train/passaggio/clip_000813.mp4,basket_2nd,3825.315,3825.949,passaggio,train
clip_000814,train/non-gioco/clip_000814.mp4,basket_2nd,3831.2032019192675,3833.277922294242,non-gioco,train
clip_000815,train/passaggio/clip_000815.mp4,basket_2nd,3838.513,3839.381,passaggio,train
clip_000816,train/passaggio/clip_000816.mp4,basket_2nd,3839.592,3840.393,passaggio,train
clip_000817,train/passaggio/clip_000817.mp4,basket_2nd,3845.102,3845.628,passaggio,train
clip_000818,train/idle/clip_000818.mp4,basket_2nd,3848.012925143851,3848.252925143851,idle,train
clip_000819,train/passaggio/clip_000819.mp4,basket_2nd,3849.15,3850.04,passaggio,train
clip_000820,train/tiroDaTre0/clip_000820.mp4,basket_2nd,3850.783,3853.017,tiroDaTre0,train
clip_000821,train/passaggio/clip_000821.mp4,basket_2nd,3860.012,3860.446,passaggio,train
clip_000822,train/tiroDaDue0/clip_000822.mp4,basket_2nd,3872.888,3874.156,tiroDaDue0,train
clip_000823,train/tiroDaDue0/clip_000823.mp4,basket_2nd,3874.243,3875.178,tiroDaDue0,train
clip_000824,train/non-gioco/clip_000824.mp4,basket_2nd,3877.6325119386674,3880.272656966447,non-gioco,train
clip_000825,train/non-gioco/clip_000825.mp4,basket_2nd,3880.0899813894102,3881.587806221227,non-gioco,train
clip_000826,train/non-gioco/clip_000826.mp4,basket_2nd,3886.2553354266347,3889.3796796631964,non-gioco,train
clip_000827,train/non-gioco/clip_000827.mp4,basket_2nd,3898.6956560615413,3901.6857179618582,non-gioco,train
clip_000828,train/non-gioco/clip_000828.mp4,basket_2nd,3904.532554856869,3906.637954355131,non-gioco,train
clip_000829,train/non-gioco/clip_000829.mp4,basket_2nd,3905.8165530646475,3908.4985422410405,non-gioco,train
clip_000830,train/non-gioco/clip_000830.mp4,basket_2nd,3908.413745308998,3910.649688231524,non-gioco,train
clip_000831,train/idle/clip_000831.mp4,basket_2nd,3911.570245345159,3912.0712453451592,idle,train
clip_000832,train/non-gioco/clip_000832.mp4,basket_2nd,3920.070682780206,3922.6530349196205,non-gioco,train
clip_000833,train/non-gioco/clip_000833.mp4,basket_2nd,3936.7556499834054,3939.392414042663,non-gioco,train
clip_000834,train/non-gioco/clip_000834.mp4,basket_2nd,3938.5484095366824,3940.160515896878,non-gioco,train
clip_000835,train/non-gioco/clip_000835.mp4,basket_2nd,3943.9839513095685,3945.1959401513814,non-gioco,train
clip_000836,train/non-gioco/clip_000836.mp4,basket_2nd,3958.3381526804087,3960.374255207903,non-gioco,train
clip_000837,train/idle/clip_000837.mp4,basket_2nd,3961.4818497445995,3962.1318497445995,idle,train
clip_000838,train/non-gioco/clip_000838.mp4,basket_2nd,3967.330092769301,3968.81618086115,non-gioco,train
clip_000839,train/non-gioco/clip_000839.mp4,basket_2nd,3973.2712005302665,3976.317259191608,non-gioco,train
clip_000840,train/non-gioco/clip_000840.mp4,basket_2nd,3975.826496008719,3978.7039072002653,non-gioco,train
clip_000841,train/non-gioco/clip_000841.mp4,basket_2nd,3993.2957206082933,3995.4786860730665,non-gioco,train
clip_000842,train/idle/clip_000842.mp4,basket_2nd,3996.889317563525,3997.543317563525,idle,train
clip_000843,train/passaggio/clip_000843.mp4,basket_2nd,4011.22,4011.87,passaggio,train
clip_000844,train/passaggio/clip_000844.mp4,basket_2nd,4022.892,4023.226,passaggio,train
clip_000845,train/tiroDaDue0/clip_000845.mp4,basket_2nd,4025.968,4027.736,tiroDaDue0,train
clip_000846,train/non-gioco/clip_000846.mp4,basket_2nd,4029.18,4034.117,non-gioco,train
clip_000847,train/passaggio/clip_000847.mp4,basket_2nd,4034.511,4034.979,passaggio,train
clip_000848,train/passaggio/clip_000848.mp4,basket_2nd,4035.125,4035.792,passaggio,train
clip_000849,train/passaggio/clip_000849.mp4,basket_2nd,4046.926,4047.493,passaggio,train
clip_000850,train/tiroDaTre0/clip_000850.mp4,basket_2nd,4051.553,4054.243,tiroDaTre0,train
clip_000851,train/passaggio/clip_000851.mp4,basket_2nd,4054.82,4055.306,passaggio,train
clip_000852,train/idle/clip_000852.mp4,basket_2nd,4056.693438224819,4056.9934382248193,idle,train
clip_000853,train/passaggio/clip_000853.mp4,basket_2nd,4062.5,4062.8,passaggio,train
clip_000854,train/tiroDaDue0/clip_000854.mp4,basket_2nd,4065.626,4067.928,tiroDaDue0,train
clip_000855,train/passaggio/clip_000855.mp4,basket_2nd,4068.819,4069.161,passaggio,train
clip_000856,train/passaggio/clip_000856.mp4,basket_2nd,4073.324,4073.813,passaggio,train
clip_000857,train/passaggio/clip_000857.mp4,basket_2nd,4074.743,4075.244,passaggio,train
clip_000858,train/passaggio/clip_000858.mp4,basket_2nd,4077.374,4077.841,passaggio,train
clip_000859,train/tiroDaDue1/clip_000859.mp4,basket_2nd,4078.168,4080.07,tiroDaDue1,train
clip_000860,train/passaggio/clip_000860.mp4,basket_2nd,4087.711,4088.447,passaggio,train
clip_000861,train/passaggio/clip_000861.mp4,basket_2nd,4090.441,4090.875,passaggio,train
clip_000862,train/passaggio/clip_000862.mp4,basket_2nd,4094.587,4095.021,passaggio,train
clip_000863,train/passaggio/clip_000863.mp4,basket_2nd,4097.563,4097.977,passaggio,train
clip_000864,train/passaggio/clip_000864.mp4,basket_2nd,4100.058,4100.792,passaggio,train
clip_000865,train/passaggio/clip_000865.mp4,basket_2nd,4102.269,4102.769,passaggio,train
clip_000866,train/passaggio/clip_000866.mp4,basket_2nd,4103.91,4104.578,passaggio,train
clip_000867,train/tiroDaDue0/clip_000867.mp4,basket_2nd,4105.923,4106.924,tiroDaDue0,train
clip_000868,train/non-gioco/clip_000868.mp4,basket_2nd,4116.399940020329,4117.666408261738,non-gioco,train
clip_000869,train/idle/clip_000869.mp4,basket_2nd,4117.923430235362,4118.354430235361,idle,train
clip_000870,train/non-gioco/clip_000870.mp4,basket_2nd,4126.034412678026,4127.474129382292,non-gioco,train
clip_000871,train/idle/clip_000871.mp4,basket_2nd,4129.943345303862,4131.223345303862,idle,train
clip_000872,train/idle/clip_000872.mp4,basket_2nd,4130.958887960069,4131.916887960069,idle,train
clip_000873,train/passaggio/clip_000873.mp4,basket_2nd,4132.917,4133.205,passaggio,train
clip_000874,train/tiroDaTre0/clip_000874.mp4,basket_2nd,4136.036,4138.157,tiroDaTre0,train
clip_000875,train/passaggio/clip_000875.mp4,basket_2nd,4141.369,4141.927,passaggio,train
clip_000876,train/idle/clip_000876.mp4,basket_2nd,4148.823667895673,4149.079667895672,idle,train
clip_000877,train/non-gioco/clip_000877.mp4,basket_2nd,4149.78690972466,4152.08180410077,non-gioco,train
clip_000878,train/idle/clip_000878.mp4,basket_2nd,4157.040845542845,4157.9708455428445,idle,train
clip_000879,train/non-gioco/clip_000879.mp4,basket_2nd,4159.144268858329,4160.767264557479,non-gioco,train
clip_000880,train/passaggio/clip_000880.mp4,basket_2nd,4165.046,4165.847,passaggio,train
clip_000881,train/passaggio/clip_000881.mp4,basket_2nd,4168.797,4169.231,passaggio,train
clip_000882,train/passaggio/clip_000882.mp4,basket_2nd,4171.402,4172.603,passaggio,train
clip_000883,train/tiroDaDue1/clip_000883.mp4,basket_2nd,4175.73,4176.11,tiroDaDue1,train
clip_000884,train/idle/clip_000884.mp4,basket_2nd,4182.382626707391,4182.586626707391,idle,train
clip_000885,train/non-gioco/clip_000885.mp4,basket_2nd,4199.080902082111,4201.267588174168,non-gioco,train
clip_000886,train/non-gioco/clip_000886.mp4,basket_2nd,4200.306608142374,4202.873479234829,non-gioco,train
clip_000887,train/idle/clip_000887.mp4,basket_2nd,4203.813026454458,4204.110026454458,idle,train
clip_000888,train/idle/clip_000888.mp4,basket_2nd,4213.626527373941,4214.164527373941,idle,train
clip_000889,train/non-gioco/clip_000889.mp4,basket_2nd,4219.975519622643,4222.773704525834,non-gioco,train
clip_000890,train/non-gioco/clip_000890.mp4,basket_2nd,4221.331198492243,4224.245732702986,non-gioco,train
clip_000891,train/non-gioco/clip_000891.mp4,basket_2nd,4223.517330727431,4226.593753651734,non-gioco,train
clip_000892,train/non-gioco/clip_000892.mp4,basket_2nd,4228.959446487356,4232.188011301882,non-gioco,train
clip_000893,train/non-gioco/clip_000893.mp4,basket_2nd,4232.119541476775,4233.737640820549,non-gioco,train
clip_000894,train/idle/clip_000894.mp4,basket_2nd,4233.809992448146,4234.143992448146,idle,train
clip_000895,train/idle/clip_000895.mp4,basket_2nd,4236.309584117641,4237.497584117641,idle,train
clip_000896,train/non-gioco/clip_000896.mp4,basket_2nd,4240.1226646977775,4243.365684955861,non-gioco,train
clip_000897,train/non-gioco/clip_000897.mp4,basket_2nd,4245.931646436678,4248.072801000354,non-gioco,train
clip_000898,train/non-gioco/clip_000898.mp4,basket_2nd,4258.440008470666,4260.928639266839,non-gioco,train
clip_000899,train/non-gioco/clip_000899.mp4,basket_2nd,4261.518561552544,4264.1875058840105,non-gioco,train
clip_000900,train/passaggio/clip_000900.mp4,basket_2nd,4265.403,4265.937,passaggio,train
clip_000901,train/idle/clip_000901.mp4,basket_2nd,4266.897942162301,4269.1269421623,idle,train
clip_000902,train/passaggio/clip_000902.mp4,basket_2nd,4270.729,4271.297,passaggio,train
clip_000903,train/non-gioco/clip_000903.mp4,basket_2nd,4280.610056248913,4281.803764633574,non-gioco,train
clip_000904,train/non-gioco/clip_000904.mp4,basket_2nd,4281.088711146512,4282.767998914217,non-gioco,train
clip_000905,train/tiroLibero0/clip_000905.mp4,basket_2nd,4299.529,4300.897,tiroLibero0,train
clip_000906,train/non-gioco/clip_000906.mp4,basket_2nd,4301.33,4304.58,non-gioco,train
clip_000907,train/idle/clip_000907.mp4,basket_2nd,4307.335173217591,4308.125173217591,idle,train
clip_000908,train/tiroLibero1/clip_000908.mp4,basket_2nd,4309.204,4310.639,tiroLibero1,train
clip_000909,train/passaggio/clip_000909.mp4,basket_2nd,4312.159,4312.793,passaggio,train
clip_000910,train/idle/clip_000910.mp4,basket_2nd,4318.713161766006,4319.117161766006,idle,train
clip_000911,train/passaggio/clip_000911.mp4,basket_2nd,4324.195,4324.629,passaggio,train
clip_000912,train/passaggio/clip_000912.mp4,basket_2nd,4328.478,4328.868,passaggio,train
clip_000913,train/tiroDaDue1/clip_000913.mp4,basket_2nd,4330.079,4331.381,tiroDaDue1,train
clip_000914,train/passaggio/clip_000914.mp4,basket_2nd,4333.394,4333.836,passaggio,train
clip_000915,train/passaggio/clip_000915.mp4,basket_2nd,4334.259,4334.626,passaggio,train
clip_000916,train/tiroDaDue0/clip_000916.mp4,basket_2nd,4341.687,4342.678,tiroDaDue0,train
clip_000917,train/passaggio/clip_000917.mp4,basket_2nd,4344.926,4345.793,passaggio,train
clip_000918,train/passaggio/clip_000918.mp4,basket_2nd,4346.096,4346.73,passaggio,train
clip_000919,train/tiroDaDue0/clip_000919.mp4,basket_2nd,4347.153,4349.088,tiroDaDue0,train
clip_000920,train/non-gioco/clip_000920.mp4,basket_2nd,4354.165501403608,4356.515881959904,non-gioco,train
clip_000921,train/idle/clip_000921.mp4,basket_2nd,4360.437195425407,4361.667195425407,idle,train
clip_000922,train/non-gioco/clip_000922.mp4,basket_2nd,4363.39593715796,4364.974090857281,non-gioco,train
clip_000923,train/passaggio/clip_000923.mp4,basket_2nd,4371.554,4372.689,passaggio,train
clip_000924,train/passaggio/clip_000924.mp4,basket_2nd,4374.62,4375.087,passaggio,train
clip_000925,train/non-gioco/clip_000925.mp4,basket_2nd,4376.640338867283,4379.40638672152,non-gioco,train
clip_000926,train/non-gioco/clip_000926.mp4,basket_2nd,4381.740517109927,4383.759515534093,non-gioco,train
clip_000927,train/passaggio/clip_000927.mp4,basket_2nd,4389.613,4390.247,passaggio,train
clip_000928,train/passaggio/clip_000928.mp4,basket_2nd,4396.589,4397.09,passaggio,train
clip_000929,train/idle/clip_000929.mp4,basket_2nd,4400.409946141704,4400.869946141704,idle,train
clip_000930,train/tiroDaDue0/clip_000930.mp4,basket_2nd,4402.659,4404.661,tiroDaDue0,train
clip_000931,train/non-gioco/clip_000931.mp4,basket_2nd,4409.967945935885,4412.007381521143,non-gioco,train
clip_000932,train/non-gioco/clip_000932.mp4,basket_2nd,4418.458749953435,4420.509108747868,non-gioco,train
clip_000933,train/passaggio/clip_000933.mp4,basket_2nd,4424.538,4425.072,passaggio,train
clip_000934,train/tiroDaTre0/clip_000934.mp4,basket_2nd,4425.621,4427.556,tiroDaTre0,train
clip_000935,train/passaggio/clip_000935.mp4,basket_2nd,4428.639,4429.14,passaggio,train
clip_000936,train/passaggio/clip_000936.mp4,basket_2nd,4429.573,4430.307,passaggio,train
clip_000937,train/passaggio/clip_000937.mp4,basket_2nd,4438.37,4438.837,passaggio,train
clip_000938,train/idle/clip_000938.mp4,basket_2nd,4439.9933212077085,4440.363321207708,idle,train
clip_000939,train/passaggio/clip_000939.mp4,basket_2nd,4445.228,4445.929,passaggio,train
clip_000940,train/passaggio/clip_000940.mp4,basket_2nd,4446.26,4446.593,passaggio,train
clip_000941,train/tiroDaTre1/clip_000941.mp4,basket_2nd,4447.083,4448.651,tiroDaTre1,train
clip_000942,train/non-gioco/clip_000942.mp4,basket_2nd,4449.167306336209,4451.118258908528,non-gioco,train
clip_000943,train/idle/clip_000943.mp4,basket_2nd,4452.520664101191,4452.880664101191,idle,train
clip_000944,train/idle/clip_000944.mp4,basket_2nd,4457.901404959078,4459.686404959079,idle,train
clip_000945,train/non-gioco/clip_000945.mp4,basket_2nd,4474.23003590423,4476.69023443974,non-gioco,train
clip_000946,train/non-gioco/clip_000946.mp4,basket_2nd,4476.255060646499,4479.396890727259,non-gioco,train
clip_000947,train/non-gioco/clip_000947.mp4,basket_2nd,4476.774030283535,4478.6534272902145,non-gioco,train
clip_000948,train/idle/clip_000948.mp4,basket_2nd,4480.584186036103,4480.900186036103,idle,train
clip_000949,train/non-gioco/clip_000949.mp4,basket_2nd,4482.962082885594,4486.095702762017,non-gioco,train
clip_000950,train/idle/clip_000950.mp4,basket_2nd,4487.158873024816,4487.678873024816,idle,train
clip_000951,train/tiroLibero1/clip_000951.mp4,basket_2nd,4493.153,4495.155,tiroLibero1,train
clip_000952,train/passaggio/clip_000952.mp4,basket_2nd,4496.741,4497.341,passaggio,train
clip_000953,train/passaggio/clip_000953.mp4,basket_2nd,4503.93,4504.397,passaggio,train
clip_000954,train/non-gioco/clip_000954.mp4,basket_2nd,4509.396442795218,4510.947789531027,non-gioco,train
clip_000955,train/non-gioco/clip_000955.mp4,basket_2nd,4516.113233219856,4518.47856399419,non-gioco,train
clip_000956,train/non-gioco/clip_000956.mp4,basket_2nd,4518.942415445343,4520.9899686519175,non-gioco,train
clip_000957,train/idle/clip_000957.mp4,basket_2nd,4522.767032451603,4525.267032451603,idle,train
clip_000958,train/passaggio/clip_000958.mp4,basket_2nd,4525.84,4526.808,passaggio,train
clip_000959,train/idle/clip_000959.mp4,basket_2nd,4528.662709065497,4529.202709065497,idle,train
clip_000960,train/idle/clip_000960.mp4,basket_2nd,4529.252208562303,4530.522208562303,idle,train
clip_000961,train/passaggio/clip_000961.mp4,basket_2nd,4534.942,4535.276,passaggio,train
clip_000962,train/non-gioco/clip_000962.mp4,basket_2nd,4535.668849549029,4537.7584394891455,non-gioco,train
clip_000963,train/non-gioco/clip_000963.mp4,basket_2nd,4542.979939131915,4544.820262991161,non-gioco,train
clip_000964,train/passaggio/clip_000964.mp4,basket_2nd,4549.564,4550.298,passaggio,train
clip_000965,train/non-gioco/clip_000965.mp4,basket_2nd,4555.6780459234,4558.233688325835,non-gioco,train
clip_000966,train/non-gioco/clip_000966.mp4,basket_2nd,4561.595648984829,4563.764124357909,non-gioco,train
clip_000967,train/non-gioco/clip_000967.mp4,basket_2nd,4563.817431412045,4565.828223084889,non-gioco,train
clip_000968,train/idle/clip_000968.mp4,basket_2nd,4566.775035250024,4567.315035250024,idle,train
clip_000969,train/idle/clip_000969.mp4,basket_2nd,4573.331632177714,4574.221632177714,idle,train
clip_000970,train/non-gioco/clip_000970.mp4,basket_2nd,4576.748466732226,4577.874178315948,non-gioco,train
clip_000971,train/non-gioco/clip_000971.mp4,basket_2nd,4581.582944668088,4582.9221933861645,non-gioco,train
clip_000972,train/non-gioco/clip_000972.mp4,basket_2nd,4587.33003428343,4589.315084924279,non-gioco,train
clip_000973,train/non-gioco/clip_000973.mp4,basket_2nd,4592.53230235579,4593.600057471641,non-gioco,train
clip_000974,train/idle/clip_000974.mp4,basket_2nd,4616.495349182409,4617.185349182409,idle,train
clip_000975,train/passaggio/clip_000975.mp4,basket_2nd,4621.89,4622.443,passaggio,train
clip_000976,train/tiroDaDue0/clip_000976.mp4,basket_2nd,4623.457,4624.725,tiroDaDue0,train
clip_000977,train/passaggio/clip_000977.mp4,basket_2nd,4627.01,4628.24,passaggio,train
clip_000978,train/passaggio/clip_000978.mp4,basket_2nd,4632.075,4632.542,passaggio,train
clip_000979,train/passaggio/clip_000979.mp4,basket_2nd,4635.362,4635.762,passaggio,train
clip_000980,train/tiroDaDue1/clip_000980.mp4,basket_2nd,4636.126,4637.26,tiroDaDue1,train
clip_000981,train/passaggio/clip_000981.mp4,basket_2nd,4639.126,4639.727,passaggio,train
clip_000982,train/passaggio/clip_000982.mp4,basket_2nd,4640.537,4641.438,passaggio,train
clip_000983,train/passaggio/clip_000983.mp4,basket_2nd,4653.381,4654.082,passaggio,train
clip_000984,train/non-gioco/clip_000984.mp4,basket_2nd,4661.914240396517,4663.4433911070455,non-gioco,train
clip_000985,train/non-gioco/clip_000985.mp4,basket_2nd,4662.355353914807,4665.258428184542,non-gioco,train
clip_000986,train/passaggio/clip_000986.mp4,basket_2nd,4678.95,4679.851,passaggio,train
clip_000987,train/passaggio/clip_000987.mp4,basket_2nd,4683.354,4683.62,passaggio,train
clip_000988,train/non-gioco/clip_000988.mp4,basket_2nd,4686.05047970684,4687.681158536296,non-gioco,train
clip_000989,train/non-gioco/clip_000989.mp4,basket_2nd,4694.758594146584,4697.638618705471,non-gioco,train
clip_000990,train/passaggio/clip_000990.mp4,basket_2nd,4701.089,4702.16,passaggio,train
clip_000991,train/passaggio/clip_000991.mp4,basket_2nd,4703.677,4704.077,passaggio,train
clip_000992,train/passaggio/clip_000992.mp4,basket_2nd,4704.682,4704.949,passaggio,train
clip_000993,train/tiroDaDue1/clip_000993.mp4,basket_2nd,4707.134,4708.661,tiroDaDue1,train
clip_000994,train/idle/clip_000994.mp4,basket_2nd,4709.200941290151,4709.570941290151,idle,train
clip_000995,train/passaggio/clip_000995.mp4,basket_2nd,4710.686,4711.41,passaggio,train
clip_000996,train/idle/clip_000996.mp4,basket_2nd,4716.033159598372,4717.418159598372,idle,train
clip_000997,train/passaggio/clip_000997.mp4,basket_2nd,4718.471,4718.671,passaggio,train
clip_000998,train/idle/clip_000998.mp4,basket_2nd,4723.433250733863,4724.929250733863,idle,train
clip_000999,train/non-gioco/clip_000999.mp4,basket_2nd,4725.85435409837,4726.902812315995,non-gioco,train
clip_001000,train/passaggio/clip_001000.mp4,basket_2nd,4734.023,4734.52,passaggio,train
clip_001001,train/tiroDaDue1/clip_001001.mp4,basket_2nd,4737.102,4738.215,tiroDaDue1,train
clip_001002,train/idle/clip_001002.mp4,basket_2nd,4739.452569687922,4740.552569687921,idle,train
clip_001003,train/passaggio/clip_001003.mp4,basket_2nd,4754.087,4755.049,passaggio,train
clip_001004,train/tiroDaDue0/clip_001004.mp4,basket_2nd,4758.08,4759.98,tiroDaDue0,train
clip_001005,train/idle/clip_001005.mp4,basket_2nd,4760.98790581859,4761.32790581859,idle,train
clip_001006,train/passaggio/clip_001006.mp4,basket_2nd,4766.893,4767.26,passaggio,train
clip_001007,train/idle/clip_001007.mp4,basket_2nd,4773.690165898174,4774.095165898174,idle,train
clip_001008,train/non-gioco/clip_001008.mp4,basket_2nd,4774.25,4775.32,non-gioco,train
clip_001009,train/non-gioco/clip_001009.mp4,basket_2nd,4782.41233913238,4783.463289175681,non-gioco,train
clip_001010,train/non-gioco/clip_001010.mp4,basket_2nd,4784.135723526465,4787.509752858255,non-gioco,train
clip_001011,train/non-gioco/clip_001011.mp4,basket_2nd,4790.751232036914,4794.251001608187,non-gioco,train
clip_001012,train/idle/clip_001012.mp4,basket_2nd,4796.844526829082,4797.274526829082,idle,train
clip_001013,train/non-gioco/clip_001013.mp4,basket_2nd,4806.301516036205,4807.617068473391,non-gioco,train
clip_001014,train/non-gioco/clip_001014.mp4,basket_2nd,4809.233804405237,4811.863191043346,non-gioco,train
clip_001015,train/non-gioco/clip_001015.mp4,basket_2nd,4810.450987581929,4813.076347815054,non-gioco,train
clip_001016,train/passaggio/clip_001016.mp4,basket_2nd,4823.16,4824.842,passaggio,train
clip_001017,train/non-gioco/clip_001017.mp4,basket_2nd,4835.39296203388,4837.802885988705,non-gioco,train
clip_001018,train/passaggio/clip_001018.mp4,basket_2nd,4842.849,4844.317,passaggio,train
clip_001019,train/passaggio/clip_001019.mp4,basket_2nd,4844.733,4845.8,passaggio,train
clip_001020,train/passaggio/clip_001020.mp4,basket_2nd,4850.55,4851.061,passaggio,train
clip_001021,train/passaggio/clip_001021.mp4,basket_2nd,4854.653,4855.153,passaggio,train
clip_001022,train/passaggio/clip_001022.mp4,basket_2nd,4859.16,4859.824,passaggio,train
clip_001023,train/passaggio/clip_001023.mp4,basket_2nd,4861.79,4862.224,passaggio,train
clip_001024,train/tiroDaDue0/clip_001024.mp4,basket_2nd,4864.269,4865.404,tiroDaDue0,train
clip_001025,train/idle/clip_001025.mp4,basket_2nd,4869.363490581368,4870.013490581368,idle,train
clip_001026,train/passaggio/clip_001026.mp4,basket_2nd,4872.33,4872.763,passaggio,train
clip_001027,train/passaggio/clip_001027.mp4,basket_2nd,4873.236,4873.737,passaggio,train
clip_001028,train/passaggio/clip_001028.mp4,basket_2nd,4877.667,4878.201,passaggio,train
clip_001029,train/non-gioco/clip_001029.mp4,basket_2nd,4883.178581718094,4885.92724414621,non-gioco,train
clip_001030,train/passaggio/clip_001030.mp4,basket_2nd,4887.496,4888.697,passaggio,train
clip_001031,train/passaggio/clip_001031.mp4,basket_2nd,4897.06,4897.593,passaggio,train
clip_001032,train/passaggio/clip_001032.mp4,basket_2nd,4898.743,4899.243,passaggio,train
clip_001033,train/passaggio/clip_001033.mp4,basket_2nd,4902.622,4903.089,passaggio,train
clip_001034,train/idle/clip_001034.mp4,basket_2nd,4904.967783610086,4905.303783610087,idle,train
clip_001035,train/passaggio/clip_001035.mp4,basket_2nd,4907.763,4908.196,passaggio,train
clip_001036,train/tiroDaDue0/clip_001036.mp4,basket_2nd,4908.789,4910.39,tiroDaDue0,train
clip_001037,train/non-gioco/clip_001037.mp4,basket_2nd,4913.607845843236,4916.477659973124,non-gioco,train
clip_001038,train/idle/clip_001038.mp4,basket_2nd,4923.1081131506735,4923.408113150674,idle,train
clip_001039,train/non-gioco/clip_001039.mp4,basket_2nd,4924.846993035614,4926.266465894034,non-gioco,train
clip_001040,train/non-gioco/clip_001040.mp4,basket_2nd,4931.3093605014965,4934.357613437274,non-gioco,train
clip_001041,train/tiroLibero1/clip_001041.mp4,basket_2nd,4940.421,4942.59,tiroLibero1,train
clip_001042,train/non-gioco/clip_001042.mp4,basket_2nd,4943.16,4947.32,non-gioco,train
clip_001043,train/tiroLibero1/clip_001043.mp4,basket_2nd,4950.879,4952.33,tiroLibero1,train
clip_001044,train/passaggio/clip_001044.mp4,basket_2nd,4954.318,4954.919,passaggio,train
clip_001045,train/idle/clip_001045.mp4,basket_2nd,4957.734797800636,4958.165797800636,idle,train
clip_001046,train/passaggio/clip_001046.mp4,basket_2nd,4962.84,4963.34,passaggio,train
clip_001047,train/passaggio/clip_001047.mp4,basket_2nd,4964.2,4964.867,passaggio,train
clip_001048,train/tiroDaDue0/clip_001048.mp4,basket_2nd,4965.403,4967.405,tiroDaDue0,train
clip_001049,train/tiroDaDue1/clip_001049.mp4,basket_2nd,4970.437,4971.639,tiroDaDue1,train
clip_001050,train/passaggio/clip_001050.mp4,basket_2nd,4972.733,4973.2,passaggio,train
clip_001051,train/passaggio/clip_001051.mp4,basket_2nd,4974.47,4975.17,passaggio,train
clip_001052,train/passaggio/clip_001052.mp4,basket_2nd,4978.589,4979.257,passaggio,train
clip_001053,train/idle/clip_001053.mp4,basket_2nd,4980.667089179704,4981.690089179704,idle,train
clip_001054,train/tiroDaDue0/clip_001054.mp4,basket_2nd,4985.186,4986.521,tiroDaDue0,train
clip_001055,train/idle/clip_001055.mp4,basket_2nd,4988.773764105427,4989.374764105427,idle,train
clip_001056,train/tiroDaDue0/clip_001056.mp4,basket_2nd,4992.653,4993.787,tiroDaDue0,train
clip_001057,train/non-gioco/clip_001057.mp4,basket_2nd,4996.739968564811,4998.010215438954,non-gioco,train
clip_001058,train/non-gioco/clip_001058.mp4,basket_2nd,5002.248494893651,5005.036031656275,non-gioco,train
clip_001059,train/idle/clip_001059.mp4,basket_2nd,5020.364261719057,5020.6742617190575,idle,train
clip_001060,train/non-gioco/clip_001060.mp4,basket_2nd,5031.66855192002,5033.933453894213,non-gioco,train
clip_001061,train/non-gioco/clip_001061.mp4,basket_2nd,5032.089986202297,5035.0465745681995,non-gioco,train
clip_001062,train/non-gioco/clip_001062.mp4,basket_2nd,5034.990417648673,5037.06136268176,non-gioco,train
clip_001063,train/non-gioco/clip_001063.mp4,basket_2nd,5037.359418229719,5040.754850325234,non-gioco,train
clip_001064,train/idle/clip_001064.mp4,basket_2nd,5056.77166930905,5057.051669309049,idle,train
clip_001065,train/non-gioco/clip_001065.mp4,basket_2nd,5059.861400835747,5062.9871339334695,non-gioco,train
clip_001066,train/non-gioco/clip_001066.mp4,basket_2nd,5063.060772431842,5065.787308471675,non-gioco,train
clip_001067,train/non-gioco/clip_001067.mp4,basket_2nd,5069.229022146812,5071.008915257798,non-gioco,train
clip_001068,train/idle/clip_001068.mp4,basket_2nd,5077.300408447528,5078.220408447528,idle,train
clip_001069,train/non-gioco/clip_001069.mp4,basket_2nd,5080.218876399874,5081.473629663489,non-gioco,train
clip_001070,train/non-gioco/clip_001070.mp4,basket_2nd,5084.254085975794,5087.378025043293,non-gioco,train
clip_001071,train/non-gioco/clip_001071.mp4,basket_2nd,5085.398267234996,5087.987230000249,non-gioco,train
clip_001072,train/idle/clip_001072.mp4,basket_2nd,5088.610996581182,5091.110996581182,idle,train
clip_001073,train/non-gioco/clip_001073.mp4,basket_2nd,5101.259294793521,5102.523141970131,non-gioco,train
clip_001074,train/non-gioco/clip_001074.mp4,basket_2nd,5103.798237411325,5105.100875073994,non-gioco,train
clip_001075,train/passaggio/clip_001075.mp4,basket_2nd,5113.36,5113.96,passaggio,train
clip_001076,train/passaggio/clip_001076.mp4,basket_2nd,5118.046,5118.446,passaggio,train
clip_001077,train/tiroDaDue0/clip_001077.mp4,basket_2nd,5119.17,5121.105,tiroDaDue0,train
clip_001078,train/passaggio/clip_001078.mp4,basket_2nd,5124.69,5125.354,passaggio,train
clip_001079,train/passaggio/clip_001079.mp4,basket_2nd,5129.05,5129.583,passaggio,train
clip_001080,train/passaggio/clip_001080.mp4,basket_2nd,5131.513,5132.013,passaggio,train
clip_001081,train/tiroDaDue1/clip_001081.mp4,basket_2nd,5136.577,5138.53,tiroDaDue1,train
clip_001082,train/idle/clip_001082.mp4,basket_2nd,5139.536289063167,5140.256289063167,idle,train
clip_001083,train/passaggio/clip_001083.mp4,basket_2nd,5140.89,5141.824,passaggio,train
clip_001084,train/idle/clip_001084.mp4,basket_2nd,5144.973137904893,5145.333137904892,idle,train
clip_001085,train/passaggio/clip_001085.mp4,basket_2nd,5149.046,5149.28,passaggio,train
clip_001086,train/tiroDaDue0/clip_001086.mp4,basket_2nd,5158.626,5160.361,tiroDaDue0,train
clip_001087,train/idle/clip_001087.mp4,basket_2nd,5164.34872589353,5164.86872589353,idle,train
clip_001088,train/non-gioco/clip_001088.mp4,basket_2nd,5176.710803544274,5179.479075153539,non-gioco,train
clip_001089,train/non-gioco/clip_001089.mp4,basket_2nd,5178.370570279763,5180.716002545884,non-gioco,train
clip_001090,train/non-gioco/clip_001090.mp4,basket_2nd,5188.8921381841055,5190.567344175074,non-gioco,train
clip_001091,train/non-gioco/clip_001091.mp4,basket_2nd,5192.712212546522,5195.546700806555,non-gioco,train
clip_001092,train/tiroLibero0/clip_001092.mp4,basket_2nd,5200.17,5201.636,tiroLibero0,train
clip_001093,train/idle/clip_001093.mp4,basket_2nd,5206.761442785238,5207.161442785238,idle,train
clip_001094,train/idle/clip_001094.mp4,basket_2nd,5206.900227291785,5207.760227291785,idle,train
clip_001095,train/non-gioco/clip_001095.mp4,basket_2nd,5208.017882337081,5210.10681856959,non-gioco,train
clip_001096,train/tiroLibero0/clip_001096.mp4,basket_2nd,5218.002,5220.006,tiroLibero0,train
clip_001097,train/non-gioco/clip_001097.mp4,basket_2nd,5220.31,5223.66,non-gioco,train
clip_001098,train/tiroLibero1/clip_001098.mp4,basket_2nd,5229.418,5231.151,tiroLibero1,train
clip_001099,train/non-gioco/clip_001099.mp4,basket_2nd,5236.967339386045,5238.638328231168,non-gioco,train
clip_001100,train/passaggio/clip_001100.mp4,basket_2nd,5239.756,5240.576,passaggio,train
clip_001101,train/idle/clip_001101.mp4,basket_2nd,5241.970462483739,5243.570462483739,idle,train
clip_001102,train/passaggio/clip_001102.mp4,basket_2nd,5245.697,5246.225,passaggio,train
clip_001103,train/passaggio/clip_001103.mp4,basket_2nd,5249.611,5250.016,passaggio,train
clip_001104,train/passaggio/clip_001104.mp4,basket_2nd,5250.466,5250.897,passaggio,train
clip_001105,train/idle/clip_001105.mp4,basket_2nd,5252.782760639846,5254.4947606398455,idle,train
clip_001106,train/tiroDaDue0/clip_001106.mp4,basket_2nd,5255.576,5256.911,tiroDaDue0,train
clip_001107,train/tiroDaDue0/clip_001107.mp4,basket_2nd,5258.22,5259.797,tiroDaDue0,train
clip_001108,train/passaggio/clip_001108.mp4,basket_2nd,5263.173,5263.807,passaggio,train
clip_001109,train/tiroDaDue0/clip_001109.mp4,basket_2nd,5265.52,5266.41,tiroDaDue0,train
clip_001110,train/passaggio/clip_001110.mp4,basket_2nd,5270.98,5271.667,passaggio,train
clip_001111,train/idle/clip_001111.mp4,basket_2nd,5272.184724144681,5272.5917241446805,idle,train
clip_001112,train/passaggio/clip_001112.mp4,basket_2nd,5274.136,5274.436,passaggio,train
clip_001113,train/passaggio/clip_001113.mp4,basket_2nd,5277.413,5277.646,passaggio,train
clip_001114,train/passaggio/clip_001114.mp4,basket_2nd,5278.973,5279.407,passaggio,train
clip_001115,train/passaggio/clip_001115.mp4,basket_2nd,5280.682,5281.417,passaggio,train
clip_001116,train/non-gioco/clip_001116.mp4,basket_2nd,5283.0926890285255,5286.169516575752,non-gioco,train
clip_001117,train/passaggio/clip_001117.mp4,basket_2nd,5290.943,5291.777,passaggio,train
clip_001118,train/idle/clip_001118.mp4,basket_2nd,5299.49198808651,5300.05698808651,idle,train
clip_001119,train/non-gioco/clip_001119.mp4,basket_2nd,5300.42,5301.97,non-gioco,train
clip_001120,train/non-gioco/clip_001120.mp4,basket_2nd,5304.4466580768285,5307.650736036835,non-gioco,train
clip_001121,train/non-gioco/clip_001121.mp4,basket_2nd,5308.804634088308,5310.966405254817,non-gioco,train
clip_001122,train/passaggio/clip_001122.mp4,basket_2nd,5316.303,5316.664,passaggio,train
clip_001123,train/passaggio/clip_001123.mp4,basket_2nd,5321.046,5321.714,passaggio,train
clip_001124,train/idle/clip_001124.mp4,basket_2nd,5324.421779236558,5324.961779236558,idle,train
clip_001125,train/passaggio/clip_001125.mp4,basket_2nd,5327.089,5327.69,passaggio,train
clip_001126,train/passaggio/clip_001126.mp4,basket_2nd,5328.103,5328.57,passaggio,train
clip_001127,train/tiroDaTre0/clip_001127.mp4,basket_2nd,5329.393,5331.662,tiroDaTre0,train
clip_001128,train/idle/clip_001128.mp4,basket_2nd,5333.267148835429,5334.257148835429,idle,train
clip_001129,train/idle/clip_001129.mp4,basket_2nd,5342.600867136046,5343.060867136046,idle,train
clip_001130,train/idle/clip_001130.mp4,prima_parte,24.903430705188946,27.08643070518894,idle,train
clip_001131,train/passaggio/clip_001131.mp4,prima_parte,28.45,28.92,passaggio,train
clip_001132,train/passaggio/clip_001132.mp4,prima_parte,31.05,31.44,passaggio,train
clip_001133,train/non-gioco/clip_001133.mp4,prima_parte,40.60495649218058,42.55242975250124,non-gioco,train
clip_001134,train/non-gioco/clip_001134.mp4,prima_parte,42.1243321918174,45.25171428259855,non-gioco,train
clip_001135,train/idle/clip_001135.mp4,prima_parte,47.291524453579484,49.11852445357948,idle,train
clip_001136,train/passaggio/clip_001136.mp4,prima_parte,60.1,60.51,passaggio,train
clip_001137,train/passaggio/clip_001137.mp4,prima_parte,64.4,65.31,passaggio,train
clip_001138,train/passaggio/clip_001138.mp4,prima_parte,67.62,67.95,passaggio,train
clip_001139,train/tiroDaDue0/clip_001139.mp4,prima_parte,68.76,69.84,tiroDaDue0,train
clip_001140,train/non-gioco/clip_001140.mp4,prima_parte,77.5190599568299,79.04935958227925,non-gioco,train
clip_001141,train/tiroLibero1/clip_001141.mp4,prima_parte,89.69,91.58,tiroLibero1,train
clip_001142,train/non-gioco/clip_001142.mp4,prima_parte,93.68,97.52,non-gioco,train
clip_001143,train/tiroLibero0/clip_001143.mp4,prima_parte,105.27,107.21,tiroLibero0,train
clip_001144,train/passaggio/clip_001144.mp4,prima_parte,108.66,109.13,passaggio,train
clip_001145,train/passaggio/clip_001145.mp4,prima_parte,109.71,110.85,passaggio,train
clip_001146,train/tiroDaDue1/clip_001146.mp4,prima_parte,111.52,112.63,tiroDaDue1,train
clip_001147,train/idle/clip_001147.mp4,prima_parte,116.4561374944338,116.97613749443424,idle,train
clip_001148,train/non-gioco/clip_001148.mp4,prima_parte,117.2620885459161,120.0150479217466,non-gioco,train
clip_001149,train/non-gioco/clip_001149.mp4,prima_parte,128.00921552217915,129.86006263008986,non-gioco,train
clip_001150,train/idle/clip_001150.mp4,prima_parte,133.84778454040995,135.51478454041032,idle,train
clip_001151,train/tiroLibero0/clip_001151.mp4,prima_parte,136.95,138.95,tiroLibero0,train
clip_001152,train/passaggio/clip_001152.mp4,prima_parte,139.72,140.07,passaggio,train
clip_001153,train/passaggio/clip_001153.mp4,prima_parte,143.47,144.0,passaggio,train
clip_001154,train/passaggio/clip_001154.mp4,prima_parte,146.52,146.88,passaggio,train
clip_001155,train/passaggio/clip_001155.mp4,prima_parte,155.69,156.17,passaggio,train
clip_001156,train/passaggio/clip_001156.mp4,prima_parte,161.31,161.67,passaggio,train
clip_001157,train/passaggio/clip_001157.mp4,prima_parte,164.42,164.84,passaggio,train
clip_001158,train/passaggio/clip_001158.mp4,prima_parte,165.41,165.8,passaggio,train
clip_001159,train/passaggio/clip_001159.mp4,prima_parte,168.5,168.89,passaggio,train
clip_001160,train/idle/clip_001160.mp4,prima_parte,169.66025778222607,171.19025778222604,idle,train
clip_001161,train/tiroDaDue0/clip_001161.mp4,prima_parte,171.96,173.19,tiroDaDue0,train
clip_001162,train/passaggio/clip_001162.mp4,prima_parte,174.56,174.95,passaggio,train
clip_001163,train/tiroDaDue0/clip_001163.mp4,prima_parte,179.81,180.86,tiroDaDue0,train
clip_001164,train/non-gioco/clip_001164.mp4,prima_parte,192.49668875314364,193.7107211580387,non-gioco,train
clip_001165,train/non-gioco/clip_001165.mp4,prima_parte,196.31559277912726,197.34097056522396,non-gioco,train
clip_001166,train/tiroLibero1/clip_001166.mp4,prima_parte,204.62,206.79,tiroLibero1,train
clip_001167,train/non-gioco/clip_001167.mp4,prima_parte,207.93,211.15,non-gioco,train
clip_001168,train/tiroLibero1/clip_001168.mp4,prima_parte,214.35,215.95,tiroLibero1,train
clip_001169,train/passaggio/clip_001169.mp4,prima_parte,224.57,225.11,passaggio,train
clip_001170,train/passaggio/clip_001170.mp4,prima_parte,225.86,226.2,passaggio,train
clip_001171,train/tiroDaDue0/clip_001171.mp4,prima_parte,229.39,230.8,tiroDaDue0,train
clip_001172,train/passaggio/clip_001172.mp4,prima_parte,238.42,238.81,passaggio,train
clip_001173,train/non-gioco/clip_001173.mp4,prima_parte,250.8171774763606,253.5437008249769,non-gioco,train
clip_001174,train/non-gioco/clip_001174.mp4,prima_parte,252.4353799039435,254.65682452106546,non-gioco,train
clip_001175,train/passaggio/clip_001175.mp4,prima_parte,263.03,263.45,passaggio,train
clip_001176,train/tiroDaTre0/clip_001176.mp4,prima_parte,264.12,266.0,tiroDaTre0,train
clip_001177,train/passaggio/clip_001177.mp4,prima_parte,267.82,268.59,passaggio,train
clip_001178,train/passaggio/clip_001178.mp4,prima_parte,271.58,272.0,passaggio,train
clip_001179,train/passaggio/clip_001179.mp4,prima_parte,276.38,276.93,passaggio,train
clip_001180,train/passaggio/clip_001180.mp4,prima_parte,283.27,283.69,passaggio,train
clip_001181,train/non-gioco/clip_001181.mp4,prima_parte,288.22234862912507,289.45498200551174,non-gioco,train
clip_001182,train/non-gioco/clip_001182.mp4,prima_parte,296.92794790561857,299.15500124331504,non-gioco,train
clip_001183,train/idle/clip_001183.mp4,prima_parte,299.61855095433333,300.0685509543334,idle,train
clip_001184,train/passaggio/clip_001184.mp4,prima_parte,306.02,306.59,passaggio,train
clip_001185,train/passaggio/clip_001185.mp4,prima_parte,311.3,311.79,passaggio,train
clip_001186,train/tiroDaDue1/clip_001186.mp4,prima_parte,315.56,317.24,tiroDaDue1,train
clip_001187,train/non-gioco/clip_001187.mp4,prima_parte,326.63219570223356,328.11365643586237,non-gioco,train
clip_001188,train/non-gioco/clip_001188.mp4,prima_parte,326.6966301712907,328.32513936179305,non-gioco,train
clip_001189,train/non-gioco/clip_001189.mp4,prima_parte,333.8624913463334,335.32536595242755,non-gioco,train
clip_001190,train/non-gioco/clip_001190.mp4,prima_parte,337.58249545613324,340.33963281159765,non-gioco,train
clip_001191,train/non-gioco/clip_001191.mp4,prima_parte,340.1795614267761,342.9090293150141,non-gioco,train
clip_001192,train/non-gioco/clip_001192.mp4,prima_parte,341.93886195554904,344.80370054733305,non-gioco,train
clip_001193,train/non-gioco/clip_001193.mp4,prima_parte,349.1048181074103,351.4321229352747,non-gioco,train
clip_001194,train/non-gioco/clip_001194.mp4,prima_parte,352.5685271093398,355.02241607267075,non-gioco,train
clip_001195,train/idle/clip_001195.mp4,prima_parte,359.4193603113844,360.03636031138416,idle,train
clip_001196,train/non-gioco/clip_001196.mp4,prima_parte,373.9369867020698,376.2766466155292,non-gioco,train
clip_001197,train/passaggio/clip_001197.mp4,prima_parte,394.97,395.38,passaggio,train
clip_001198,train/idle/clip_001198.mp4,prima_parte,399.607003925282,400.07700392528227,idle,train
clip_001199,train/passaggio/clip_001199.mp4,prima_parte,401.46,401.95,passaggio,train
clip_001200,train/passaggio/clip_001200.mp4,prima_parte,402.4,402.78,passaggio,train
clip_001201,train/passaggio/clip_001201.mp4,prima_parte,403.06,403.32,passaggio,train
clip_001202,train/passaggio/clip_001202.mp4,prima_parte,406.78,407.61,passaggio,train
clip_001203,train/idle/clip_001203.mp4,prima_parte,408.80287783530633,410.24287783530633,idle,train
clip_001204,train/non-gioco/clip_001204.mp4,prima_parte,414.36657957608907,416.5770760441208,non-gioco,train
clip_001205,train/passaggio/clip_001205.mp4,prima_parte,423.34,424.04,passaggio,train
clip_001206,train/passaggio/clip_001206.mp4,prima_parte,427.47,427.86,passaggio,train
clip_001207,train/passaggio/clip_001207.mp4,prima_parte,430.36,430.73,passaggio,train
clip_001208,train/tiroDaDue0/clip_001208.mp4,prima_parte,431.78,433.41,tiroDaDue0,train
clip_001209,train/passaggio/clip_001209.mp4,prima_parte,440.87,441.62,passaggio,train
clip_001210,train/tiroDaDue1/clip_001210.mp4,prima_parte,446.38,448.18,tiroDaDue1,train
clip_001211,train/passaggio/clip_001211.mp4,prima_parte,455.71,456.27,passaggio,train
clip_001212,train/passaggio/clip_001212.mp4,prima_parte,456.98,457.44,passaggio,train
clip_001213,train/passaggio/clip_001213.mp4,prima_parte,458.23,458.53,passaggio,train
clip_001214,train/tiroDaDue1/clip_001214.mp4,prima_parte,460.16,461.68,tiroDaDue1,train
clip_001215,train/passaggio/clip_001215.mp4,prima_parte,463.57,463.99,passaggio,train
clip_001216,train/passaggio/clip_001216.mp4,prima_parte,465.45,466.25,passaggio,train
clip_001217,train/passaggio/clip_001217.mp4,prima_parte,468.41,469.14,passaggio,train
clip_001218,train/passaggio/clip_001218.mp4,prima_parte,473.5,474.4,passaggio,train
clip_001219,train/idle/clip_001219.mp4,prima_parte,476.0131789812196,476.33317898121953,idle,train
clip_001220,train/tiroDaTre0/clip_001220.mp4,prima_parte,477.05,478.76,tiroDaTre0,train
clip_001221,train/tiroDaDue0/clip_001221.mp4,prima_parte,481.03,481.59,tiroDaDue0,train
clip_001222,train/non-gioco/clip_001222.mp4,prima_parte,483.72988507492687,485.4373818331143,non-gioco,train
clip_001223,train/non-gioco/clip_001223.mp4,prima_parte,489.78087307205226,493.2223906292599,non-gioco,train
clip_001224,train/idle/clip_001224.mp4,prima_parte,501.9665481906397,502.3065481906397,idle,train
clip_001225,train/passaggio/clip_001225.mp4,prima_parte,502.92,503.28,passaggio,train
clip_001226,train/tiroDaTre0/clip_001226.mp4,prima_parte,504.14,505.97,tiroDaTre0,train
clip_001227,train/non-gioco/clip_001227.mp4,prima_parte,508.1719732174427,509.6205770766562,non-gioco,train
clip_001228,train/non-gioco/clip_001228.mp4,prima_parte,510.4551403974905,511.94043434271816,non-gioco,train
clip_001229,train/tiroDaDue0/clip_001229.mp4,prima_parte,523.82,524.92,tiroDaDue0,train
clip_001230,train/passaggio/clip_001230.mp4,prima_parte,532.1,532.45,passaggio,train
clip_001231,train/passaggio/clip_001231.mp4,prima_parte,534.44,534.81,passaggio,train
clip_001232,train/passaggio/clip_001232.mp4,prima_parte,536.26,536.69,passaggio,train
clip_001233,train/idle/clip_001233.mp4,prima_parte,539.7565734327079,540.7665734327079,idle,train
clip_001234,train/passaggio/clip_001234.mp4,prima_parte,542.49,543.28,passaggio,train
clip_001235,train/tiroDaTre1/clip_001235.mp4,prima_parte,543.71,545.42,tiroDaTre1,train
clip_001236,train/idle/clip_001236.mp4,prima_parte,549.5383486764647,551.7963486764647,idle,train
clip_001237,train/passaggio/clip_001237.mp4,prima_parte,553.54,554.0,passaggio,train
clip_001238,train/passaggio/clip_001238.mp4,prima_parte,558.09,558.82,passaggio,train
clip_001239,train/passaggio/clip_001239.mp4,prima_parte,568.12,568.42,passaggio,train
clip_001240,train/passaggio/clip_001240.mp4,prima_parte,571.56,572.34,passaggio,train
clip_001241,train/tiroDaTre1/clip_001241.mp4,prima_parte,573.0,573.99,tiroDaTre1,train
clip_001242,train/passaggio/clip_001242.mp4,prima_parte,577.51,578.28,passaggio,train
clip_001243,train/passaggio/clip_001243.mp4,prima_parte,583.05,583.41,passaggio,train
clip_001244,train/passaggio/clip_001244.mp4,prima_parte,584.56,585.13,passaggio,train
clip_001245,train/tiroDaTre0/clip_001245.mp4,prima_parte,585.76,587.39,tiroDaTre0,train
clip_001246,train/non-gioco/clip_001246.mp4,prima_parte,591.6819129595958,594.0172506827649,non-gioco,train
clip_001247,train/non-gioco/clip_001247.mp4,prima_parte,594.8693458728909,598.3050832006478,non-gioco,train
clip_001248,train/passaggio/clip_001248.mp4,prima_parte,608.74,609.06,passaggio,train
clip_001249,train/non-gioco/clip_001249.mp4,prima_parte,613.08,615.49,non-gioco,train
clip_001250,train/passaggio/clip_001250.mp4,prima_parte,615.59,616.07,passaggio,train
clip_001251,train/passaggio/clip_001251.mp4,prima_parte,622.23,622.65,passaggio,train
clip_001252,train/passaggio/clip_001252.mp4,prima_parte,623.9,624.43,passaggio,train
clip_001253,train/passaggio/clip_001253.mp4,prima_parte,626.88,627.37,passaggio,train
clip_001254,train/idle/clip_001254.mp4,prima_parte,628.2050322750578,628.8050322750577,idle,train
clip_001255,train/non-gioco/clip_001255.mp4,prima_parte,635.096523634134,636.5574328101092,non-gioco,train
clip_001256,train/non-gioco/clip_001256.mp4,prima_parte,641.510554804131,644.9953501109065,non-gioco,train
clip_001257,train/non-gioco/clip_001257.mp4,prima_parte,642.3648404813423,645.1083839636178,non-gioco,train
clip_001258,train/non-gioco/clip_001258.mp4,prima_parte,644.8490354076687,645.9830580934,non-gioco,train
clip_001259,train/idle/clip_001259.mp4,prima_parte,647.1959063726162,647.6479063726161,idle,train
clip_001260,train/non-gioco/clip_001260.mp4,prima_parte,659.8527204675332,662.2598194602447,non-gioco,train
clip_001261,train/non-gioco/clip_001261.mp4,prima_parte,669.1109340511703,672.1662231644189,non-gioco,train
clip_001262,train/non-gioco/clip_001262.mp4,prima_parte,673.3802336517791,675.5537260141055,non-gioco,train
clip_001263,train/non-gioco/clip_001263.mp4,prima_parte,676.4865569347751,679.8392159266954,non-gioco,train
clip_001264,train/non-gioco/clip_001264.mp4,prima_parte,677.8551979493474,681.0263509425047,non-gioco,train
clip_001265,train/non-gioco/clip_001265.mp4,prima_parte,685.9587471938992,689.1405465313956,non-gioco,train
clip_001266,train/non-gioco/clip_001266.mp4,prima_parte,689.266878237178,692.1779868504935,non-gioco,train
clip_001267,train/non-gioco/clip_001267.mp4,prima_parte,692.6139823947634,693.7991878204025,non-gioco,train
clip_001268,train/idle/clip_001268.mp4,prima_parte,724.3555093350865,724.8345093350868,idle,train
clip_001269,train/passaggio/clip_001269.mp4,prima_parte,734.28,734.92,passaggio,train
clip_001270,train/passaggio/clip_001270.mp4,prima_parte,735.37,735.71,passaggio,train
clip_001271,train/idle/clip_001271.mp4,prima_parte,736.311149723657,736.751149723657,idle,train
clip_001272,train/passaggio/clip_001272.mp4,prima_parte,737.4,737.68,passaggio,train
clip_001273,train/passaggio/clip_001273.mp4,prima_parte,738.66,739.11,passaggio,train
clip_001274,train/tiroDaTre0/clip_001274.mp4,prima_parte,739.69,741.83,tiroDaTre0,train
clip_001275,train/idle/clip_001275.mp4,prima_parte,748.5927582747431,749.1127582747431,idle,train
clip_001276,train/passaggio/clip_001276.mp4,prima_parte,750.8,751.15,passaggio,train
clip_001277,train/passaggio/clip_001277.mp4,prima_parte,753.51,753.92,passaggio,train
clip_001278,train/tiroDaDue1/clip_001278.mp4,prima_parte,754.92,756.0,tiroDaDue1,train
clip_001279,train/passaggio/clip_001279.mp4,prima_parte,757.1,757.4,passaggio,train
clip_001280,train/passaggio/clip_001280.mp4,prima_parte,763.32,764.03,passaggio,train
clip_001281,train/passaggio/clip_001281.mp4,prima_parte,767.77,768.26,passaggio,train
clip_001282,train/passaggio/clip_001282.mp4,prima_parte,770.63,771.15,passaggio,train
clip_001283,train/tiroDaDue1/clip_001283.mp4,prima_parte,771.51,772.54,tiroDaDue1,train
clip_001284,train/idle/clip_001284.mp4,prima_parte,778.2661690383435,778.6831690383439,idle,train
clip_001285,train/passaggio/clip_001285.mp4,prima_parte,779.85,780.31,passaggio,train
clip_001286,train/passaggio/clip_001286.mp4,prima_parte,782.51,782.84,passaggio,train
clip_001287,train/passaggio/clip_001287.mp4,prima_parte,784.26,784.52,passaggio,train
clip_001288,train/passaggio/clip_001288.mp4,prima_parte,787.92,788.45,passaggio,train
clip_001289,train/idle/clip_001289.mp4,prima_parte,788.9560947886333,790.5040947886336,idle,train
clip_001290,train/non-gioco/clip_001290.mp4,prima_parte,791.7910490701238,794.7679011447324,non-gioco,train
clip_001291,train/non-gioco/clip_001291.mp4,prima_parte,794.4949469104173,796.8013782482428,non-gioco,train
clip_001292,train/passaggio/clip_001292.mp4,prima_parte,804.69,805.15,passaggio,train
clip_001293,train/tiroDaDue0/clip_001293.mp4,prima_parte,809.88,811.79,tiroDaDue0,train
clip_001294,train/passaggio/clip_001294.mp4,prima_parte,812.68,812.99,passaggio,train
clip_001295,train/idle/clip_001295.mp4,prima_parte,814.648628183021,816.548628183021,idle,train
clip_001296,train/passaggio/clip_001296.mp4,prima_parte,818.67,819.07,passaggio,train
clip_001297,train/passaggio/clip_001297.mp4,prima_parte,820.15,820.57,passaggio,train
clip_001298,train/passaggio/clip_001298.mp4,prima_parte,827.54,827.98,passaggio,train
clip_001299,train/passaggio/clip_001299.mp4,prima_parte,829.66,830.11,passaggio,train
clip_001300,train/tiroDaDue0/clip_001300.mp4,prima_parte,830.63,832.81,tiroDaDue0,train
clip_001301,train/passaggio/clip_001301.mp4,prima_parte,833.56,834.09,passaggio,train
clip_001302,train/passaggio/clip_001302.mp4,prima_parte,844.47,844.79,passaggio,train
clip_001303,train/passaggio/clip_001303.mp4,prima_parte,851.59,851.91,passaggio,train
clip_001304,train/passaggio/clip_001304.mp4,prima_parte,855.15,855.61,passaggio,train
clip_001305,train/passaggio/clip_001305.mp4,prima_parte,856.98,857.29,passaggio,train
clip_001306,train/tiroDaDue0/clip_001306.mp4,prima_parte,859.3,860.53,tiroDaDue0,train
clip_001307,train/tiroDaDue1/clip_001307.mp4,prima_parte,860.58,862.06,tiroDaDue1,train
clip_001308,train/non-gioco/clip_001308.mp4,prima_parte,862.31,865.01,non-gioco,train
clip_001309,train/passaggio/clip_001309.mp4,prima_parte,865.34,866.13,passaggio,train
clip_001310,train/passaggio/clip_001310.mp4,prima_parte,870.59,871.11,passaggio,train
clip_001311,train/passaggio/clip_001311.mp4,prima_parte,873.44,873.93,passaggio,train
clip_001312,train/passaggio/clip_001312.mp4,prima_parte,875.51,875.98,passaggio,train
clip_001313,train/passaggio/clip_001313.mp4,prima_parte,884.69,885.13,passaggio,train
clip_001314,train/passaggio/clip_001314.mp4,prima_parte,886.31,886.89,passaggio,train
clip_001315,train/tiroDaTre0/clip_001315.mp4,prima_parte,887.53,889.44,tiroDaTre0,train
clip_001316,train/passaggio/clip_001316.mp4,prima_parte,895.95,896.53,passaggio,train
clip_001317,train/idle/clip_001317.mp4,prima_parte,907.4769078806904,907.8869078806904,idle,train
clip_001318,train/non-gioco/clip_001318.mp4,prima_parte,909.9116299879944,913.3867081391613,non-gioco,train
clip_001319,train/idle/clip_001319.mp4,prima_parte,915.2174721097537,915.5274721097536,idle,train
clip_001320,train/non-gioco/clip_001320.mp4,prima_parte,920.378877225261,922.9314455279414,non-gioco,train
clip_001321,train/non-gioco/clip_001321.mp4,prima_parte,929.1496036790949,931.2564061891431,non-gioco,train
clip_001322,train/non-gioco/clip_001322.mp4,prima_parte,931.4108312842911,934.2610545480024,non-gioco,train
clip_001323,train/non-gioco/clip_001323.mp4,prima_parte,942.7051927076345,945.3562630506146,non-gioco,train
clip_001324,train/non-gioco/clip_001324.mp4,prima_parte,943.6158340452848,945.1353038098437,non-gioco,train
clip_001325,train/idle/clip_001325.mp4,prima_parte,951.4736252351,953.9736252351,idle,train
clip_001326,train/idle/clip_001326.mp4,prima_parte,955.4710949337756,956.1010949337757,idle,train
clip_001327,train/idle/clip_001327.mp4,prima_parte,955.7910032723629,956.3610032723626,idle,train
clip_001328,train/passaggio/clip_001328.mp4,prima_parte,969.16,969.56,passaggio,train
clip_001329,train/passaggio/clip_001329.mp4,prima_parte,972.65,973.04,passaggio,train
clip_001330,train/passaggio/clip_001330.mp4,prima_parte,973.59,974.12,passaggio,train
clip_001331,train/passaggio/clip_001331.mp4,prima_parte,977.68,978.02,passaggio,train
clip_001332,train/passaggio/clip_001332.mp4,prima_parte,981.27,982.42,passaggio,train
clip_001333,train/passaggio/clip_001333.mp4,prima_parte,984.7,985.23,passaggio,train
clip_001334,train/idle/clip_001334.mp4,prima_parte,985.8514519221466,986.2414519221466,idle,train
clip_001335,train/tiroDaDue0/clip_001335.mp4,prima_parte,986.84,988.12,tiroDaDue0,train
clip_001336,train/non-gioco/clip_001336.mp4,prima_parte,989.7221988653782,991.1567327361943,non-gioco,train
clip_001337,train/non-gioco/clip_001337.mp4,prima_parte,995.9277723835984,996.9344616901056,non-gioco,train
clip_001338,train/idle/clip_001338.mp4,prima_parte,1004.6375143282687,1005.047514328269,idle,train
clip_001339,train/passaggio/clip_001339.mp4,prima_parte,1009.0,1009.46,passaggio,train
clip_001340,train/passaggio/clip_001340.mp4,prima_parte,1011.81,1012.33,passaggio,train
clip_001341,train/tiroDaTre0/clip_001341.mp4,prima_parte,1014.97,1016.73,tiroDaTre0,train
clip_001342,train/passaggio/clip_001342.mp4,prima_parte,1021.2,1021.47,passaggio,train
clip_001343,train/passaggio/clip_001343.mp4,prima_parte,1024.48,1024.77,passaggio,train
clip_001344,train/idle/clip_001344.mp4,prima_parte,1031.743987186184,1032.2339871861839,idle,train
clip_001345,train/passaggio/clip_001345.mp4,prima_parte,1035.77,1036.37,passaggio,train
clip_001346,train/tiroDaTre0/clip_001346.mp4,prima_parte,1037.17,1038.89,tiroDaTre0,train
clip_001347,train/idle/clip_001347.mp4,prima_parte,1040.8839178543863,1041.4539178543862,idle,train
clip_001348,train/idle/clip_001348.mp4,prima_parte,1045.5689982312322,1046.1089982312321,idle,train
clip_001349,train/non-gioco/clip_001349.mp4,prima_parte,1050.8355144013767,1053.3200423891756,non-gioco,train
clip_001350,train/non-gioco/clip_001350.mp4,prima_parte,1054.1404604768566,1056.8979293720909,non-gioco,train
clip_001351,train/non-gioco/clip_001351.mp4,prima_parte,1060.2327452800275,1061.8114358664177,non-gioco,train
clip_001352,train/tiroDaDue0/clip_001352.mp4,prima_parte,1075.47,1077.01,tiroDaDue0,train
clip_001353,train/non-gioco/clip_001353.mp4,prima_parte,1090.152602887203,1093.12217295382,non-gioco,train
clip_001354,train/non-gioco/clip_001354.mp4,prima_parte,1095.9702958803482,1098.6887581805263,non-gioco,train
clip_001355,train/non-gioco/clip_001355.mp4,prima_parte,1096.2162759705564,1098.8692335776898,non-gioco,train
clip_001356,train/tiroLibero1/clip_001356.mp4,prima_parte,1107.78,1109.42,tiroLibero1,train
clip_001357,train/non-gioco/clip_001357.mp4,prima_parte,1111.18,1114.07,non-gioco,train
clip_001358,train/tiroLibero0/clip_001358.mp4,prima_parte,1122.18,1124.95,tiroLibero0,train
clip_001359,train/passaggio/clip_001359.mp4,prima_parte,1126.3,1127.03,passaggio,train
clip_001360,train/passaggio/clip_001360.mp4,prima_parte,1139.59,1140.2,passaggio,train
clip_001361,train/tiroDaTre1/clip_001361.mp4,prima_parte,1140.83,1142.42,tiroDaTre1,train
clip_001362,train/non-gioco/clip_001362.mp4,prima_parte,1152.861940218613,1155.9285181177381,non-gioco,train
clip_001363,train/non-gioco/clip_001363.mp4,prima_parte,1154.1774917352332,1156.4119797835958,non-gioco,train
clip_001364,train/non-gioco/clip_001364.mp4,prima_parte,1160.348337322384,1162.0698637931484,non-gioco,train
clip_001365,train/non-gioco/clip_001365.mp4,prima_parte,1177.9173729406095,1179.7231768990052,non-gioco,train
clip_001366,train/non-gioco/clip_001366.mp4,prima_parte,1180.3521238046264,1183.0328277653846,non-gioco,train
clip_001367,train/idle/clip_001367.mp4,prima_parte,1183.6933175454533,1184.1303175454536,idle,train
clip_001368,train/non-gioco/clip_001368.mp4,prima_parte,1186.0234139030374,1187.4382208760892,non-gioco,train
clip_001369,train/idle/clip_001369.mp4,prima_parte,1193.6444146151584,1194.0514146151586,idle,train
clip_001370,train/idle/clip_001370.mp4,prima_parte,1197.554481542359,1198.054481542359,idle,train
clip_001371,train/non-gioco/clip_001371.mp4,prima_parte,1203.5648893650398,1204.664541325499,non-gioco,train
clip_001372,train/idle/clip_001372.mp4,prima_parte,1211.5971539790285,1211.9501539790285,idle,train
clip_001373,train/non-gioco/clip_001373.mp4,prima_parte,1212.0317930951098,1215.3884836969698,non-gioco,train
clip_001374,train/idle/clip_001374.mp4,prima_parte,1216.7841022212344,1217.2641022212345,idle,train
clip_001375,train/non-gioco/clip_001375.mp4,prima_parte,1218.8187606402207,1220.8816080554811,non-gioco,train
clip_001376,train/idle/clip_001376.mp4,prima_parte,1221.6068410182675,1221.7798410182677,idle,train
clip_001377,train/non-gioco/clip_001377.mp4,prima_parte,1221.789661052352,1224.662055357526,non-gioco,train
clip_001378,train/non-gioco/clip_001378.mp4,prima_parte,1222.4940803894895,1225.583976924255,non-gioco,train
clip_001379,train/idle/clip_001379.mp4,prima_parte,1230.7498021777064,1231.2598021777067,idle,train
clip_001380,train/non-gioco/clip_001380.mp4,prima_parte,1233.6369570846034,1235.8132091427326,non-gioco,train
clip_001381,train/non-gioco/clip_001381.mp4,prima_parte,1239.9649053675616,1242.6866003455918,non-gioco,train
clip_001382,train/non-gioco/clip_001382.mp4,prima_parte,1249.0260146941994,1250.126593877061,non-gioco,train
clip_001383,train/non-gioco/clip_001383.mp4,prima_parte,1268.978412890141,1271.5974996986472,non-gioco,train
clip_001384,train/non-gioco/clip_001384.mp4,prima_parte,1277.7361258832293,1278.9644430998067,non-gioco,train
clip_001385,train/non-gioco/clip_001385.mp4,prima_parte,1280.8640564679731,1284.241022162489,non-gioco,train
clip_001386,train/passaggio/clip_001386.mp4,prima_parte,1285.28,1285.77,passaggio,train
clip_001387,train/idle/clip_001387.mp4,prima_parte,1286.3828611842926,1286.6828611842925,idle,train
clip_001388,train/passaggio/clip_001388.mp4,prima_parte,1288.79,1289.27,passaggio,train
clip_001389,train/passaggio/clip_001389.mp4,prima_parte,1292.44,1292.71,passaggio,train
clip_001390,train/passaggio/clip_001390.mp4,prima_parte,1293.56,1293.93,passaggio,train
clip_001391,train/passaggio/clip_001391.mp4,prima_parte,1295.29,1295.76,passaggio,train
clip_001392,train/passaggio/clip_001392.mp4,prima_parte,1298.05,1298.33,passaggio,train
clip_001393,train/passaggio/clip_001393.mp4,prima_parte,1300.61,1300.94,passaggio,train
clip_001394,train/passaggio/clip_001394.mp4,prima_parte,1307.35,1307.71,passaggio,train
clip_001395,train/passaggio/clip_001395.mp4,prima_parte,1308.5,1308.78,passaggio,train
clip_001396,train/passaggio/clip_001396.mp4,prima_parte,1312.61,1313.08,passaggio,train
clip_001397,train/passaggio/clip_001397.mp4,prima_parte,1315.89,1316.44,passaggio,train
clip_001398,train/passaggio/clip_001398.mp4,prima_parte,1319.45,1319.88,passaggio,train
clip_001399,train/passaggio/clip_001399.mp4,prima_parte,1322.95,1323.19,passaggio,train
clip_001400,train/passaggio/clip_001400.mp4,prima_parte,1323.85,1324.21,passaggio,train
clip_001401,train/tiroDaTre1/clip_001401.mp4,prima_parte,1324.91,1326.41,tiroDaTre1,train
clip_001402,train/passaggio/clip_001402.mp4,prima_parte,1338.68,1339.09,passaggio,train
clip_001403,train/passaggio/clip_001403.mp4,prima_parte,1339.58,1339.84,passaggio,train
clip_001404,train/passaggio/clip_001404.mp4,prima_parte,1347.59,1347.92,passaggio,train
clip_001405,train/tiroDaTre0/clip_001405.mp4,prima_parte,1348.38,1350.81,tiroDaTre0,train
clip_001406,train/non-gioco/clip_001406.mp4,prima_parte,1354.6166423455506,1357.9068243153677,non-gioco,train
clip_001407,train/non-gioco/clip_001407.mp4,prima_parte,1362.2264464176917,1364.6897704808864,non-gioco,train
clip_001408,train/passaggio/clip_001408.mp4,prima_parte,1374.46,1374.98,passaggio,train
clip_001409,train/passaggio/clip_001409.mp4,prima_parte,1377.26,1377.76,passaggio,train
clip_001410,train/passaggio/clip_001410.mp4,prima_parte,1378.43,1378.88,passaggio,train
clip_001411,train/passaggio/clip_001411.mp4,prima_parte,1380.26,1380.77,passaggio,train
clip_001412,train/passaggio/clip_001412.mp4,prima_parte,1382.66,1383.09,passaggio,train
clip_001413,train/tiroDaTre0/clip_001413.mp4,prima_parte,1383.6,1385.43,tiroDaTre0,train
clip_001414,train/passaggio/clip_001414.mp4,prima_parte,1387.85,1388.41,passaggio,train
clip_001415,train/non-gioco/clip_001415.mp4,prima_parte,1389.3104784375205,1391.539792942998,non-gioco,train
clip_001416,train/passaggio/clip_001416.mp4,prima_parte,1410.75,1411.37,passaggio,train
clip_001417,train/passaggio/clip_001417.mp4,prima_parte,1413.86,1414.53,passaggio,train
clip_001418,train/tiroDaDue1/clip_001418.mp4,prima_parte,1417.67,1420.05,tiroDaDue1,train
clip_001419,train/passaggio/clip_001419.mp4,prima_parte,1429.3,1429.58,passaggio,train
clip_001420,train/passaggio/clip_001420.mp4,prima_parte,1431.27,1431.77,passaggio,train
clip_001421,train/passaggio/clip_001421.mp4,prima_parte,1434.53,1435.12,passaggio,train
clip_001422,train/passaggio/clip_001422.mp4,prima_parte,1436.56,1436.86,passaggio,train
clip_001423,train/tiroDaTre0/clip_001423.mp4,prima_parte,1438.81,1441.33,tiroDaTre0,train
clip_001424,train/passaggio/clip_001424.mp4,prima_parte,1443.72,1444.29,passaggio,train
clip_001425,train/idle/clip_001425.mp4,prima_parte,1446.33425172336,1446.89425172336,idle,train
clip_001426,train/idle/clip_001426.mp4,prima_parte,1447.5756113591744,1449.3856113591744,idle,train
clip_001427,train/tiroDaDue1/clip_001427.mp4,prima_parte,1450.35,1451.96,tiroDaDue1,train
clip_001428,train/passaggio/clip_001428.mp4,prima_parte,1454.56,1455.1,passaggio,train
clip_001429,train/passaggio/clip_001429.mp4,prima_parte,1460.45,1460.96,passaggio,train
clip_001430,train/idle/clip_001430.mp4,prima_parte,1469.8242650238233,1470.2572650238233,idle,train
clip_001431,train/non-gioco/clip_001431.mp4,prima_parte,1470.9361509434184,1472.806053584155,non-gioco,train
clip_001432,train/non-gioco/clip_001432.mp4,prima_parte,1478.8885031530015,1480.713012311949,non-gioco,train
clip_001433,train/non-gioco/clip_001433.mp4,prima_parte,1481.7722119850905,1484.4475457588935,non-gioco,train
clip_001434,train/idle/clip_001434.mp4,prima_parte,1485.45853790231,1485.7915379023095,idle,train
clip_001435,train/passaggio/clip_001435.mp4,prima_parte,1487.69,1487.95,passaggio,train
clip_001436,train/passaggio/clip_001436.mp4,prima_parte,1493.58,1494.15,passaggio,train
clip_001437,train/tiroDaDue0/clip_001437.mp4,prima_parte,1495.57,1497.36,tiroDaDue0,train
clip_001438,train/passaggio/clip_001438.mp4,prima_parte,1498.79,1499.17,passaggio,train
clip_001439,train/passaggio/clip_001439.mp4,prima_parte,1501.73,1502.13,passaggio,train
clip_001440,train/tiroDaDue0/clip_001440.mp4,prima_parte,1504.41,1505.46,tiroDaDue0,train
clip_001441,train/passaggio/clip_001441.mp4,prima_parte,1508.18,1508.57,passaggio,train
clip_001442,train/passaggio/clip_001442.mp4,prima_parte,1513.12,1513.6,passaggio,train
clip_001443,train/passaggio/clip_001443.mp4,prima_parte,1513.98,1514.26,passaggio,train
clip_001444,train/passaggio/clip_001444.mp4,prima_parte,1515.58,1516.17,passaggio,train
clip_001445,train/tiroDaDue0/clip_001445.mp4,prima_parte,1521.24,1523.05,tiroDaDue0,train
clip_001446,train/passaggio/clip_001446.mp4,prima_parte,1524.52,1525.13,passaggio,train
clip_001447,train/idle/clip_001447.mp4,prima_parte,1527.1717755185737,1527.6717755185737,idle,train
clip_001448,train/tiroDaDue0/clip_001448.mp4,prima_parte,1533.52,1533.97,tiroDaDue0,train
clip_001449,train/idle/clip_001449.mp4,prima_parte,1539.510715448596,1540.250715448596,idle,train
clip_001450,train/non-gioco/clip_001450.mp4,prima_parte,1542.2823012551178,1545.3162163419627,non-gioco,train
clip_001451,train/idle/clip_001451.mp4,prima_parte,1546.7266899563779,1547.371689956378,idle,train
clip_001452,train/idle/clip_001452.mp4,prima_parte,1547.8595552724312,1548.2995552724312,idle,train
clip_001453,train/non-gioco/clip_001453.mp4,prima_parte,1549.4723035957281,1551.1928480841318,non-gioco,train
clip_001454,train/tiroLibero1/clip_001454.mp4,prima_parte,1555.69,1557.26,tiroLibero1,train
clip_001455,train/non-gioco/clip_001455.mp4,prima_parte,1558.81,1560.98,non-gioco,train
clip_001456,train/tiroLibero0/clip_001456.mp4,prima_parte,1563.68,1565.65,tiroLibero0,train
clip_001457,train/passaggio/clip_001457.mp4,prima_parte,1567.19,1567.74,passaggio,train
clip_001458,train/non-gioco/clip_001458.mp4,prima_parte,1578.2369035266283,1580.3739682981327,non-gioco,train
clip_001459,train/non-gioco/clip_001459.mp4,prima_parte,1586.5963871141787,1588.4045715798686,non-gioco,train
clip_001460,train/idle/clip_001460.mp4,prima_parte,1591.3025922662173,1591.7925922662173,idle,train
clip_001461,train/non-gioco/clip_001461.mp4,prima_parte,1600.1321596651246,1602.1425973076264,non-gioco,train
clip_001462,train/non-gioco/clip_001462.mp4,prima_parte,1600.66559426352,1604.1358923004743,non-gioco,train
clip_001463,train/idle/clip_001463.mp4,prima_parte,1612.3929618053392,1614.4329618053391,idle,train
clip_001464,train/passaggio/clip_001464.mp4,prima_parte,1615.42,1615.98,passaggio,train
clip_001465,train/passaggio/clip_001465.mp4,prima_parte,1617.47,1617.86,passaggio,train
clip_001466,train/tiroDaDue0/clip_001466.mp4,prima_parte,1619.43,1621.48,tiroDaDue0,train
clip_001467,train/passaggio/clip_001467.mp4,prima_parte,1622.67,1623.05,passaggio,train
clip_001468,train/passaggio/clip_001468.mp4,prima_parte,1623.47,1623.76,passaggio,train
clip_001469,train/idle/clip_001469.mp4,prima_parte,1625.2706385336755,1625.8306385336755,idle,train
clip_001470,train/tiroDaDue0/clip_001470.mp4,prima_parte,1629.19,1631.34,tiroDaDue0,train
clip_001471,train/passaggio/clip_001471.mp4,prima_parte,1636.27,1636.76,passaggio,train
clip_001472,train/tiroDaTre1/clip_001472.mp4,prima_parte,1637.35,1638.99,tiroDaTre1,train
clip_001473,train/idle/clip_001473.mp4,prima_parte,1641.6604918504904,1641.8624918504904,idle,train
clip_001474,train/idle/clip_001474.mp4,prima_parte,1644.0931782965383,1644.3731782965383,idle,train
clip_001475,train/non-gioco/clip_001475.mp4,prima_parte,1650.191112352952,1652.5717408755863,non-gioco,train
clip_001476,train/idle/clip_001476.mp4,prima_parte,1652.7032278765098,1653.0492278765098,idle,train
clip_001477,train/non-gioco/clip_001477.mp4,prima_parte,1659.4749250334396,1662.3749013735921,non-gioco,train
clip_001478,train/non-gioco/clip_001478.mp4,prima_parte,1662.587797955432,1665.109977123137,non-gioco,train
clip_001479,train/non-gioco/clip_001479.mp4,prima_parte,1673.373402456811,1674.8423588102974,non-gioco,train
clip_001480,train/non-gioco/clip_001480.mp4,prima_parte,1677.4329537350188,1679.7894377209118,non-gioco,train
clip_001481,train/non-gioco/clip_001481.mp4,prima_parte,1689.6729467593175,1691.0688921688306,non-gioco,train
clip_001482,train/non-gioco/clip_001482.mp4,prima_parte,1695.1563785295737,1698.0474864147127,non-gioco,train
clip_001483,train/non-gioco/clip_001483.mp4,prima_parte,1701.8728935778363,1703.9681838155172,non-gioco,train
clip_001484,train/non-gioco/clip_001484.mp4,prima_parte,1718.936393618293,1722.4170364667812,non-gioco,train
clip_001485,train/non-gioco/clip_001485.mp4,prima_parte,1721.2021233829687,1723.575172480682,non-gioco,train
clip_001486,train/non-gioco/clip_001486.mp4,prima_parte,1726.112591648147,1727.4161568565535,non-gioco,train
clip_001487,train/idle/clip_001487.mp4,prima_parte,1739.7562098405,1740.4062098405002,idle,train
clip_001488,train/passaggio/clip_001488.mp4,prima_parte,1740.94,1741.48,passaggio,train
clip_001489,train/tiroDaTre0/clip_001489.mp4,prima_parte,1746.86,1748.47,tiroDaTre0,train
clip_001490,train/non-gioco/clip_001490.mp4,prima_parte,1749.4802266359761,1751.633846371423,non-gioco,train
clip_001491,train/passaggio/clip_001491.mp4,prima_parte,1762.53,1763.15,passaggio,train
clip_001492,train/passaggio/clip_001492.mp4,prima_parte,1764.72,1765.14,passaggio,train
clip_001493,train/passaggio/clip_001493.mp4,prima_parte,1765.96,1766.31,passaggio,train
clip_001494,train/passaggio/clip_001494.mp4,prima_parte,1768.78,1769.14,passaggio,train
clip_001495,train/non-gioco/clip_001495.mp4,prima_parte,1776.870977468855,1779.9513354032772,non-gioco,train
clip_001496,train/non-gioco/clip_001496.mp4,prima_parte,1777.1397207198936,1779.931229034873,non-gioco,train
clip_001497,train/idle/clip_001497.mp4,prima_parte,1781.7444448899073,1782.2444448899073,idle,train
clip_001498,train/idle/clip_001498.mp4,prima_parte,1785.5534953550068,1786.0534953550068,idle,train
clip_001499,train/passaggio/clip_001499.mp4,prima_parte,1794.17,1794.55,passaggio,train
clip_001500,train/passaggio/clip_001500.mp4,prima_parte,1795.91,1796.26,passaggio,train
clip_001501,train/idle/clip_001501.mp4,prima_parte,1797.1660571210978,1797.8970571210978,idle,train
clip_001502,train/passaggio/clip_001502.mp4,prima_parte,1799.35,1800.04,passaggio,train
clip_001503,train/passaggio/clip_001503.mp4,prima_parte,1802.67,1803.13,passaggio,train
clip_001504,train/idle/clip_001504.mp4,prima_parte,1806.1852096919124,1807.4272096919124,idle,train
clip_001505,train/non-gioco/clip_001505.mp4,prima_parte,1809.6513526547958,1813.1019642363042,non-gioco,train
clip_001506,train/non-gioco/clip_001506.mp4,prima_parte,1816.8763518856156,1818.5599141273988,non-gioco,train
clip_001507,train/idle/clip_001507.mp4,prima_parte,1823.5043401252726,1823.7833401252726,idle,train
clip_001508,train/tiroDaTre0/clip_001508.mp4,prima_parte,1829.28,1831.0,tiroDaTre0,train
clip_001509,train/passaggio/clip_001509.mp4,prima_parte,1832.97,1834.5,passaggio,train
clip_001510,train/non-gioco/clip_001510.mp4,prima_parte,1836.062015868097,1838.4401785602981,non-gioco,train
clip_001511,train/non-gioco/clip_001511.mp4,prima_parte,1840.42,1841.83,non-gioco,train
clip_001512,train/passaggio/clip_001512.mp4,prima_parte,1842.2,1842.94,passaggio,train
clip_001513,train/passaggio/clip_001513.mp4,prima_parte,1843.12,1844.19,passaggio,train
clip_001514,train/passaggio/clip_001514.mp4,prima_parte,1848.79,1849.37,passaggio,train
clip_001515,train/tiroDaDue1/clip_001515.mp4,prima_parte,1853.61,1854.66,tiroDaDue1,train
clip_001516,train/passaggio/clip_001516.mp4,prima_parte,1857.32,1857.63,passaggio,train
clip_001517,train/passaggio/clip_001517.mp4,prima_parte,1865.66,1866.08,passaggio,train
clip_001518,train/idle/clip_001518.mp4,prima_parte,1867.0685675819693,1867.4185675819695,idle,train
clip_001519,train/passaggio/clip_001519.mp4,prima_parte,1868.12,1868.46,passaggio,train
clip_001520,train/passaggio/clip_001520.mp4,prima_parte,1870.26,1870.76,passaggio,train
clip_001521,train/passaggio/clip_001521.mp4,prima_parte,1874.22,1874.55,passaggio,train
clip_001522,train/tiroDaDue0/clip_001522.mp4,prima_parte,1875.13,1876.57,tiroDaDue0,train
clip_001523,train/passaggio/clip_001523.mp4,prima_parte,1877.82,1878.17,passaggio,train
clip_001524,train/passaggio/clip_001524.mp4,prima_parte,1883.85,1884.37,passaggio,train
clip_001525,train/passaggio/clip_001525.mp4,prima_parte,1888.07,1888.53,passaggio,train
clip_001526,train/tiroDaDue0/clip_001526.mp4,prima_parte,1889.26,1891.05,tiroDaDue0,train
clip_001527,train/passaggio/clip_001527.mp4,prima_parte,1897.97,1898.67,passaggio,train
clip_001528,train/non-gioco/clip_001528.mp4,prima_parte,1916.0840352923642,1919.388705667193,non-gioco,train
clip_001529,train/idle/clip_001529.mp4,prima_parte,1923.0071501487284,1923.5371501487284,idle,train
clip_001530,train/non-gioco/clip_001530.mp4,prima_parte,1923.7313611655381,1925.4219796725934,non-gioco,train
clip_001531,train/non-gioco/clip_001531.mp4,prima_parte,1924.2221472844683,1927.4204629223345,non-gioco,train
clip_001532,train/idle/clip_001532.mp4,prima_parte,1933.232885993228,1933.5928859932276,idle,train
clip_001533,train/passaggio/clip_001533.mp4,prima_parte,1935.36,1935.7,passaggio,train
clip_001534,train/passaggio/clip_001534.mp4,prima_parte,1937.04,1937.42,passaggio,train
clip_001535,train/passaggio/clip_001535.mp4,prima_parte,1939.21,1939.56,passaggio,train
clip_001536,train/passaggio/clip_001536.mp4,prima_parte,1940.38,1940.69,passaggio,train
clip_001537,train/tiroDaTre0/clip_001537.mp4,prima_parte,1941.28,1943.41,tiroDaTre0,train
clip_001538,train/passaggio/clip_001538.mp4,prima_parte,1944.83,1945.13,passaggio,train
clip_001539,train/passaggio/clip_001539.mp4,prima_parte,1945.65,1946.58,passaggio,train
clip_001540,train/passaggio/clip_001540.mp4,prima_parte,1948.42,1948.87,passaggio,train
clip_001541,train/passaggio/clip_001541.mp4,prima_parte,1949.79,1950.12,passaggio,train
clip_001542,train/tiroDaTre1/clip_001542.mp4,prima_parte,1950.84,1952.77,tiroDaTre1,train
clip_001543,train/passaggio/clip_001543.mp4,prima_parte,1963.29,1963.61,passaggio,train
clip_001544,train/passaggio/clip_001544.mp4,prima_parte,1963.96,1964.41,passaggio,train
clip_001545,train/tiroDaTre0/clip_001545.mp4,prima_parte,1964.93,1967.21,tiroDaTre0,train
clip_001546,train/passaggio/clip_001546.mp4,prima_parte,1968.35,1968.65,passaggio,train
clip_001547,train/passaggio/clip_001547.mp4,prima_parte,1971.44,1971.91,passaggio,train
clip_001548,train/passaggio/clip_001548.mp4,prima_parte,1975.31,1975.96,passaggio,train
clip_001549,train/non-gioco/clip_001549.mp4,prima_parte,1982.4245357579143,1984.6486366245535,non-gioco,train
clip_001550,train/non-gioco/clip_001550.mp4,prima_parte,1989.022074918908,1990.729172377115,non-gioco,train
clip_001551,train/non-gioco/clip_001551.mp4,prima_parte,1990.8263343536728,1993.1727857979324,non-gioco,train
clip_001552,train/idle/clip_001552.mp4,prima_parte,1999.326652815178,2000.246652815178,idle,train
clip_001553,train/idle/clip_001553.mp4,prima_parte,2005.1356599957548,2005.685659995755,idle,train
clip_001554,train/idle/clip_001554.mp4,prima_parte,2008.7201518276447,2009.141151827645,idle,train
clip_001555,train/non-gioco/clip_001555.mp4,prima_parte,2011.2585215140655,2013.5278657035897,non-gioco,train
clip_001556,train/non-gioco/clip_001556.mp4,prima_parte,2016.3552882851466,2018.392644344025,non-gioco,train
clip_001557,train/non-gioco/clip_001557.mp4,prima_parte,2018.715760454455,2021.1831047604903,non-gioco,train
clip_001558,train/passaggio/clip_001558.mp4,prima_parte,2023.99,2024.38,passaggio,train
clip_001559,train/passaggio/clip_001559.mp4,prima_parte,2024.89,2025.23,passaggio,train
clip_001560,train/passaggio/clip_001560.mp4,prima_parte,2028.21,2028.72,passaggio,train
clip_001561,train/tiroDaTre0/clip_001561.mp4,prima_parte,2029.36,2031.58,tiroDaTre0,train
clip_001562,train/passaggio/clip_001562.mp4,prima_parte,2032.86,2033.21,passaggio,train
clip_001563,train/idle/clip_001563.mp4,prima_parte,2035.170606063092,2035.7406060630922,idle,train
clip_001564,train/passaggio/clip_001564.mp4,prima_parte,2039.99,2040.42,passaggio,train
clip_001565,train/passaggio/clip_001565.mp4,prima_parte,2044.77,2045.24,passaggio,train
clip_001566,train/tiroDaDue1/clip_001566.mp4,prima_parte,2052.59,2053.88,tiroDaDue1,train
clip_001567,train/passaggio/clip_001567.mp4,prima_parte,2064.0,2064.55,passaggio,train
clip_001568,train/idle/clip_001568.mp4,prima_parte,2065.4524675204066,2066.0914675204067,idle,train
clip_001569,train/passaggio/clip_001569.mp4,prima_parte,2066.63,2067.06,passaggio,train
clip_001570,train/passaggio/clip_001570.mp4,prima_parte,2071.75,2072.6,passaggio,train
clip_001571,train/tiroDaTre0/clip_001571.mp4,prima_parte,2077.91,2079.99,tiroDaTre0,train
clip_001572,train/idle/clip_001572.mp4,prima_parte,2087.320185769226,2088.503185769226,idle,train
clip_001573,train/tiroDaDue0/clip_001573.mp4,prima_parte,2099.38,2100.42,tiroDaDue0,train
clip_001574,train/idle/clip_001574.mp4,prima_parte,2103.1560036078454,2104.146003607845,idle,train
clip_001575,train/non-gioco/clip_001575.mp4,prima_parte,2105.7355821115925,2108.6744432993405,non-gioco,train
clip_001576,train/non-gioco/clip_001576.mp4,prima_parte,2119.0879099274407,2121.72486324351,non-gioco,train
clip_001577,train/non-gioco/clip_001577.mp4,prima_parte,2128.6787697728096,2131.1082638777716,non-gioco,train
clip_001578,train/idle/clip_001578.mp4,prima_parte,2135.931536975769,2136.7915369757698,idle,train
clip_001579,train/non-gioco/clip_001579.mp4,prima_parte,2139.419151049329,2141.557512591495,non-gioco,train
clip_001580,train/non-gioco/clip_001580.mp4,prima_parte,2146.854767912043,2149.883290168455,non-gioco,train
clip_001581,train/non-gioco/clip_001581.mp4,prima_parte,2149.8161227352466,2152.6222323041734,non-gioco,train
clip_001582,train/non-gioco/clip_001582.mp4,prima_parte,2153.29791571165,2156.483391646786,non-gioco,train
clip_001583,train/non-gioco/clip_001583.mp4,prima_parte,2155.6892519113876,2158.0041296284066,non-gioco,train
clip_001584,train/non-gioco/clip_001584.mp4,prima_parte,2159.7649663808033,2163.2170117274527,non-gioco,train
clip_001585,train/non-gioco/clip_001585.mp4,prima_parte,2161.7833086963374,2162.8758577247013,non-gioco,train
clip_001586,train/non-gioco/clip_001586.mp4,prima_parte,2166.1038579967462,2168.483651539423,non-gioco,train
clip_001587,train/idle/clip_001587.mp4,prima_parte,2168.933471492776,2170.210471492776,idle,train
clip_001588,train/idle/clip_001588.mp4,prima_parte,2169.3605080787897,2169.8405080787898,idle,train
clip_001589,train/idle/clip_001589.mp4,prima_parte,2176.033994926679,2176.369994926679,idle,train
clip_001590,train/idle/clip_001590.mp4,prima_parte,2176.537765926541,2177.312765926541,idle,train
clip_001591,train/non-gioco/clip_001591.mp4,prima_parte,2185.2994617407066,2188.1612246196196,non-gioco,train
clip_001592,train/non-gioco/clip_001592.mp4,prima_parte,2185.339546145955,2186.811177080223,non-gioco,train
clip_001593,train/idle/clip_001593.mp4,prima_parte,2196.563401329946,2196.973401329946,idle,train
clip_001594,train/non-gioco/clip_001594.mp4,prima_parte,2199.35788856003,2202.017110633741,non-gioco,train
clip_001595,train/non-gioco/clip_001595.mp4,prima_parte,2205.4146020070166,2207.8900530802907,non-gioco,train
clip_001596,train/idle/clip_001596.mp4,prima_parte,2214.1123837257387,2216.5423837257385,idle,train
clip_001597,train/idle/clip_001597.mp4,prima_parte,2216.8149456662672,2217.124945666267,idle,train
clip_001598,train/idle/clip_001598.mp4,prima_parte,2220.2739403250257,2220.510940325026,idle,train
clip_001599,train/idle/clip_001599.mp4,prima_parte,2224.0478231351003,2224.5888231351005,idle,train
clip_001600,train/passaggio/clip_001600.mp4,prima_parte,2232.0,2232.3,passaggio,train
clip_001601,train/passaggio/clip_001601.mp4,prima_parte,2236.75,2237.42,passaggio,train
clip_001602,train/passaggio/clip_001602.mp4,prima_parte,2238.84,2239.35,passaggio,train
clip_001603,train/passaggio/clip_001603.mp4,prima_parte,2240.03,2240.89,passaggio,train
clip_001604,train/passaggio/clip_001604.mp4,prima_parte,2246.84,2247.26,passaggio,train
clip_001605,train/passaggio/clip_001605.mp4,prima_parte,2248.99,2249.36,passaggio,train
clip_001606,train/passaggio/clip_001606.mp4,prima_parte,2250.42,2250.97,passaggio,train
clip_001607,train/non-gioco/clip_001607.mp4,prima_parte,2259.259960343729,2261.4336868461905,non-gioco,train
clip_001608,train/passaggio/clip_001608.mp4,prima_parte,2262.79,2263.42,passaggio,train
clip_001609,train/passaggio/clip_001609.mp4,prima_parte,2264.05,2264.69,passaggio,train
clip_001610,train/idle/clip_001610.mp4,prima_parte,2265.896954415751,2266.550954415751,idle,train
clip_001611,train/passaggio/clip_001611.mp4,prima_parte,2271.28,2271.64,passaggio,train
clip_001612,train/passaggio/clip_001612.mp4,prima_parte,2274.18,2274.6,passaggio,train
clip_001613,train/passaggio/clip_001613.mp4,prima_parte,2275.96,2276.29,passaggio,train
clip_001614,train/passaggio/clip_001614.mp4,prima_parte,2277.11,2277.56,passaggio,train
clip_001615,train/passaggio/clip_001615.mp4,prima_parte,2280.64,2281.52,passaggio,train
clip_001616,train/idle/clip_001616.mp4,prima_parte,2284.990411019022,2286.463411019022,idle,train
clip_001617,train/idle/clip_001617.mp4,prima_parte,2286.957451953373,2288.582451953373,idle,train
clip_001618,train/non-gioco/clip_001618.mp4,prima_parte,2292.28468162272,2294.131084707849,non-gioco,train
clip_001619,train/non-gioco/clip_001619.mp4,prima_parte,2293.733155162081,2296.3577467935293,non-gioco,train
clip_001620,train/passaggio/clip_001620.mp4,prima_parte,2302.81,2303.16,passaggio,train
clip_001621,train/non-gioco/clip_001621.mp4,prima_parte,2309.131585907738,2311.081609401545,non-gioco,train
clip_001622,train/idle/clip_001622.mp4,prima_parte,2311.3024730628194,2312.25947306282,idle,train
clip_001623,train/non-gioco/clip_001623.mp4,prima_parte,2315.334493959844,2318.465347301259,non-gioco,train
clip_001624,train/idle/clip_001624.mp4,prima_parte,2321.765999049386,2322.2959990493864,idle,train
clip_001625,train/tiroLibero1/clip_001625.mp4,prima_parte,2323.95,2325.57,tiroLibero1,train
clip_001626,train/non-gioco/clip_001626.mp4,prima_parte,2327.51,2329.94,non-gioco,train
clip_001627,train/tiroLibero1/clip_001627.mp4,prima_parte,2332.23,2333.76,tiroLibero1,train
clip_001628,train/passaggio/clip_001628.mp4,prima_parte,2335.43,2335.82,passaggio,train
clip_001629,train/passaggio/clip_001629.mp4,prima_parte,2344.95,2345.39,passaggio,train
clip_001630,train/passaggio/clip_001630.mp4,prima_parte,2347.99,2348.45,passaggio,train
clip_001631,train/idle/clip_001631.mp4,prima_parte,2349.0361576393248,2349.6171576393244,idle,train
clip_001632,train/passaggio/clip_001632.mp4,prima_parte,2352.85,2353.46,passaggio,train
clip_001633,train/non-gioco/clip_001633.mp4,prima_parte,2362.6728330784626,2365.46962664152,non-gioco,train
clip_001634,train/non-gioco/clip_001634.mp4,prima_parte,2373.318891896739,2376.4998494402353,non-gioco,train
clip_001635,train/idle/clip_001635.mp4,prima_parte,2388.490474805914,2389.050474805914,idle,train
clip_001636,train/passaggio/clip_001636.mp4,prima_parte,2391.16,2391.6,passaggio,train
clip_001637,train/tiroDaTre0/clip_001637.mp4,prima_parte,2392.63,2394.29,tiroDaTre0,train
clip_001638,train/passaggio/clip_001638.mp4,prima_parte,2395.1,2395.44,passaggio,train
clip_001639,train/passaggio/clip_001639.mp4,prima_parte,2402.34,2402.79,passaggio,train
clip_001640,train/idle/clip_001640.mp4,prima_parte,2409.9447753008603,2411.2147753008603,idle,train
clip_001641,train/non-gioco/clip_001641.mp4,prima_parte,2414.7287393207284,2415.8997911886822,non-gioco,train
clip_001642,train/non-gioco/clip_001642.mp4,prima_parte,2418.660590781778,2421.9629135287287,non-gioco,train
clip_001643,train/tiroDaTre1/clip_001643.mp4,prima_parte,2429.94,2431.59,tiroDaTre1,train
clip_001644,train/idle/clip_001644.mp4,prima_parte,2443.105742262889,2443.735742262889,idle,train
clip_001645,train/passaggio/clip_001645.mp4,prima_parte,2451.99,2452.46,passaggio,train
clip_001646,train/passaggio/clip_001646.mp4,prima_parte,2454.67,2455.22,passaggio,train
clip_001647,train/passaggio/clip_001647.mp4,prima_parte,2456.2,2456.81,passaggio,train
clip_001648,train/idle/clip_001648.mp4,prima_parte,2457.8858896037013,2458.5098896037016,idle,train
clip_001649,train/non-gioco/clip_001649.mp4,prima_parte,2462.2193545497416,2465.0862704665865,non-gioco,train
clip_001650,train/non-gioco/clip_001650.mp4,prima_parte,2465.2349290421794,2466.4810368581375,non-gioco,train
clip_001651,train/idle/clip_001651.mp4,prima_parte,2471.4549308934465,2471.6979308934465,idle,train
clip_001652,train/passaggio/clip_001652.mp4,prima_parte,2473.65,2473.99,passaggio,train
clip_001653,train/passaggio/clip_001653.mp4,prima_parte,2476.87,2477.22,passaggio,train
clip_001654,train/passaggio/clip_001654.mp4,prima_parte,2480.51,2480.99,passaggio,train
clip_001655,train/tiroDaTre0/clip_001655.mp4,prima_parte,2481.52,2483.75,tiroDaTre0,train
clip_001656,train/passaggio/clip_001656.mp4,prima_parte,2485.41,2486.31,passaggio,train
clip_001657,train/passaggio/clip_001657.mp4,prima_parte,2487.55,2488.0,passaggio,train
clip_001658,train/idle/clip_001658.mp4,prima_parte,2489.1098291050102,2489.49982910501,idle,train
clip_001659,train/passaggio/clip_001659.mp4,prima_parte,2494.46,2494.85,passaggio,train
clip_001660,train/tiroDaTre0/clip_001660.mp4,prima_parte,2503.33,2505.14,tiroDaTre0,train
clip_001661,train/passaggio/clip_001661.mp4,prima_parte,2513.3,2513.82,passaggio,train
clip_001662,train/non-gioco/clip_001662.mp4,prima_parte,2524.6165068602922,2527.79795494181,non-gioco,train
clip_001663,train/non-gioco/clip_001663.mp4,prima_parte,2530.3319895424297,2533.0669924494127,non-gioco,train
clip_001665,test/passaggio/clip_001665.mp4,psa_converted,7.16,8.0,passaggio,test
clip_001666,test/passaggio/clip_001666.mp4,psa_converted,10.9,11.82,passaggio,test
clip_001667,test/idle/clip_001667.mp4,psa_converted,12.391205973856373,13.295205973856369,idle,test
clip_001668,test/passaggio/clip_001668.mp4,psa_converted,15.19,16.19,passaggio,test
clip_001669,test/tiroDaDue1/clip_001669.mp4,psa_converted,16.359,18.0,tiroDaDue1,test
clip_001670,test/passaggio/clip_001670.mp4,psa_converted,19.404,19.968,passaggio,test
clip_001671,test/passaggio/clip_001671.mp4,psa_converted,29.144,29.848,passaggio,test
clip_001672,test/passaggio/clip_001672.mp4,psa_converted,32.587,33.389,passaggio,test
clip_001673,test/tiroDaTre1/clip_001673.mp4,psa_converted,33.789,36.442,tiroDaTre1,test
clip_001674,test/passaggio/clip_001674.mp4,psa_converted,39.07,39.39,passaggio,test
clip_001675,test/passaggio/clip_001675.mp4,psa_converted,45.7,46.048,passaggio,test
clip_001676,test/passaggio/clip_001676.mp4,psa_converted,49.26,49.88,passaggio,test
clip_001677,test/idle/clip_001677.mp4,psa_converted,50.865896247781585,51.26589624778122,idle,test
clip_001678,test/passaggio/clip_001678.mp4,psa_converted,51.922,52.546,passaggio,test
clip_001679,test/idle/clip_001679.mp4,psa_converted,56.20369829221444,56.70369829221444,idle,test
clip_001680,test/non-gioco/clip_001680.mp4,psa_converted,61.204023510086884,62.937442949999905,non-gioco,test
clip_001681,test/non-gioco/clip_001681.mp4,psa_converted,66.85084993330146,67.96582735499449,non-gioco,test
clip_001682,test/passaggio/clip_001682.mp4,psa_converted,73.63,74.818,passaggio,test
clip_001683,test/passaggio/clip_001683.mp4,psa_converted,77.44,78.4,passaggio,test
clip_001684,test/non-gioco/clip_001684.mp4,psa_converted,82.9,86.77,non-gioco,test
clip_001685,test/non-gioco/clip_001685.mp4,psa_converted,89.54591528741328,90.90983977666177,non-gioco,test
clip_001686,test/non-gioco/clip_001686.mp4,psa_converted,93.36,96.97,non-gioco,test
clip_001687,test/passaggio/clip_001687.mp4,psa_converted,99.36,100.548,passaggio,test
clip_001688,test/idle/clip_001688.mp4,psa_converted,102.08106158939336,103.37106158939332,idle,test
clip_001689,test/passaggio/clip_001689.mp4,psa_converted,104.012,104.852,passaggio,test
clip_001690,test/tiroDaDue0/clip_001690.mp4,psa_converted,108.93,109.35,tiroDaDue0,test
clip_001691,test/non-gioco/clip_001691.mp4,psa_converted,111.33913916110197,112.76409828377221,non-gioco,test
clip_001692,test/non-gioco/clip_001692.mp4,psa_converted,122.5730674114834,125.75016640809552,non-gioco,test
clip_001693,test/non-gioco/clip_001693.mp4,psa_converted,126.81151942511893,129.22633957990877,non-gioco,test
clip_001694,test/tiroLibero1/clip_001694.mp4,psa_converted,135.151,137.995,tiroLibero1,test
clip_001695,test/non-gioco/clip_001695.mp4,psa_converted,138.08,141.72,non-gioco,test
clip_001696,test/tiroLibero0/clip_001696.mp4,psa_converted,143.636,146.612,tiroLibero0,test
clip_001697,test/idle/clip_001697.mp4,psa_converted,153.5248290547862,153.9868290547862,idle,test
clip_001698,test/non-gioco/clip_001698.mp4,psa_converted,154.6183042444416,156.22037872408237,non-gioco,test
clip_001699,test/passaggio/clip_001699.mp4,psa_converted,160.09,160.63,passaggio,test
clip_001700,test/passaggio/clip_001700.mp4,psa_converted,162.57,163.23,passaggio,test
clip_001701,test/passaggio/clip_001701.mp4,psa_converted,164.176,164.932,passaggio,test
clip_001702,test/passaggio/clip_001702.mp4,psa_converted,166.31,167.14,passaggio,test
clip_001703,test/non-gioco/clip_001703.mp4,psa_converted,168.52,171.41,non-gioco,test
clip_001704,test/non-gioco/clip_001704.mp4,psa_converted,173.7333681218715,175.09116242219278,non-gioco,test
clip_001705,test/passaggio/clip_001705.mp4,psa_converted,178.346,178.662,passaggio,test
clip_001706,test/idle/clip_001706.mp4,psa_converted,183.79276873257447,184.23676873257446,idle,test
clip_001707,test/passaggio/clip_001707.mp4,psa_converted,188.518,189.058,passaggio,test
clip_001708,test/tiroDaTre0/clip_001708.mp4,psa_converted,190.278,192.87,tiroDaTre0,test
clip_001709,test/passaggio/clip_001709.mp4,psa_converted,196.14,196.548,passaggio,test
clip_001710,test/passaggio/clip_001710.mp4,psa_converted,198.59,199.25,passaggio,test
clip_001711,test/passaggio/clip_001711.mp4,psa_converted,199.738,200.014,passaggio,test
clip_001712,test/passaggio/clip_001712.mp4,psa_converted,201.822,202.266,passaggio,test
clip_001713,test/tiroDaDue1/clip_001713.mp4,psa_converted,203.3,205.85,tiroDaDue1,test
clip_001714,test/passaggio/clip_001714.mp4,psa_converted,208.16,208.53,passaggio,test
clip_001715,test/passaggio/clip_001715.mp4,psa_converted,215.508,216.3,passaggio,test
clip_001716,test/passaggio/clip_001716.mp4,psa_converted,221.25,221.694,passaggio,test
clip_001717,test/passaggio/clip_001717.mp4,psa_converted,225.12,225.468,passaggio,test
clip_001718,test/tiroDaDue1/clip_001718.mp4,psa_converted,227.494,229.752,tiroDaDue1,test
clip_001719,test/passaggio/clip_001719.mp4,psa_converted,231.21,231.648,passaggio,test
clip_001720,test/passaggio/clip_001720.mp4,psa_converted,237.14,237.738,passaggio,test
clip_001721,test/passaggio/clip_001721.mp4,psa_converted,238.98,239.292,passaggio,test
clip_001722,test/idle/clip_001722.mp4,psa_converted,240.13483359785738,240.8218335978574,idle,test
clip_001723,test/passaggio/clip_001723.mp4,psa_converted,242.07,242.44,passaggio,test
clip_001724,test/passaggio/clip_001724.mp4,psa_converted,244.698,245.238,passaggio,test
clip_001725,test/tiroDaTre1/clip_001725.mp4,psa_converted,245.71,247.558,tiroDaTre1,test
clip_001726,test/idle/clip_001726.mp4,psa_converted,250.04879824432686,250.6147982443269,idle,test
clip_001727,test/passaggio/clip_001727.mp4,psa_converted,255.8,256.512,passaggio,test
clip_001728,test/passaggio/clip_001728.mp4,psa_converted,263.53,264.025,passaggio,test
clip_001729,test/passaggio/clip_001729.mp4,psa_converted,265.323,265.912,passaggio,test
clip_001730,test/passaggio/clip_001730.mp4,psa_converted,270.071,270.708,passaggio,test
clip_001731,test/passaggio/clip_001731.mp4,psa_converted,274.374,275.058,passaggio,test
clip_001732,test/passaggio/clip_001732.mp4,psa_converted,275.62,276.376,passaggio,test
clip_001733,test/passaggio/clip_001733.mp4,psa_converted,280.188,280.716,passaggio,test
clip_001734,test/idle/clip_001734.mp4,psa_converted,281.4994107591031,281.97941075910313,idle,test
clip_001735,test/tiroDaTre0/clip_001735.mp4,psa_converted,284.994,287.24,tiroDaTre0,test
clip_001736,test/passaggio/clip_001736.mp4,psa_converted,303.722,304.286,passaggio,test
clip_001737,test/passaggio/clip_001737.mp4,psa_converted,309.74,310.12,passaggio,test
clip_001738,test/passaggio/clip_001738.mp4,psa_converted,312.104,312.584,passaggio,test
clip_001739,test/passaggio/clip_001739.mp4,psa_converted,313.614,314.154,passaggio,test
clip_001740,test/passaggio/clip_001740.mp4,psa_converted,314.774,315.398,passaggio,test
clip_001741,test/passaggio/clip_001741.mp4,psa_converted,317.6,318.296,passaggio,test
clip_001742,test/passaggio/clip_001742.mp4,psa_converted,320.166,320.826,passaggio,test
clip_001743,test/tiroDaTre0/clip_001743.mp4,psa_converted,322.01,324.336,tiroDaTre0,test
clip_001744,test/passaggio/clip_001744.mp4,psa_converted,329.144,329.732,passaggio,test
clip_001745,test/passaggio/clip_001745.mp4,psa_converted,331.26,332.1,passaggio,test
clip_001746,test/idle/clip_001746.mp4,psa_converted,332.7752507030061,333.97725070300635,idle,test
clip_001747,test/passaggio/clip_001747.mp4,psa_converted,334.694,335.222,passaggio,test
clip_001748,test/passaggio/clip_001748.mp4,psa_converted,337.206,337.674,passaggio,test
clip_001749,test/passaggio/clip_001749.mp4,psa_converted,339.894,340.482,passaggio,test
clip_001750,test/passaggio/clip_001750.mp4,psa_converted,344.568,345.264,passaggio,test
clip_001751,test/tiroDaTre0/clip_001751.mp4,psa_converted,345.726,347.694,tiroDaTre0,test
clip_001752,test/passaggio/clip_001752.mp4,psa_converted,349.338,349.77,passaggio,test
clip_001753,test/tiroDaDue1/clip_001753.mp4,psa_converted,352.05,352.7,tiroDaDue1,test
clip_001754,test/passaggio/clip_001754.mp4,psa_converted,354.14,354.37,passaggio,test
clip_001755,test/idle/clip_001755.mp4,psa_converted,361.2950567048037,361.8530567048037,idle,test
clip_001756,test/tiroDaDue0/clip_001756.mp4,psa_converted,364.77,365.682,tiroDaDue0,test
clip_001757,test/non-gioco/clip_001757.mp4,psa_converted,369.63574711934297,371.2706904678768,non-gioco,test
clip_001758,test/idle/clip_001758.mp4,psa_converted,377.09230851753284,377.69230851753275,idle,test
clip_001759,test/non-gioco/clip_001759.mp4,psa_converted,378.5305104719,379.5540040505372,non-gioco,test
clip_001760,test/tiroLibero0/clip_001760.mp4,psa_converted,387.35,389.2,tiroLibero0,test
clip_001761,test/non-gioco/clip_001761.mp4,psa_converted,391.6154223480883,394.8684459070855,non-gioco,test
clip_001762,test/idle/clip_001762.mp4,psa_converted,395.3497031738029,397.0397031738029,idle,test
clip_001763,test/idle/clip_001763.mp4,psa_converted,397.6829807117104,398.0629807117105,idle,test
clip_001764,test/tiroLibero1/clip_001764.mp4,psa_converted,400.37,401.68,tiroLibero1,test
clip_001765,test/passaggio/clip_001765.mp4,psa_converted,403.5,404.184,passaggio,test
clip_001766,test/passaggio/clip_001766.mp4,psa_converted,408.38,408.632,passaggio,test
clip_001767,test/passaggio/clip_001767.mp4,psa_converted,410.58,411.3,passaggio,test
clip_001768,test/passaggio/clip_001768.mp4,psa_converted,412.502,412.994,passaggio,test
clip_001769,test/tiroDaTre0/clip_001769.mp4,psa_converted,413.694,415.566,tiroDaTre0,test
clip_001770,test/idle/clip_001770.mp4,psa_converted,418.41519151449273,419.1551915144927,idle,test
clip_001771,test/non-gioco/clip_001771.mp4,psa_converted,420.3173819254494,421.7123209806289,non-gioco,test
clip_001772,test/passaggio/clip_001772.mp4,psa_converted,426.082,426.67,passaggio,test
clip_001773,test/idle/clip_001773.mp4,psa_converted,428.94996786426424,429.43496786426414,idle,test
clip_001774,test/passaggio/clip_001774.mp4,psa_converted,432.836,433.088,passaggio,test
clip_001775,test/tiroDaDue0/clip_001775.mp4,psa_converted,436.98,438.28,tiroDaDue0,test
clip_001776,test/idle/clip_001776.mp4,psa_converted,441.7415796455482,442.077579645548,idle,test
clip_001777,test/passaggio/clip_001777.mp4,psa_converted,443.59,444.22,passaggio,test
clip_001778,test/passaggio/clip_001778.mp4,psa_converted,447.134,447.566,passaggio,test
clip_001779,test/tiroDaDue0/clip_001779.mp4,psa_converted,449.6,450.2,tiroDaDue0,test
clip_001780,test/passaggio/clip_001780.mp4,psa_converted,453.788,454.424,passaggio,test
clip_001781,test/passaggio/clip_001781.mp4,psa_converted,455.116,455.584,passaggio,test
clip_001782,test/passaggio/clip_001782.mp4,psa_converted,456.814,457.318,passaggio,test
clip_001783,test/passaggio/clip_001783.mp4,psa_converted,458.648,459.176,passaggio,test
clip_001784,test/passaggio/clip_001784.mp4,psa_converted,461.67,462.054,passaggio,test
clip_001785,test/passaggio/clip_001785.mp4,psa_converted,462.58,462.916,passaggio,test
clip_001786,test/passaggio/clip_001786.mp4,psa_converted,466.49,466.826,passaggio,test
clip_001787,test/passaggio/clip_001787.mp4,psa_converted,469.058,469.802,passaggio,test
clip_001788,test/tiroDaDue0/clip_001788.mp4,psa_converted,474.774,476.022,tiroDaDue0,test
clip_001789,test/passaggio/clip_001789.mp4,psa_converted,478.886,479.294,passaggio,test
clip_001790,test/passaggio/clip_001790.mp4,psa_converted,479.728,480.424,passaggio,test
clip_001791,test/passaggio/clip_001791.mp4,psa_converted,482.746,483.358,passaggio,test
clip_001792,test/passaggio/clip_001792.mp4,psa_converted,489.044,489.932,passaggio,test
clip_001793,test/passaggio/clip_001793.mp4,psa_converted,491.448,491.94,passaggio,test
clip_001794,test/passaggio/clip_001794.mp4,psa_converted,493.006,493.498,passaggio,test
clip_001795,test/passaggio/clip_001795.mp4,psa_converted,497.112,497.904,passaggio,test
clip_001796,test/tiroDaTre0/clip_001796.mp4,psa_converted,498.344,501.536,tiroDaTre0,test
clip_001797,test/passaggio/clip_001797.mp4,psa_converted,503.578,504.466,passaggio,test
clip_001798,test/passaggio/clip_001798.mp4,psa_converted,506.102,506.738,passaggio,test
clip_001799,test/tiroDaDue1/clip_001799.mp4,psa_converted,507.56,508.748,tiroDaDue1,test
clip_001800,test/passaggio/clip_001800.mp4,psa_converted,510.256,511.012,passaggio,test
clip_001801,test/idle/clip_001801.mp4,psa_converted,511.8110379714968,512.8970379714965,idle,test
clip_001802,test/passaggio/clip_001802.mp4,psa_converted,518.197,518.798,passaggio,test
clip_001803,test/passaggio/clip_001803.mp4,psa_converted,519.804,520.08,passaggio,test
clip_001804,test/passaggio/clip_001804.mp4,psa_converted,523.271,523.896,passaggio,test
clip_001805,test/tiroDaTre1/clip_001805.mp4,psa_converted,524.645,526.74,tiroDaTre1,test
clip_001806,test/idle/clip_001806.mp4,psa_converted,528.4753614422019,529.1003614422019,idle,test
clip_001807,test/idle/clip_001807.mp4,psa_converted,530.8563928555247,531.6573928555247,idle,test
clip_001808,test/idle/clip_001808.mp4,psa_converted,531.7970929946804,533.1570929946803,idle,test
clip_001809,test/passaggio/clip_001809.mp4,psa_converted,535.61,536.004,passaggio,test
clip_001810,test/tiroDaDue1/clip_001810.mp4,psa_converted,540.86,542.65,tiroDaDue1,test
clip_001811,test/passaggio/clip_001811.mp4,psa_converted,544.54,544.72,passaggio,test
clip_001812,test/passaggio/clip_001812.mp4,psa_converted,544.98,545.27,passaggio,test
clip_001813,test/passaggio/clip_001813.mp4,psa_converted,551.4,552.05,passaggio,test
clip_001814,test/passaggio/clip_001814.mp4,psa_converted,555.18,555.89,passaggio,test
clip_001815,test/passaggio/clip_001815.mp4,psa_converted,556.47,557.1,passaggio,test
clip_001816,test/tiroDaTre0/clip_001816.mp4,psa_converted,558.66,560.23,tiroDaTre0,test
clip_001817,test/non-gioco/clip_001817.mp4,psa_converted,567.1011525593324,569.6984993152324,non-gioco,test
clip_001818,test/non-gioco/clip_001818.mp4,psa_converted,569.8296371613633,571.693551222471,non-gioco,test
clip_001819,test/idle/clip_001819.mp4,psa_converted,574.9000924098127,576.6430924098127,idle,test
clip_001820,test/passaggio/clip_001820.mp4,psa_converted,578.05,578.75,passaggio,test
clip_001821,test/passaggio/clip_001821.mp4,psa_converted,579.15,579.57,passaggio,test
clip_001822,test/passaggio/clip_001822.mp4,psa_converted,582.85,583.23,passaggio,test
clip_001823,test/passaggio/clip_001823.mp4,psa_converted,583.65,583.84,passaggio,test
clip_001824,test/passaggio/clip_001824.mp4,psa_converted,587.06,587.48,passaggio,test
clip_001825,test/passaggio/clip_001825.mp4,psa_converted,589.53,590.02,passaggio,test
clip_001826,test/passaggio/clip_001826.mp4,psa_converted,590.47,590.83,passaggio,test
clip_001827,test/tiroDaDue1/clip_001827.mp4,psa_converted,593.26,594.67,tiroDaDue1,test
clip_001828,test/idle/clip_001828.mp4,psa_converted,605.5798654706708,607.2298654706709,idle,test
clip_001829,test/tiroDaTre0/clip_001829.mp4,psa_converted,609.54,611.21,tiroDaTre0,test
clip_001830,test/passaggio/clip_001830.mp4,psa_converted,616.04,616.48,passaggio,test
clip_001831,test/passaggio/clip_001831.mp4,psa_converted,619.81,620.11,passaggio,test
clip_001832,test/idle/clip_001832.mp4,psa_converted,627.3578650848896,628.0928650848901,idle,test
clip_001833,test/non-gioco/clip_001833.mp4,psa_converted,629.5556931858831,631.0537356836553,non-gioco,test
clip_001834,test/idle/clip_001834.mp4,psa_converted,634.1377589180088,634.6677589180085,idle,test
clip_001835,test/non-gioco/clip_001835.mp4,psa_converted,635.9206495839173,637.5458951449366,non-gioco,test
clip_001836,test/passaggio/clip_001836.mp4,psa_converted,640.07,640.71,passaggio,test
clip_001837,test/passaggio/clip_001837.mp4,psa_converted,645.23,645.51,passaggio,test
clip_001838,test/tiroDaTre0/clip_001838.mp4,psa_converted,646.57,648.82,tiroDaTre0,test
clip_001839,test/idle/clip_001839.mp4,psa_converted,649.8828257325141,650.2988257325143,idle,test
clip_001840,test/passaggio/clip_001840.mp4,psa_converted,654.62,655.07,passaggio,test
clip_001841,test/tiroDaTre1/clip_001841.mp4,psa_converted,656.25,658.11,tiroDaTre1,test
clip_001842,test/passaggio/clip_001842.mp4,psa_converted,673.37,673.71,passaggio,test
clip_001843,test/passaggio/clip_001843.mp4,psa_converted,679.83,680.17,passaggio,test
clip_001844,test/tiroDaTre0/clip_001844.mp4,psa_converted,681.01,682.75,tiroDaTre0,test
clip_001845,test/passaggio/clip_001845.mp4,psa_converted,684.81,685.2,passaggio,test
clip_001846,test/tiroDaTre0/clip_001846.mp4,psa_converted,685.84,687.85,tiroDaTre0,test
clip_001847,test/passaggio/clip_001847.mp4,psa_converted,689.37,689.71,passaggio,test
clip_001848,test/tiroDaDue0/clip_001848.mp4,psa_converted,690.94,692.77,tiroDaDue0,test
clip_001849,test/passaggio/clip_001849.mp4,psa_converted,693.82,694.21,passaggio,test
clip_001850,test/passaggio/clip_001850.mp4,psa_converted,694.54,695.24,passaggio,test
clip_001851,test/tiroDaDue1/clip_001851.mp4,psa_converted,698.51,699.56,tiroDaDue1,test
clip_001852,test/non-gioco/clip_001852.mp4,psa_converted,699.84,701.66,non-gioco,test
clip_001853,test/passaggio/clip_001853.mp4,psa_converted,702.41,702.86,passaggio,test
clip_001854,test/passaggio/clip_001854.mp4,psa_converted,710.16,710.44,passaggio,test
clip_001855,test/idle/clip_001855.mp4,psa_converted,712.7463877840761,713.268387784076,idle,test
clip_001856,test/passaggio/clip_001856.mp4,psa_converted,716.44,716.69,passaggio,test
clip_001857,test/passaggio/clip_001857.mp4,psa_converted,719.28,719.61,passaggio,test
clip_001858,test/passaggio/clip_001858.mp4,psa_converted,723.76,724.28,passaggio,test
clip_001859,test/tiroDaDue0/clip_001859.mp4,psa_converted,728.19,730.05,tiroDaDue0,test
clip_001860,test/passaggio/clip_001860.mp4,psa_converted,739.94,740.32,passaggio,test
clip_001861,test/passaggio/clip_001861.mp4,psa_converted,742.68,742.98,passaggio,test
clip_001862,test/passaggio/clip_001862.mp4,psa_converted,748.46,748.86,passaggio,test
clip_001863,test/non-gioco/clip_001863.mp4,psa_converted,754.4307481552743,756.6387683079223,non-gioco,test
clip_001864,test/non-gioco/clip_001864.mp4,psa_converted,758.7164443961933,761.1462511270702,non-gioco,test
clip_001865,test/idle/clip_001865.mp4,psa_converted,765.1536123395861,765.879612339586,idle,test
clip_001866,test/passaggio/clip_001866.mp4,psa_converted,768.73,769.15,passaggio,test
clip_001867,test/passaggio/clip_001867.mp4,psa_converted,772.92,773.39,passaggio,test
clip_001868,test/tiroDaDue0/clip_001868.mp4,psa_converted,774.21,776.0,tiroDaDue0,test
clip_001869,test/passaggio/clip_001869.mp4,psa_converted,779.19,779.82,passaggio,test
clip_001870,test/passaggio/clip_001870.mp4,psa_converted,780.81,781.33,passaggio,test
clip_001871,test/passaggio/clip_001871.mp4,psa_converted,781.84,782.22,passaggio,test
clip_001872,test/passaggio/clip_001872.mp4,psa_converted,782.69,782.92,passaggio,test
clip_001873,test/passaggio/clip_001873.mp4,psa_converted,783.97,784.28,passaggio,test
clip_001874,test/passaggio/clip_001874.mp4,psa_converted,785.56,785.97,passaggio,test
clip_001875,test/idle/clip_001875.mp4,psa_converted,786.693165052528,786.8951650525282,idle,test
clip_001876,test/passaggio/clip_001876.mp4,psa_converted,787.94,788.38,passaggio,test
clip_001877,test/idle/clip_001877.mp4,psa_converted,789.8370714708791,791.2340714708791,idle,test
clip_001878,test/tiroDaDue1/clip_001878.mp4,psa_converted,792.4,793.42,tiroDaDue1,test
clip_001879,test/passaggio/clip_001879.mp4,psa_converted,795.08,795.84,passaggio,test
clip_001880,test/passaggio/clip_001880.mp4,psa_converted,805.16,805.57,passaggio,test
clip_001881,test/passaggio/clip_001881.mp4,psa_converted,806.97,807.44,passaggio,test
clip_001882,test/passaggio/clip_001882.mp4,psa_converted,808.14,808.55,passaggio,test
clip_001883,test/passaggio/clip_001883.mp4,psa_converted,811.48,812.43,passaggio,test
clip_001884,test/non-gioco/clip_001884.mp4,psa_converted,817.7619474434758,821.2436775525431,non-gioco,test
clip_001885,test/non-gioco/clip_001885.mp4,psa_converted,823.3830331599447,826.8278943713868,non-gioco,test
clip_001886,test/tiroLibero1/clip_001886.mp4,psa_converted,836.54,839.03,tiroLibero1,test
clip_001887,test/idle/clip_001887.mp4,psa_converted,850.820658868791,851.1566588687908,idle,test
clip_001888,test/tiroLibero0/clip_001888.mp4,psa_converted,851.83,853.51,tiroLibero0,test
clip_001889,test/passaggio/clip_001889.mp4,psa_converted,854.35,854.86,passaggio,test
clip_001890,test/passaggio/clip_001890.mp4,psa_converted,857.01,857.65,passaggio,test
clip_001891,test/non-gioco/clip_001891.mp4,psa_converted,869.2638438373032,872.0947432571513,non-gioco,test
clip_001892,test/non-gioco/clip_001892.mp4,psa_converted,874.3081016488268,875.7472018249375,non-gioco,test
clip_001893,test/non-gioco/clip_001893.mp4,psa_converted,894.6342455359551,897.2500970581814,non-gioco,test
clip_001894,test/non-gioco/clip_001894.mp4,psa_converted,899.6959615905145,902.2136240859252,non-gioco,test
clip_001895,test/idle/clip_001895.mp4,psa_converted,912.4875012546556,912.7175012546556,idle,test
clip_001896,test/idle/clip_001896.mp4,psa_converted,916.1571220350554,916.5041220350556,idle,test
clip_001897,test/non-gioco/clip_001897.mp4,psa_converted,924.9369998826359,926.6232008330815,non-gioco,test
clip_001898,test/non-gioco/clip_001898.mp4,psa_converted,926.2896067201368,928.3916646955438,non-gioco,test
clip_001899,test/non-gioco/clip_001899.mp4,psa_converted,930.0062829263277,931.1288935532676,non-gioco,test
clip_001900,test/non-gioco/clip_001900.mp4,psa_converted,930.7941178076867,933.3856625027014,non-gioco,test
clip_001901,test/non-gioco/clip_001901.mp4,psa_converted,942.3131166139738,945.0075277605322,non-gioco,test
clip_001902,test/non-gioco/clip_001902.mp4,psa_converted,945.0469616762874,947.7614604081225,non-gioco,test
clip_001903,test/non-gioco/clip_001903.mp4,psa_converted,946.1025784738696,947.8403546029425,non-gioco,test
clip_001904,test/non-gioco/clip_001904.mp4,psa_converted,952.1185141046601,953.833999483308,non-gioco,test
clip_001905,test/non-gioco/clip_001905.mp4,psa_converted,955.9463036205964,958.5942574713882,non-gioco,test
clip_001906,test/non-gioco/clip_001906.mp4,psa_converted,963.5529629946234,966.1235832538406,non-gioco,test
clip_001907,test/non-gioco/clip_001907.mp4,psa_converted,963.9373670635903,966.1791852798999,non-gioco,test
clip_001908,test/idle/clip_001908.mp4,psa_converted,967.0288360323029,968.5788360323031,idle,test
clip_001909,test/passaggio/clip_001909.mp4,psa_converted,977.37,977.75,passaggio,test
clip_001910,test/passaggio/clip_001910.mp4,psa_converted,982.02,982.52,passaggio,test
clip_001911,test/passaggio/clip_001911.mp4,psa_converted,985.67,986.16,passaggio,test
clip_001912,test/tiroDaDue0/clip_001912.mp4,psa_converted,988.49,989.53,tiroDaDue0,test
clip_001913,test/passaggio/clip_001913.mp4,psa_converted,990.63,990.98,passaggio,test
clip_001914,test/passaggio/clip_001914.mp4,psa_converted,997.31,997.8,passaggio,test
clip_001915,test/tiroDaDue0/clip_001915.mp4,psa_converted,1000.23,1000.95,tiroDaDue0,test
clip_001916,test/passaggio/clip_001916.mp4,psa_converted,1006.69,1007.37,passaggio,test
clip_001917,test/tiroDaDue0/clip_001917.mp4,psa_converted,1008.14,1009.18,tiroDaDue0,test
clip_001918,test/passaggio/clip_001918.mp4,psa_converted,1010.67,1011.14,passaggio,test
clip_001919,test/tiroDaDue0/clip_001919.mp4,psa_converted,1013.88,1014.94,tiroDaDue0,test
clip_001920,test/non-gioco/clip_001920.mp4,psa_converted,1022.7743129125968,1025.8504944615152,non-gioco,test
clip_001921,test/non-gioco/clip_001921.mp4,psa_converted,1028.8583343580945,1031.9200588894505,non-gioco,test
clip_001922,test/non-gioco/clip_001922.mp4,psa_converted,1041.2001541355419,1043.5272850697988,non-gioco,test
clip_001923,test/non-gioco/clip_001923.mp4,psa_converted,1042.790274268555,1045.1387936660162,non-gioco,test
clip_001924,test/passaggio/clip_001924.mp4,psa_converted,1047.41,1047.95,passaggio,test
clip_001925,test/tiroDaDue0/clip_001925.mp4,psa_converted,1048.55,1049.4,tiroDaDue0,test
clip_001926,test/passaggio/clip_001926.mp4,psa_converted,1051.28,1051.71,passaggio,test
clip_001927,test/idle/clip_001927.mp4,psa_converted,1053.7136335113908,1054.1436335113906,idle,test
clip_001928,test/passaggio/clip_001928.mp4,psa_converted,1056.03,1056.49,passaggio,test
clip_001929,test/passaggio/clip_001929.mp4,psa_converted,1059.49,1060.08,passaggio,test
clip_001930,test/tiroDaTre0/clip_001930.mp4,psa_converted,1061.07,1062.71,tiroDaTre0,test
clip_001931,test/passaggio/clip_001931.mp4,psa_converted,1064.06,1064.57,passaggio,test
clip_001932,test/passaggio/clip_001932.mp4,psa_converted,1066.51,1066.98,passaggio,test
clip_001933,test/tiroDaDue0/clip_001933.mp4,psa_converted,1067.7,1068.34,tiroDaDue0,test
clip_001934,test/passaggio/clip_001934.mp4,psa_converted,1070.15,1070.69,passaggio,test
clip_001935,test/tiroDaTre0/clip_001935.mp4,psa_converted,1071.53,1072.95,tiroDaTre0,test
clip_001936,test/passaggio/clip_001936.mp4,psa_converted,1074.92,1075.37,passaggio,test
clip_001937,test/passaggio/clip_001937.mp4,psa_converted,1077.42,1077.69,passaggio,test
clip_001938,test/tiroDaTre0/clip_001938.mp4,psa_converted,1088.1,1089.8,tiroDaTre0,test
clip_001939,test/passaggio/clip_001939.mp4,psa_converted,1093.66,1094.28,passaggio,test
clip_001940,test/passaggio/clip_001940.mp4,psa_converted,1094.91,1095.3,passaggio,test
clip_001941,test/tiroDaTre1/clip_001941.mp4,psa_converted,1096.21,1097.65,tiroDaTre1,test
clip_001942,test/passaggio/clip_001942.mp4,psa_converted,1099.79,1100.12,passaggio,test
clip_001943,test/idle/clip_001943.mp4,psa_converted,1101.128130591017,1101.686130591017,idle,test
clip_001944,test/passaggio/clip_001944.mp4,psa_converted,1106.71,1107.0,passaggio,test
clip_001945,test/passaggio/clip_001945.mp4,psa_converted,1117.2,1117.77,passaggio,test
clip_001946,test/passaggio/clip_001946.mp4,psa_converted,1119.04,1119.49,passaggio,test
clip_001947,test/passaggio/clip_001947.mp4,psa_converted,1121.52,1121.83,passaggio,test
clip_001948,test/tiroDaDue0/clip_001948.mp4,psa_converted,1124.17,1125.78,tiroDaDue0,test
clip_001949,test/tiroDaDue1/clip_001949.mp4,psa_converted,1127.58,1128.48,tiroDaDue1,test
clip_001950,test/idle/clip_001950.mp4,psa_converted,1130.0875504687713,1130.6515504687716,idle,test
clip_001951,test/passaggio/clip_001951.mp4,psa_converted,1139.6,1140.4,passaggio,test
clip_001952,test/passaggio/clip_001952.mp4,psa_converted,1141.01,1141.35,passaggio,test
clip_001953,test/passaggio/clip_001953.mp4,psa_converted,1143.2,1143.63,passaggio,test
clip_001954,test/passaggio/clip_001954.mp4,psa_converted,1145.92,1146.42,passaggio,test
clip_001955,test/non-gioco/clip_001955.mp4,psa_converted,1146.68,1150.39,non-gioco,test
clip_001956,test/non-gioco/clip_001956.mp4,psa_converted,1152.2952768708285,1154.1420650053333,non-gioco,test
clip_001957,test/non-gioco/clip_001957.mp4,psa_converted,1161.8674382932509,1164.8836595277353,non-gioco,test
clip_001958,test/idle/clip_001958.mp4,psa_converted,1168.4987502869842,1169.3087502869842,idle,test
clip_001959,test/passaggio/clip_001959.mp4,psa_converted,1169.92,1170.27,passaggio,test
clip_001960,test/idle/clip_001960.mp4,psa_converted,1172.6539913562517,1172.8039913562518,idle,test
clip_001961,test/tiroDaDue0/clip_001961.mp4,psa_converted,1175.92,1177.19,tiroDaDue0,test
clip_001962,test/passaggio/clip_001962.mp4,psa_converted,1180.01,1180.67,passaggio,test
clip_001963,test/passaggio/clip_001963.mp4,psa_converted,1190.44,1190.8,passaggio,test
clip_001964,test/passaggio/clip_001964.mp4,psa_converted,1191.69,1192.07,passaggio,test
clip_001965,test/passaggio/clip_001965.mp4,psa_converted,1192.6,1192.96,passaggio,test
clip_001966,test/passaggio/clip_001966.mp4,psa_converted,1195.11,1195.49,passaggio,test
clip_001967,test/tiroDaDue1/clip_001967.mp4,psa_converted,1196.0,1197.17,tiroDaDue1,test
clip_001968,test/passaggio/clip_001968.mp4,psa_converted,1199.01,1199.45,passaggio,test
clip_001969,test/passaggio/clip_001969.mp4,psa_converted,1199.96,1200.34,passaggio,test
clip_001970,test/passaggio/clip_001970.mp4,psa_converted,1208.44,1209.11,passaggio,test
clip_001971,test/passaggio/clip_001971.mp4,psa_converted,1209.65,1210.09,passaggio,test
clip_001972,test/passaggio/clip_001972.mp4,psa_converted,1213.13,1213.57,passaggio,test
clip_001973,test/tiroDaDue0/clip_001973.mp4,psa_converted,1215.06,1217.14,tiroDaDue0,test
clip_001974,test/passaggio/clip_001974.mp4,psa_converted,1217.84,1218.31,passaggio,test
clip_001975,test/tiroDaDue1/clip_001975.mp4,psa_converted,1228.16,1229.34,tiroDaDue1,test
clip_001976,test/non-gioco/clip_001976.mp4,psa_converted,1232.7467683330408,1236.154001565213,non-gioco,test
clip_001977,test/non-gioco/clip_001977.mp4,psa_converted,1246.2150570507658,1249.6313075744226,non-gioco,test
clip_001978,test/non-gioco/clip_001978.mp4,psa_converted,1249.051752639681,1251.8622944198696,non-gioco,test
clip_001979,test/idle/clip_001979.mp4,psa_converted,1252.3782157111675,1254.0072157111676,idle,test
clip_001980,test/tiroLibero0/clip_001980.mp4,psa_converted,1257.88,1259.99,tiroLibero0,test
clip_001981,test/passaggio/clip_001981.mp4,psa_converted,1261.03,1261.47,passaggio,test
clip_001982,test/passaggio/clip_001982.mp4,psa_converted,1268.14,1268.6,passaggio,test
clip_001983,test/passaggio/clip_001983.mp4,psa_converted,1269.32,1269.63,passaggio,test
clip_001984,test/passaggio/clip_001984.mp4,psa_converted,1272.98,1273.33,passaggio,test
clip_001985,test/tiroDaTre0/clip_001985.mp4,psa_converted,1274.88,1276.64,tiroDaTre0,test
clip_001986,test/passaggio/clip_001986.mp4,psa_converted,1277.79,1278.46,passaggio,test
clip_001987,test/passaggio/clip_001987.mp4,psa_converted,1281.63,1281.87,passaggio,test
clip_001988,test/tiroDaDue1/clip_001988.mp4,psa_converted,1282.62,1284.04,tiroDaDue1,test
clip_001989,test/idle/clip_001989.mp4,psa_converted,1293.479315918948,1293.777315918948,idle,test
clip_001990,test/non-gioco/clip_001990.mp4,psa_converted,1294.1069793733975,1297.5251537416475,non-gioco,test
clip_001991,test/non-gioco/clip_001991.mp4,psa_converted,1295.1276728435996,1297.0421104671136,non-gioco,test
clip_001992,test/idle/clip_001992.mp4,psa_converted,1299.5586013527563,1299.7586013527562,idle,test
clip_001993,test/idle/clip_001993.mp4,psa_converted,1303.8572480122098,1304.3122480122097,idle,test
clip_001994,test/tiroLibero1/clip_001994.mp4,psa_converted,1305.11,1308.06,tiroLibero1,test
clip_001995,test/passaggio/clip_001995.mp4,psa_converted,1309.45,1310.08,passaggio,test
clip_001996,test/passaggio/clip_001996.mp4,psa_converted,1316.18,1316.45,passaggio,test
clip_001997,test/passaggio/clip_001997.mp4,psa_converted,1319.73,1320.18,passaggio,test
clip_001998,test/passaggio/clip_001998.mp4,psa_converted,1323.94,1324.37,passaggio,test
clip_001999,test/idle/clip_001999.mp4,psa_converted,1325.0413771076087,1325.4083771076087,idle,test
clip_002000,test/idle/clip_002000.mp4,psa_converted,1326.1005991506722,1326.463599150672,idle,test
clip_002001,test/tiroDaDue1/clip_002001.mp4,psa_converted,1327.24,1329.65,tiroDaDue1,test
clip_002002,test/passaggio/clip_002002.mp4,psa_converted,1330.79,1331.14,passaggio,test
clip_002003,test/passaggio/clip_002003.mp4,psa_converted,1333.55,1334.01,passaggio,test
clip_002004,test/passaggio/clip_002004.mp4,psa_converted,1335.54,1336.04,passaggio,test
clip_002005,test/passaggio/clip_002005.mp4,psa_converted,1337.69,1338.14,passaggio,test
clip_002006,test/passaggio/clip_002006.mp4,psa_converted,1339.59,1339.93,passaggio,test
clip_002007,test/tiroDaDue1/clip_002007.mp4,psa_converted,1340.58,1341.72,tiroDaDue1,test
clip_002008,test/passaggio/clip_002008.mp4,psa_converted,1344.04,1344.58,passaggio,test
clip_002009,test/passaggio/clip_002009.mp4,psa_converted,1349.93,1350.29,passaggio,test
clip_002010,test/passaggio/clip_002010.mp4,psa_converted,1351.24,1351.74,passaggio,test
clip_002011,test/passaggio/clip_002011.mp4,psa_converted,1357.44,1357.8,passaggio,test
clip_002012,test/tiroDaDue0/clip_002012.mp4,psa_converted,1363.54,1365.44,tiroDaDue0,test
clip_002013,test/idle/clip_002013.mp4,psa_converted,1366.3896236419382,1367.3246236419382,idle,test
clip_002014,test/non-gioco/clip_002014.mp4,psa_converted,1376.6968044249095,1379.377656418287,non-gioco,test
clip_002015,test/non-gioco/clip_002015.mp4,psa_converted,1376.707655129985,1377.742451767737,non-gioco,test
clip_002016,test/non-gioco/clip_002016.mp4,psa_converted,1378.6673892961653,1380.8043543655,non-gioco,test
clip_002017,test/idle/clip_002017.mp4,psa_converted,1382.9246760895292,1383.2576760895288,idle,test
clip_002018,test/tiroLibero1/clip_002018.mp4,psa_converted,1390.66,1392.35,tiroLibero1,test
clip_002019,test/non-gioco/clip_002019.mp4,psa_converted,1392.87,1396.85,non-gioco,test
clip_002020,test/tiroLibero1/clip_002020.mp4,psa_converted,1400.26,1402.25,tiroLibero1,test
clip_002021,test/idle/clip_002021.mp4,psa_converted,1404.195350887326,1404.695350887326,idle,test
clip_002022,test/idle/clip_002022.mp4,psa_converted,1407.0333181193685,1407.4533181193685,idle,test
clip_002023,test/non-gioco/clip_002023.mp4,psa_converted,1407.9715930369557,1411.0276362900227,non-gioco,test
clip_002024,test/passaggio/clip_002024.mp4,psa_converted,1411.42,1412.21,passaggio,test
clip_002025,test/idle/clip_002025.mp4,psa_converted,1414.825501101096,1417.265501101096,idle,test
clip_002026,test/idle/clip_002026.mp4,psa_converted,1417.1254430151585,1417.5354430151583,idle,test
clip_002027,test/passaggio/clip_002027.mp4,psa_converted,1419.14,1419.56,passaggio,test
clip_002028,test/passaggio/clip_002028.mp4,psa_converted,1421.5,1422.06,passaggio,test
clip_002029,test/tiroDaDue1/clip_002029.mp4,psa_converted,1424.6,1425.94,tiroDaDue1,test
clip_002030,test/non-gioco/clip_002030.mp4,psa_converted,1426.19,1427.53,non-gioco,test
clip_002031,test/passaggio/clip_002031.mp4,psa_converted,1427.56,1428.03,passaggio,test
clip_002032,test/passaggio/clip_002032.mp4,psa_converted,1428.07,1428.66,passaggio,test
clip_002033,test/passaggio/clip_002033.mp4,psa_converted,1435.63,1435.97,passaggio,test
clip_002034,test/passaggio/clip_002034.mp4,psa_converted,1437.03,1437.54,passaggio,test
clip_002035,test/tiroDaDue0/clip_002035.mp4,psa_converted,1444.25,1445.52,tiroDaDue0,test
clip_002036,test/passaggio/clip_002036.mp4,psa_converted,1447.99,1448.5,passaggio,test
clip_002037,test/passaggio/clip_002037.mp4,psa_converted,1452.8,1453.3,passaggio,test
clip_002038,test/passaggio/clip_002038.mp4,psa_converted,1457.0,1457.38,passaggio,test
clip_002039,test/passaggio/clip_002039.mp4,psa_converted,1457.95,1458.28,passaggio,test
clip_002040,test/passaggio/clip_002040.mp4,psa_converted,1461.4,1461.88,passaggio,test
clip_002041,test/passaggio/clip_002041.mp4,psa_converted,1462.76,1463.28,passaggio,test
clip_002042,test/passaggio/clip_002042.mp4,psa_converted,1465.54,1466.1,passaggio,test
clip_002043,test/tiroDaDue1/clip_002043.mp4,psa_converted,1467.65,1469.3,tiroDaDue1,test
clip_002044,test/passaggio/clip_002044.mp4,psa_converted,1470.41,1470.85,passaggio,test
clip_002045,test/idle/clip_002045.mp4,psa_converted,1474.8947035033825,1475.4947035033824,idle,test
clip_002046,test/passaggio/clip_002046.mp4,psa_converted,1485.49,1486.02,passaggio,test
clip_002047,test/non-gioco/clip_002047.mp4,psa_converted,1491.82,1493.85,non-gioco,test
clip_002048,test/non-gioco/clip_002048.mp4,psa_converted,1498.2362965698028,1499.507161825301,non-gioco,test
clip_002049,test/non-gioco/clip_002049.mp4,psa_converted,1510.621669936422,1511.6842315605381,non-gioco,test
clip_002050,test/passaggio/clip_002050.mp4,psa_converted,1514.36,1514.95,passaggio,test
clip_002051,test/passaggio/clip_002051.mp4,psa_converted,1521.09,1521.8,passaggio,test
clip_002052,test/passaggio/clip_002052.mp4,psa_converted,1524.55,1525.03,passaggio,test
clip_002053,test/tiroDaDue1/clip_002053.mp4,psa_converted,1525.68,1527.05,tiroDaDue1,test
clip_002054,test/passaggio/clip_002054.mp4,psa_converted,1529.21,1529.64,passaggio,test
clip_002055,test/passaggio/clip_002055.mp4,psa_converted,1535.94,1536.55,passaggio,test
clip_002056,test/passaggio/clip_002056.mp4,psa_converted,1537.14,1537.81,passaggio,test
clip_002057,test/passaggio/clip_002057.mp4,psa_converted,1541.26,1541.77,passaggio,test
clip_002058,test/non-gioco/clip_002058.mp4,psa_converted,1550.7183191097927,1553.1218375654173,non-gioco,test
clip_002059,test/passaggio/clip_002059.mp4,psa_converted,1555.94,1556.68,passaggio,test
clip_002060,test/tiroDaDue0/clip_002060.mp4,psa_converted,1559.29,1560.89,tiroDaDue0,test
clip_002061,test/non-gioco/clip_002061.mp4,psa_converted,1562.5151690285225,1564.0685870287075,non-gioco,test
clip_002062,test/non-gioco/clip_002062.mp4,psa_converted,1571.9227520336888,1574.982390412165,non-gioco,test
clip_002063,test/idle/clip_002063.mp4,psa_converted,1575.606686030099,1576.196686030099,idle,test
clip_002064,test/passaggio/clip_002064.mp4,psa_converted,1577.62,1578.3,passaggio,test
clip_002065,test/passaggio/clip_002065.mp4,psa_converted,1578.91,1579.41,passaggio,test
clip_002066,test/passaggio/clip_002066.mp4,psa_converted,1581.09,1581.66,passaggio,test
clip_002067,test/tiroDaDue1/clip_002067.mp4,psa_converted,1582.14,1583.6,tiroDaDue1,test
clip_002068,test/passaggio/clip_002068.mp4,psa_converted,1585.01,1585.56,passaggio,test
clip_002069,test/passaggio/clip_002069.mp4,psa_converted,1591.33,1591.78,passaggio,test
clip_002070,test/passaggio/clip_002070.mp4,psa_converted,1593.27,1593.65,passaggio,test
clip_002071,test/passaggio/clip_002071.mp4,psa_converted,1595.16,1595.8,passaggio,test
clip_002072,test/tiroDaDue0/clip_002072.mp4,psa_converted,1597.17,1598.65,tiroDaDue0,test
clip_002073,test/passaggio/clip_002073.mp4,psa_converted,1610.1,1610.88,passaggio,test
clip_002074,test/passaggio/clip_002074.mp4,psa_converted,1613.44,1613.83,passaggio,test
clip_002075,test/tiroDaDue0/clip_002075.mp4,psa_converted,1614.38,1615.85,tiroDaDue0,test
clip_002076,test/passaggio/clip_002076.mp4,psa_converted,1618.78,1619.16,passaggio,test
clip_002077,test/tiroDaDue1/clip_002077.mp4,psa_converted,1621.75,1623.02,tiroDaDue1,test
clip_002078,test/passaggio/clip_002078.mp4,psa_converted,1625.28,1625.83,passaggio,test
clip_002079,test/passaggio/clip_002079.mp4,psa_converted,1631.43,1631.83,passaggio,test
clip_002080,test/tiroDaDue0/clip_002080.mp4,psa_converted,1634.41,1637.05,tiroDaDue0,test
clip_002081,test/non-gioco/clip_002081.mp4,psa_converted,1643.1404970837825,1644.8959725201057,non-gioco,test
clip_002082,test/non-gioco/clip_002082.mp4,psa_converted,1650.469053560007,1651.8184960912752,non-gioco,test
clip_002083,test/passaggio/clip_002083.mp4,psa_converted,1652.56,1653.29,passaggio,test
clip_002084,test/passaggio/clip_002084.mp4,psa_converted,1658.84,1659.42,passaggio,test
clip_002085,test/passaggio/clip_002085.mp4,psa_converted,1660.45,1660.89,passaggio,test
clip_002086,test/passaggio/clip_002086.mp4,psa_converted,1663.18,1663.53,passaggio,test
clip_002087,test/tiroDaDue0/clip_002087.mp4,psa_converted,1666.46,1668.8,tiroDaDue0,test
clip_002088,test/idle/clip_002088.mp4,psa_converted,1672.4746135154548,1672.9746135154548,idle,test
clip_002089,test/passaggio/clip_002089.mp4,psa_converted,1675.84,1676.18,passaggio,test
clip_002090,test/tiroDaDue1/clip_002090.mp4,psa_converted,1677.76,1679.22,tiroDaDue1,test
clip_002091,test/passaggio/clip_002091.mp4,psa_converted,1680.8,1681.15,passaggio,test
clip_002092,test/passaggio/clip_002092.mp4,psa_converted,1682.44,1682.78,passaggio,test
clip_002093,test/passaggio/clip_002093.mp4,psa_converted,1686.59,1686.98,passaggio,test
clip_002094,test/passaggio/clip_002094.mp4,psa_converted,1688.65,1689.01,passaggio,test
clip_002095,test/non-gioco/clip_002095.mp4,psa_converted,1695.672908065679,1697.4338195265689,non-gioco,test
clip_002096,test/passaggio/clip_002096.mp4,psa_converted,1701.55,1702.05,passaggio,test
clip_002097,test/passaggio/clip_002097.mp4,psa_converted,1705.65,1705.97,passaggio,test
clip_002098,test/passaggio/clip_002098.mp4,psa_converted,1708.06,1708.69,passaggio,test
clip_002099,test/passaggio/clip_002099.mp4,psa_converted,1712.65,1713.14,passaggio,test
clip_002100,test/tiroDaDue0/clip_002100.mp4,psa_converted,1718.28,1719.49,tiroDaDue0,test
clip_002101,test/non-gioco/clip_002101.mp4,psa_converted,1728.4141405323664,1729.7533006541323,non-gioco,test
clip_002102,test/non-gioco/clip_002102.mp4,psa_converted,1734.123835132785,1735.3668151293396,non-gioco,test
clip_002103,test/idle/clip_002103.mp4,psa_converted,1741.6923326073952,1743.4523326073952,idle,test
clip_002104,test/non-gioco/clip_002104.mp4,psa_converted,1746.48,1747.51,non-gioco,test
clip_002105,test/non-gioco/clip_002105.mp4,psa_converted,1751.9493589042625,1754.6255744513878,non-gioco,test
clip_002106,test/passaggio/clip_002106.mp4,psa_converted,1756.94,1757.63,passaggio,test
clip_002107,test/passaggio/clip_002107.mp4,psa_converted,1758.86,1759.43,passaggio,test
clip_002108,test/passaggio/clip_002108.mp4,psa_converted,1765.12,1765.79,passaggio,test
clip_002109,test/passaggio/clip_002109.mp4,psa_converted,1768.68,1769.26,passaggio,test
clip_002110,test/passaggio/clip_002110.mp4,psa_converted,1769.99,1770.54,passaggio,test
clip_002111,test/idle/clip_002111.mp4,psa_converted,1772.7511910390594,1773.1511910390595,idle,test
clip_002112,test/passaggio/clip_002112.mp4,psa_converted,1775.823,1776.352,passaggio,test
clip_002113,test/tiroDaDue1/clip_002113.mp4,psa_converted,1777.025,1778.485,tiroDaDue1,test
clip_002114,test/tiroDaDue0/clip_002114.mp4,psa_converted,1787.052,1788.257,tiroDaDue0,test
clip_002115,test/passaggio/clip_002115.mp4,psa_converted,1790.151,1790.453,passaggio,test
clip_002116,test/passaggio/clip_002116.mp4,psa_converted,1792.56,1793.02,passaggio,test
clip_002117,test/passaggio/clip_002117.mp4,psa_converted,1797.527,1798.1,passaggio,test
clip_002118,test/passaggio/clip_002118.mp4,psa_converted,1799.97,1800.7,passaggio,test
clip_002119,test/passaggio/clip_002119.mp4,psa_converted,1802.907,1804.053,passaggio,test
clip_002120,test/passaggio/clip_002120.mp4,psa_converted,1804.06,1804.513,passaggio,test
clip_002121,test/tiroDaDue0/clip_002121.mp4,psa_converted,1807.267,1808.327,tiroDaDue0,test
clip_002122,test/non-gioco/clip_002122.mp4,psa_converted,1811.9100657478589,1815.2750009623076,non-gioco,test
clip_002123,test/tiroLibero0/clip_002123.mp4,psa_converted,1823.3,1825.74,tiroLibero0,test
clip_002124,test/non-gioco/clip_002124.mp4,psa_converted,1826.85,1829.79,non-gioco,test
clip_002125,test/tiroLibero0/clip_002125.mp4,psa_converted,1834.05,1835.92,tiroLibero0,test
clip_002126,test/passaggio/clip_002126.mp4,psa_converted,1838.087,1838.74,passaggio,test
clip_002127,test/passaggio/clip_002127.mp4,psa_converted,1846.753,1847.4,passaggio,test
clip_002128,test/passaggio/clip_002128.mp4,psa_converted,1847.96,1848.48,passaggio,test
clip_002129,test/idle/clip_002129.mp4,psa_converted,1849.9603056987883,1850.2303056987882,idle,test
clip_002130,test/passaggio/clip_002130.mp4,psa_converted,1851.167,1851.667,passaggio,test
clip_002131,test/passaggio/clip_002131.mp4,psa_converted,1854.67,1855.05,passaggio,test
clip_002132,test/tiroDaDue0/clip_002132.mp4,psa_converted,1857.887,1858.393,tiroDaDue0,test
clip_002133,test/passaggio/clip_002133.mp4,psa_converted,1860.82,1861.21,passaggio,test
clip_002134,test/tiroDaDue0/clip_002134.mp4,psa_converted,1865.25,1865.93,tiroDaDue0,test
clip_002135,test/passaggio/clip_002135.mp4,psa_converted,1868.09,1868.75,passaggio,test
clip_002136,test/tiroDaDue1/clip_002136.mp4,psa_converted,1870.867,1871.847,tiroDaDue1,test
clip_002137,test/non-gioco/clip_002137.mp4,psa_converted,1874.387,1878.52,non-gioco,test
clip_002139,test/tiroDaTre0/clip_002139.mp4,psa_converted,1891.007,1893.32,tiroDaTre0,test
clip_002140,test/passaggio/clip_002140.mp4,psa_converted,1894.08,1894.52,passaggio,test
clip_002141,test/tiroDaTre0/clip_002141.mp4,psa_converted,1895.107,1897.173,tiroDaTre0,test
clip_002142,test/idle/clip_002142.mp4,psa_converted,1897.7963021124363,1898.4573021124363,idle,test
clip_002143,test/passaggio/clip_002143.mp4,psa_converted,1899.01,1899.43,passaggio,test
clip_002144,test/idle/clip_002144.mp4,psa_converted,1901.5379591645335,1903.4029591645333,idle,test
clip_002145,test/passaggio/clip_002145.mp4,psa_converted,1904.95,1905.44,passaggio,test
clip_002146,test/passaggio/clip_002146.mp4,psa_converted,1905.87,1906.31,passaggio,test
clip_002147,test/passaggio/clip_002147.mp4,psa_converted,1906.947,1907.46,passaggio,test
clip_002148,test/passaggio/clip_002148.mp4,psa_converted,1908.71,1909.4,passaggio,test
clip_002149,test/passaggio/clip_002149.mp4,psa_converted,1912.8,1913.64,passaggio,test
clip_002150,test/tiroDaTre0/clip_002150.mp4,psa_converted,1914.76,1916.767,tiroDaTre0,test
clip_002151,test/idle/clip_002151.mp4,psa_converted,1922.8461409174283,1923.1961409174282,idle,test
clip_002152,test/passaggio/clip_002152.mp4,psa_converted,1924.4,1925.1,passaggio,test
clip_002153,test/passaggio/clip_002153.mp4,psa_converted,1926.59,1927.11,passaggio,test
clip_002154,test/passaggio/clip_002154.mp4,psa_converted,1929.03,1929.76,passaggio,test
clip_002155,test/passaggio/clip_002155.mp4,psa_converted,1932.06,1932.74,passaggio,test
clip_002156,test/passaggio/clip_002156.mp4,psa_converted,1936.99,1937.53,passaggio,test
clip_002157,test/passaggio/clip_002157.mp4,psa_converted,1944.36,1944.98,passaggio,test
clip_002158,test/tiroDaDue1/clip_002158.mp4,psa_converted,1945.78,1946.79,tiroDaDue1,test
clip_002159,test/idle/clip_002159.mp4,psa_converted,1947.7144244459719,1948.2144244459719,idle,test
clip_002160,test/non-gioco/clip_002160.mp4,psa_converted,1948.4171527320639,1950.4543640506558,non-gioco,test
clip_002161,test/idle/clip_002161.mp4,psa_converted,1953.651707267357,1953.8377072673572,idle,test
clip_002162,test/passaggio/clip_002162.mp4,psa_converted,1959.71,1960.49,passaggio,test
clip_002163,test/passaggio/clip_002163.mp4,psa_converted,1968.91,1969.43,passaggio,test
clip_002164,test/passaggio/clip_002164.mp4,psa_converted,1971.91,1972.54,passaggio,test
clip_002165,test/passaggio/clip_002165.mp4,psa_converted,1973.0,1973.43,passaggio,test
clip_002166,test/tiroDaDue1/clip_002166.mp4,psa_converted,1974.97,1976.45,tiroDaDue1,test
clip_002167,test/non-gioco/clip_002167.mp4,psa_converted,1977.17,1978.77,non-gioco,test
clip_002168,test/passaggio/clip_002168.mp4,psa_converted,1988.16,1988.62,passaggio,test
clip_002169,test/passaggio/clip_002169.mp4,psa_converted,1990.94,1991.55,passaggio,test
clip_002170,test/passaggio/clip_002170.mp4,psa_converted,1993.35,1993.94,passaggio,test
clip_002171,test/passaggio/clip_002171.mp4,psa_converted,1995.73,1996.52,passaggio,test
clip_002172,test/tiroDaDue0/clip_002172.mp4,psa_converted,1999.77,2000.99,tiroDaDue0,test
clip_002173,test/non-gioco/clip_002173.mp4,psa_converted,2002.2082953297147,2005.5870991431673,non-gioco,test
clip_002174,test/idle/clip_002174.mp4,psa_converted,2006.5536965087572,2007.1836965087568,idle,test
clip_002175,test/non-gioco/clip_002175.mp4,psa_converted,2007.5942770023908,2009.8176445968647,non-gioco,test
clip_002176,test/idle/clip_002176.mp4,psa_converted,2017.066202296058,2017.5762022960582,idle,test
clip_002177,test/tiroLibero1/clip_002177.mp4,psa_converted,2021.01,2023.35,tiroLibero1,test
clip_002178,test/non-gioco/clip_002178.mp4,psa_converted,2024.46,2028.16,non-gioco,test
clip_002179,test/tiroLibero0/clip_002179.mp4,psa_converted,2031.95,2034.1,tiroLibero0,test
clip_002180,test/idle/clip_002180.mp4,psa_converted,2039.530675287788,2040.790675287788,idle,test
clip_002181,test/tiroDaDue1/clip_002181.mp4,psa_converted,2042.33,2043.66,tiroDaDue1,test
clip_002182,test/non-gioco/clip_002182.mp4,psa_converted,2043.95,2046.21,non-gioco,test
clip_002183,test/passaggio/clip_002183.mp4,psa_converted,2046.77,2047.51,passaggio,test
clip_002184,test/passaggio/clip_002184.mp4,psa_converted,2056.47,2056.99,passaggio,test
clip_002185,test/passaggio/clip_002185.mp4,psa_converted,2057.98,2058.35,passaggio,test
clip_002186,test/passaggio/clip_002186.mp4,psa_converted,2060.43,2060.96,passaggio,test
clip_002187,test/tiroDaDue0/clip_002187.mp4,psa_converted,2064.53,2065.98,tiroDaDue0,test
clip_002188,test/tiroDaDue1/clip_002188.mp4,psa_converted,2067.24,2068.99,tiroDaDue1,test
clip_002189,test/passaggio/clip_002189.mp4,psa_converted,2078.8,2079.46,passaggio,test
clip_002190,test/passaggio/clip_002190.mp4,psa_converted,2081.91,2082.66,passaggio,test
clip_002191,test/passaggio/clip_002191.mp4,psa_converted,2083.86,2084.7,passaggio,test
clip_002192,test/passaggio/clip_002192.mp4,psa_converted,2085.22,2085.82,passaggio,test
clip_002193,test/passaggio/clip_002193.mp4,psa_converted,2086.04,2086.63,passaggio,test
clip_002194,test/passaggio/clip_002194.mp4,psa_converted,2087.95,2088.46,passaggio,test
clip_002195,test/tiroDaTre0/clip_002195.mp4,psa_converted,2090.28,2091.92,tiroDaTre0,test
clip_002196,test/passaggio/clip_002196.mp4,psa_converted,2096.09,2096.58,passaggio,test
clip_002197,test/passaggio/clip_002197.mp4,psa_converted,2097.81,2098.2,passaggio,test
clip_002198,test/passaggio/clip_002198.mp4,psa_converted,2100.05,2100.5,passaggio,test
clip_002199,test/idle/clip_002199.mp4,psa_converted,2102.007665433082,2102.9686654330817,idle,test
clip_002200,test/passaggio/clip_002200.mp4,psa_converted,2103.88,2104.39,passaggio,test
clip_002201,test/non-gioco/clip_002201.mp4,psa_converted,2107.92,2109.01,non-gioco,test
clip_002202,test/non-gioco/clip_002202.mp4,psa_converted,2115.6934125855173,2117.6197374823532,non-gioco,test
clip_002203,test/idle/clip_002203.mp4,psa_converted,2118.273119283746,2119.983119283746,idle,test
clip_002204,test/non-gioco/clip_002204.mp4,psa_converted,2120.664321583402,2124.0407095080304,non-gioco,test
clip_002205,test/passaggio/clip_002205.mp4,psa_converted,2127.28,2128.0,passaggio,test
clip_002206,test/tiroDaDue1/clip_002206.mp4,psa_converted,2129.24,2130.48,tiroDaDue1,test
clip_002207,test/non-gioco/clip_002207.mp4,psa_converted,2130.65,2132.71,non-gioco,test
clip_002208,test/passaggio/clip_002208.mp4,psa_converted,2132.79,2133.51,passaggio,test
clip_002209,test/passaggio/clip_002209.mp4,psa_converted,2133.91,2134.75,passaggio,test
clip_002210,test/passaggio/clip_002210.mp4,psa_converted,2140.15,2140.5,passaggio,test
clip_002211,test/passaggio/clip_002211.mp4,psa_converted,2145.79,2146.36,passaggio,test
clip_002212,test/passaggio/clip_002212.mp4,psa_converted,2148.88,2149.39,passaggio,test
clip_002213,test/passaggio/clip_002213.mp4,psa_converted,2151.93,2152.59,passaggio,test
clip_002214,test/tiroDaDue0/clip_002214.mp4,psa_converted,2153.52,2154.76,tiroDaDue0,test
clip_002215,test/passaggio/clip_002215.mp4,psa_converted,2158.55,2159.08,passaggio,test
clip_002216,test/passaggio/clip_002216.mp4,psa_converted,2159.61,2160.17,passaggio,test
clip_002217,test/passaggio/clip_002217.mp4,psa_converted,2161.88,2162.82,passaggio,test
clip_002218,test/passaggio/clip_002218.mp4,psa_converted,2163.68,2164.41,passaggio,test
clip_002219,test/tiroDaDue0/clip_002219.mp4,psa_converted,2166.45,2167.26,tiroDaDue0,test
clip_002220,test/non-gioco/clip_002220.mp4,psa_converted,2170.7610559131945,2172.2355773185973,non-gioco,test
clip_002221,test/non-gioco/clip_002221.mp4,psa_converted,2178.2087740843294,2180.10545868736,non-gioco,test
clip_002222,test/non-gioco/clip_002222.mp4,psa_converted,2186.4667312886177,2187.715117850133,non-gioco,test
clip_002223,test/idle/clip_002223.mp4,psa_converted,2191.1976868083525,2191.7286868083524,idle,test
clip_002224,test/non-gioco/clip_002224.mp4,psa_converted,2193.507035113739,2195.8681997674444,non-gioco,test
clip_002225,test/tiroLibero1/clip_002225.mp4,psa_converted,2202.4,2204.414,tiroLibero1,test
clip_002226,test/non-gioco/clip_002226.mp4,psa_converted,2205.23,2209.8,non-gioco,test
clip_002227,test/tiroLibero0/clip_002227.mp4,psa_converted,2212.32,2214.707,tiroLibero0,test
clip_002228,test/passaggio/clip_002228.mp4,psa_converted,2215.49,2216.05,passaggio,test
clip_002229,test/passaggio/clip_002229.mp4,psa_converted,2218.79,2219.3,passaggio,test
clip_002230,test/passaggio/clip_002230.mp4,psa_converted,2224.02,2224.65,passaggio,test
clip_002231,test/passaggio/clip_002231.mp4,psa_converted,2227.6,2228.21,passaggio,test
clip_002232,test/passaggio/clip_002232.mp4,psa_converted,2230.12,2230.84,passaggio,test
clip_002233,test/tiroDaDue1/clip_002233.mp4,psa_converted,2239.22,2240.29,tiroDaDue1,test
clip_002234,test/non-gioco/clip_002234.mp4,psa_converted,2240.55,2242.21,non-gioco,test
clip_002235,test/passaggio/clip_002235.mp4,psa_converted,2243.37,2244.06,passaggio,test
clip_002236,test/passaggio/clip_002236.mp4,psa_converted,2244.47,2244.89,passaggio,test
clip_002237,test/passaggio/clip_002237.mp4,psa_converted,2249.9,2250.3,passaggio,test
clip_002238,test/idle/clip_002238.mp4,psa_converted,2251.4121868489783,2253.009186848978,idle,test
clip_002239,test/passaggio/clip_002239.mp4,psa_converted,2253.7,2254.05,passaggio,test
clip_002240,test/passaggio/clip_002240.mp4,psa_converted,2256.93,2257.41,passaggio,test
clip_002241,test/tiroDaTre0/clip_002241.mp4,psa_converted,2258.28,2260.36,tiroDaTre0,test
clip_002242,test/idle/clip_002242.mp4,psa_converted,2261.4190530881056,2261.8990530881056,idle,test
clip_002243,test/idle/clip_002243.mp4,psa_converted,2262.3345587377694,2263.332558737769,idle,test
clip_002244,test/passaggio/clip_002244.mp4,psa_converted,2266.47,2267.18,passaggio,test
clip_002245,test/passaggio/clip_002245.mp4,psa_converted,2268.49,2269.01,passaggio,test
clip_002246,test/passaggio/clip_002246.mp4,psa_converted,2270.38,2271.15,passaggio,test
clip_002247,test/idle/clip_002247.mp4,psa_converted,2272.5044334955874,2272.9964334955876,idle,test
clip_002248,test/passaggio/clip_002248.mp4,psa_converted,2273.97,2274.75,passaggio,test
clip_002249,test/tiroDaDue1/clip_002249.mp4,psa_converted,2275.2,2276.3,tiroDaDue1,test
clip_002250,test/passaggio/clip_002250.mp4,psa_converted,2277.85,2278.34,passaggio,test
clip_002251,test/passaggio/clip_002251.mp4,psa_converted,2284.64,2285.01,passaggio,test
clip_002252,test/passaggio/clip_002252.mp4,psa_converted,2286.6,2286.81,passaggio,test
clip_002253,test/idle/clip_002253.mp4,psa_converted,2287.866381257099,2288.5363812570986,idle,test
clip_002254,test/passaggio/clip_002254.mp4,psa_converted,2293.36,2294.06,passaggio,test
clip_002255,test/idle/clip_002255.mp4,psa_converted,2298.702283633787,2299.1922836337867,idle,test
clip_002256,test/passaggio/clip_002256.mp4,psa_converted,2301.33,2301.89,passaggio,test
clip_002257,test/passaggio/clip_002257.mp4,psa_converted,2303.87,2304.49,passaggio,test
clip_002258,test/passaggio/clip_002258.mp4,psa_converted,2305.66,2306.26,passaggio,test
clip_002259,test/tiroDaDue1/clip_002259.mp4,psa_converted,2308.74,2309.92,tiroDaDue1,test
clip_002260,test/passaggio/clip_002260.mp4,psa_converted,2311.88,2312.37,passaggio,test
clip_002261,test/idle/clip_002261.mp4,psa_converted,2315.107767884649,2316.157767884649,idle,test
clip_002262,test/passaggio/clip_002262.mp4,psa_converted,2324.31,2325.06,passaggio,test
clip_002263,test/passaggio/clip_002263.mp4,psa_converted,2325.98,2326.42,passaggio,test
clip_002264,test/passaggio/clip_002264.mp4,psa_converted,2327.3,2327.97,passaggio,test
clip_002265,test/tiroDaDue1/clip_002265.mp4,psa_converted,2330.16,2331.36,tiroDaDue1,test
clip_002266,test/non-gioco/clip_002266.mp4,psa_converted,2332.0234813874927,2334.5163462862915,non-gioco,test
clip_002267,test/non-gioco/clip_002267.mp4,psa_converted,2340.5745416266323,2343.6946245977915,non-gioco,test
clip_002268,test/non-gioco/clip_002268.mp4,psa_converted,2344.5671647065724,2347.2240865517274,non-gioco,test
clip_002269,test/tiroLibero0/clip_002269.mp4,psa_converted,2358.549,2360.628,tiroLibero0,test
clip_002270,test/idle/clip_002270.mp4,psa_converted,2363.7675890934092,2364.065589093409,idle,test
clip_002271,test/passaggio/clip_002271.mp4,psa_converted,2366.62,2367.43,passaggio,test
clip_002272,test/passaggio/clip_002272.mp4,psa_converted,2368.73,2369.43,passaggio,test
clip_002273,test/passaggio/clip_002273.mp4,psa_converted,2370.4,2370.75,passaggio,test
clip_002274,test/passaggio/clip_002274.mp4,psa_converted,2374.95,2375.84,passaggio,test
clip_002275,test/passaggio/clip_002275.mp4,psa_converted,2380.05,2380.45,passaggio,test
clip_002276,test/passaggio/clip_002276.mp4,psa_converted,2382.47,2382.81,passaggio,test
clip_002277,test/tiroDaDue1/clip_002277.mp4,psa_converted,2384.02,2386.588,tiroDaDue1,test
clip_002278,test/passaggio/clip_002278.mp4,psa_converted,2397.12,2398.18,passaggio,test
clip_002279,test/tiroDaDue0/clip_002279.mp4,psa_converted,2400.93,2401.91,tiroDaDue0,test
clip_002280,test/tiroDaDue1/clip_002280.mp4,psa_converted,2402.255,2403.51,tiroDaDue1,test
clip_002281,test/passaggio/clip_002281.mp4,psa_converted,2404.95,2405.74,passaggio,test
clip_002282,test/passaggio/clip_002282.mp4,psa_converted,2407.48,2408.26,passaggio,test
clip_002283,test/idle/clip_002283.mp4,psa_converted,2410.4074402871192,2410.9494402871196,idle,test
clip_002284,test/passaggio/clip_002284.mp4,psa_converted,2419.68,2420.43,passaggio,test
clip_002285,test/idle/clip_002285.mp4,psa_converted,2421.3037926580973,2422.5177926580973,idle,test
clip_002286,test/idle/clip_002286.mp4,psa_converted,2429.1129360669484,2429.4659360669484,idle,test
clip_002287,test/non-gioco/clip_002287.mp4,psa_converted,2429.893398164532,2432.8603846406686,non-gioco,test
clip_002288,test/non-gioco/clip_002288.mp4,psa_converted,2437.1831279048024,2438.4979376180727,non-gioco,test
clip_002289,test/non-gioco/clip_002289.mp4,psa_converted,2441.5962321618586,2442.7677575439193,non-gioco,test
clip_002290,test/passaggio/clip_002290.mp4,psa_converted,2449.79,2450.42,passaggio,test
clip_002291,test/tiroDaDue1/clip_002291.mp4,psa_converted,2455.64,2456.59,tiroDaDue1,test
clip_002292,test/non-gioco/clip_002292.mp4,psa_converted,2456.73,2458.31,non-gioco,test
clip_002293,test/passaggio/clip_002293.mp4,psa_converted,2458.48,2458.96,passaggio,test
clip_002294,test/passaggio/clip_002294.mp4,psa_converted,2464.4,2465.03,passaggio,test
clip_002295,test/passaggio/clip_002295.mp4,psa_converted,2469.47,2470.0,passaggio,test
clip_002296,test/passaggio/clip_002296.mp4,psa_converted,2470.49,2470.91,passaggio,test
clip_002297,test/passaggio/clip_002297.mp4,psa_converted,2471.5,2471.86,passaggio,test
clip_002298,test/passaggio/clip_002298.mp4,psa_converted,2474.22,2474.92,passaggio,test
clip_002299,test/idle/clip_002299.mp4,psa_converted,2475.4442950225193,2476.374295022519,idle,test
clip_002300,test/tiroDaTre0/clip_002300.mp4,psa_converted,2476.941,2478.726,tiroDaTre0,test
clip_002301,test/non-gioco/clip_002301.mp4,psa_converted,2481.7909944191733,2483.30888784504,non-gioco,test
clip_002302,test/idle/clip_002302.mp4,psa_converted,2484.8011780420775,2485.493178042077,idle,test
clip_002303,test/passaggio/clip_002303.mp4,psa_converted,2489.72,2490.57,passaggio,test
clip_002304,test/passaggio/clip_002304.mp4,psa_converted,2497.35,2497.81,passaggio,test
clip_002305,test/passaggio/clip_002305.mp4,psa_converted,2500.14,2500.46,passaggio,test
clip_002306,test/passaggio/clip_002306.mp4,psa_converted,2502.15,2503.06,passaggio,test
clip_002307,test/non-gioco/clip_002307.mp4,psa_converted,2505.8276649719874,2509.0019035389114,non-gioco,test
clip_002308,test/passaggio/clip_002308.mp4,psa_converted,2514.68,2515.4,passaggio,test
clip_002309,test/passaggio/clip_002309.mp4,psa_converted,2518.26,2518.66,passaggio,test
clip_002310,test/tiroDaDue1/clip_002310.mp4,psa_converted,2520.941,2522.961,tiroDaDue1,test
clip_002311,test/passaggio/clip_002311.mp4,psa_converted,2524.97,2525.68,passaggio,test
clip_002312,test/passaggio/clip_002312.mp4,psa_converted,2526.11,2526.67,passaggio,test
clip_002313,test/passaggio/clip_002313.mp4,psa_converted,2531.88,2532.48,passaggio,test
clip_002314,test/passaggio/clip_002314.mp4,psa_converted,2533.608,2533.922,passaggio,test
clip_002315,test/passaggio/clip_002315.mp4,psa_converted,2536.17,2536.64,passaggio,test
clip_002316,test/passaggio/clip_002316.mp4,psa_converted,2539.05,2539.62,passaggio,test
clip_002317,test/passaggio/clip_002317.mp4,psa_converted,2539.86,2540.48,passaggio,test
clip_002318,test/tiroDaTre0/clip_002318.mp4,psa_converted,2542.53,2544.51,tiroDaTre0,test
clip_002319,test/passaggio/clip_002319.mp4,psa_converted,2545.72,2546.28,passaggio,test
clip_002320,test/passaggio/clip_002320.mp4,psa_converted,2547.55,2548.09,passaggio,test
clip_002321,test/tiroDaTre0/clip_002321.mp4,psa_converted,2549.157,2551.177,tiroDaTre0,test
clip_002322,test/idle/clip_002322.mp4,psa_converted,2554.301241738657,2554.628241738657,idle,test
clip_002323,test/non-gioco/clip_002323.mp4,psa_converted,2559.9417284763144,2561.310613926168,non-gioco,test
clip_002324,test/passaggio/clip_002324.mp4,psa_converted,2562.41,2563.22,passaggio,test
clip_002325,test/passaggio/clip_002325.mp4,psa_converted,2563.54,2563.99,passaggio,test
clip_002326,test/passaggio/clip_002326.mp4,psa_converted,2572.12,2572.53,passaggio,test
clip_002327,test/idle/clip_002327.mp4,psa_converted,2573.555661018084,2573.895661018084,idle,test
clip_002328,test/passaggio/clip_002328.mp4,psa_converted,2574.61,2574.98,passaggio,test
clip_002329,test/passaggio/clip_002329.mp4,psa_converted,2577.27,2578.07,passaggio,test
clip_002330,test/tiroDaTre0/clip_002330.mp4,psa_converted,2578.667,2580.745,tiroDaTre0,test
clip_002331,test/passaggio/clip_002331.mp4,psa_converted,2584.71,2585.08,passaggio,test
clip_002332,test/passaggio/clip_002332.mp4,psa_converted,2588.31,2588.94,passaggio,test
clip_002333,test/passaggio/clip_002333.mp4,psa_converted,2590.58,2591.12,passaggio,test
clip_002334,test/tiroDaDue1/clip_002334.mp4,psa_converted,2593.373,2595.726,tiroDaDue1,test
clip_002335,test/passaggio/clip_002335.mp4,psa_converted,2597.39,2597.95,passaggio,test
clip_002336,test/passaggio/clip_002336.mp4,psa_converted,2604.54,2605.07,passaggio,test
clip_002337,test/tiroDaDue1/clip_002337.mp4,psa_converted,2607.471,2609.726,tiroDaDue1,test
clip_002338,test/passaggio/clip_002338.mp4,psa_converted,2611.45,2611.89,passaggio,test
clip_002339,test/idle/clip_002339.mp4,psa_converted,2615.662764499473,2616.085764499473,idle,test
clip_002340,test/passaggio/clip_002340.mp4,psa_converted,2619.549,2620.059,passaggio,test
clip_002341,test/passaggio/clip_002341.mp4,psa_converted,2621.19,2621.57,passaggio,test
clip_002342,test/passaggio/clip_002342.mp4,psa_converted,2623.06,2623.74,passaggio,test
clip_002343,test/passaggio/clip_002343.mp4,psa_converted,2626.6,2627.39,passaggio,test
clip_002344,test/passaggio/clip_002344.mp4,psa_converted,2629.42,2630.04,passaggio,test
clip_002345,test/tiroDaDue0/clip_002345.mp4,psa_converted,2633.31,2634.58,tiroDaDue0,test
clip_002346,test/tiroDaDue0/clip_002346.mp4,psa_converted,2637.157,2638.549,tiroDaDue0,test
clip_002347,test/non-gioco/clip_002347.mp4,psa_converted,2639.56,2641.68,non-gioco,test
clip_002348,test/non-gioco/clip_002348.mp4,psa_converted,2643.9788172566377,2645.340537207439,non-gioco,test
clip_002349,test/idle/clip_002349.mp4,psa_converted,2651.157571053753,2651.4375710537533,idle,test
clip_002350,test/non-gioco/clip_002350.mp4,psa_converted,2657.1647118197516,2658.1718006984515,non-gioco,test
clip_002351,test/passaggio/clip_002351.mp4,psa_converted,2662.34,2663.03,passaggio,test
clip_002352,test/passaggio/clip_002352.mp4,psa_converted,2663.824,2664.177,passaggio,test
clip_002353,test/tiroDaTre0/clip_002353.mp4,psa_converted,2665.0,2667.079,tiroDaTre0,test
clip_002354,test/non-gioco/clip_002354.mp4,psa_converted,2671.176354373042,2673.8289984795356,non-gioco,test
clip_002355,test/non-gioco/clip_002355.mp4,psa_converted,2672.683243097036,2676.0467822044616,non-gioco,test
clip_002356,test/non-gioco/clip_002356.mp4,psa_converted,2673.567821868846,2675.003437372361,non-gioco,test
clip_002357,test/non-gioco/clip_002357.mp4,psa_converted,2684.3599983888953,2685.9866338807155,non-gioco,test
clip_002358,test/idle/clip_002358.mp4,psa_converted,2691.3600096584214,2691.827009658421,idle,test
clip_002359,test/non-gioco/clip_002359.mp4,psa_converted,2697.576801058015,2699.171630073241,non-gioco,test
clip_002360,test/non-gioco/clip_002360.mp4,psa_converted,2710.4667628303027,2713.3309260178876,non-gioco,test
clip_002361,test/non-gioco/clip_002361.mp4,psa_converted,2713.652205856457,2716.5972484547424,non-gioco,test
clip_002362,test/non-gioco/clip_002362.mp4,psa_converted,2713.675655508747,2714.9482905337563,non-gioco,test
clip_002363,test/non-gioco/clip_002363.mp4,psa_converted,2714.819650412367,2717.6739455547527,non-gioco,test
clip_002364,test/idle/clip_002364.mp4,psa_converted,2719.948456243532,2720.288456243532,idle,test
clip_002365,test/non-gioco/clip_002365.mp4,psa_converted,2739.2787050374436,2740.3158558555206,non-gioco,test
clip_002366,test/idle/clip_002366.mp4,psa_converted,2742.2559959289174,2742.976995928917,idle,test
clip_002367,test/non-gioco/clip_002367.mp4,psa_converted,2744.4706577896936,2747.4287252796444,non-gioco,test
clip_002368,test/idle/clip_002368.mp4,psa_converted,2760.32883876239,2760.7488387623903,idle,test
clip_002369,test/passaggio/clip_002369.mp4,psa_converted,2763.65,2764.09,passaggio,test
clip_002370,test/passaggio/clip_002370.mp4,psa_converted,2764.85,2765.17,passaggio,test
clip_002371,test/passaggio/clip_002371.mp4,psa_converted,2768.72,2769.08,passaggio,test
clip_002372,test/passaggio/clip_002372.mp4,psa_converted,2776.89,2777.47,passaggio,test
clip_002373,test/passaggio/clip_002373.mp4,psa_converted,2778.45,2778.94,passaggio,test
clip_002374,test/idle/clip_002374.mp4,psa_converted,2780.197980501979,2781.459980501979,idle,test
clip_002375,test/passaggio/clip_002375.mp4,psa_converted,2782.02,2782.35,passaggio,test
clip_002376,test/passaggio/clip_002376.mp4,psa_converted,2782.87,2783.32,passaggio,test
clip_002377,test/passaggio/clip_002377.mp4,psa_converted,2783.78,2784.47,passaggio,test
clip_002378,test/passaggio/clip_002378.mp4,psa_converted,2787.19,2787.72,passaggio,test
clip_002379,test/passaggio/clip_002379.mp4,psa_converted,2789.47,2789.94,passaggio,test
clip_002380,test/tiroDaTre1/clip_002380.mp4,psa_converted,2791.177,2792.843,tiroDaTre1,test
clip_002381,test/passaggio/clip_002381.mp4,psa_converted,2794.55,2795.08,passaggio,test
clip_002382,test/idle/clip_002382.mp4,psa_converted,2795.592535784109,2796.0365357841088,idle,test
clip_002383,test/idle/clip_002383.mp4,psa_converted,2798.4141825421048,2798.6641825421048,idle,test
clip_002384,test/passaggio/clip_002384.mp4,psa_converted,2802.23,2802.75,passaggio,test
clip_002385,test/passaggio/clip_002385.mp4,psa_converted,2803.53,2803.94,passaggio,test
clip_002386,test/passaggio/clip_002386.mp4,psa_converted,2807.01,2807.83,passaggio,test
clip_002387,test/idle/clip_002387.mp4,psa_converted,2808.684054699907,2808.958054699907,idle,test
clip_002388,test/passaggio/clip_002388.mp4,psa_converted,2811.84,2812.65,passaggio,test
clip_002389,test/non-gioco/clip_002389.mp4,psa_converted,2817.0181336603905,2819.3217616971733,non-gioco,test
clip_002390,test/passaggio/clip_002390.mp4,psa_converted,2826.36,2827.07,passaggio,test
clip_002391,test/passaggio/clip_002391.mp4,psa_converted,2830.15,2830.83,passaggio,test
clip_002392,test/non-gioco/clip_002392.mp4,psa_converted,2834.4708062756017,2837.880871733407,non-gioco,test
clip_002393,test/non-gioco/clip_002393.mp4,psa_converted,2838.0998901698404,2840.297344947336,non-gioco,test
clip_002394,test/passaggio/clip_002394.mp4,psa_converted,2847.21,2847.81,passaggio,test
clip_002395,test/passaggio/clip_002395.mp4,psa_converted,2851.44,2852.14,passaggio,test
clip_002396,test/passaggio/clip_002396.mp4,psa_converted,2855.43,2856.04,passaggio,test
clip_002397,test/passaggio/clip_002397.mp4,psa_converted,2858.34,2858.8,passaggio,test
clip_002398,test/passaggio/clip_002398.mp4,psa_converted,2859.03,2859.78,passaggio,test
clip_002399,test/tiroDaDue0/clip_002399.mp4,psa_converted,2862.21,2863.07,tiroDaDue0,test
clip_002400,test/idle/clip_002400.mp4,psa_converted,2864.2083800203145,2865.0733800203143,idle,test
clip_002401,test/non-gioco/clip_002401.mp4,psa_converted,2865.0910138548966,2868.3652659276845,non-gioco,test
clip_002402,test/non-gioco/clip_002402.mp4,psa_converted,2872.777372362215,2875.4926161023704,non-gioco,test
clip_002403,test/non-gioco/clip_002403.mp4,psa_converted,2875.862976422505,2877.0649526160323,non-gioco,test
clip_002404,test/idle/clip_002404.mp4,psa_converted,2880.386179544283,2880.679179544283,idle,test
clip_002405,test/tiroLibero0/clip_002405.mp4,psa_converted,2887.686,2890.333,tiroLibero0,test
clip_002406,test/non-gioco/clip_002406.mp4,psa_converted,2891.28,2893.49,non-gioco,test
clip_002407,test/tiroLibero1/clip_002407.mp4,psa_converted,2898.137,2900.432,tiroLibero1,test
clip_002408,test/non-gioco/clip_002408.mp4,psa_converted,2900.56,2901.28,non-gioco,test
clip_002409,test/passaggio/clip_002409.mp4,psa_converted,2901.66,2902.4,passaggio,test
clip_002410,test/passaggio/clip_002410.mp4,psa_converted,2908.08,2908.77,passaggio,test
clip_002411,test/passaggio/clip_002411.mp4,psa_converted,2910.86,2911.17,passaggio,test
clip_002412,test/passaggio/clip_002412.mp4,psa_converted,2913.0,2913.63,passaggio,test
clip_002413,test/passaggio/clip_002413.mp4,psa_converted,2914.76,2915.31,passaggio,test
clip_002414,test/passaggio/clip_002414.mp4,psa_converted,2919.29,2919.82,passaggio,test
clip_002415,test/idle/clip_002415.mp4,psa_converted,2921.810125033919,2922.310125033919,idle,test
clip_002416,test/tiroDaDue0/clip_002416.mp4,psa_converted,2923.02,2924.39,tiroDaDue0,test
clip_002417,test/non-gioco/clip_002417.mp4,psa_converted,2924.54,2926.41,non-gioco,test
clip_002418,test/non-gioco/clip_002418.mp4,psa_converted,2931.0783400537994,2932.2425456370997,non-gioco,test
clip_002419,test/non-gioco/clip_002419.mp4,psa_converted,2934.940401685613,2937.5230934963656,non-gioco,test
clip_002420,test/tiroLibero1/clip_002420.mp4,psa_converted,2949.03,2951.45,tiroLibero1,test
clip_002421,test/idle/clip_002421.mp4,psa_converted,2953.0843244921525,2953.8633244921525,idle,test
clip_002422,test/non-gioco/clip_002422.mp4,psa_converted,2955.3178196789127,2957.1307832872094,non-gioco,test
clip_002423,test/tiroLibero0/clip_002423.mp4,psa_converted,2960.79,2962.87,tiroLibero0,test
clip_002424,test/non-gioco/clip_002424.mp4,psa_converted,2969.9900401728023,2972.5036071516406,non-gioco,test
clip_002425,test/non-gioco/clip_002425.mp4,psa_converted,2974.6507717788318,2976.97716387241,non-gioco,test
clip_002426,test/passaggio/clip_002426.mp4,psa_converted,2984.31,2984.97,passaggio,test
clip_002427,test/passaggio/clip_002427.mp4,psa_converted,2985.56,2986.06,passaggio,test
clip_002428,test/passaggio/clip_002428.mp4,psa_converted,2991.66,2992.17,passaggio,test
clip_002429,test/passaggio/clip_002429.mp4,psa_converted,2993.14,2993.45,passaggio,test
clip_002430,test/passaggio/clip_002430.mp4,psa_converted,2995.56,2996.14,passaggio,test
clip_002431,test/passaggio/clip_002431.mp4,psa_converted,2997.63,2998.3,passaggio,test
clip_002432,test/tiroDaDue0/clip_002432.mp4,psa_converted,2998.86,3000.13,tiroDaDue0,test
clip_002433,test/tiroDaDue1/clip_002433.mp4,psa_converted,3001.64,3002.59,tiroDaDue1,test
clip_002434,test/passaggio/clip_002434.mp4,psa_converted,3004.21,3004.66,passaggio,test
clip_002435,test/idle/clip_002435.mp4,psa_converted,3005.4013238397956,3006.0213238397955,idle,test
clip_002436,test/passaggio/clip_002436.mp4,psa_converted,3008.4,3008.75,passaggio,test
clip_002437,test/passaggio/clip_002437.mp4,psa_converted,3010.94,3011.53,passaggio,test
clip_002438,test/tiroDaDue1/clip_002438.mp4,psa_converted,3016.1,3017.57,tiroDaDue1,test
clip_002439,test/non-gioco/clip_002439.mp4,psa_converted,3017.91,3019.8,non-gioco,test
clip_002440,test/passaggio/clip_002440.mp4,psa_converted,3020.42,3020.8,passaggio,test
clip_002441,test/passaggio/clip_002441.mp4,psa_converted,3027.53,3027.91,passaggio,test
clip_002442,test/passaggio/clip_002442.mp4,psa_converted,3032.3,3032.87,passaggio,test
clip_002443,test/tiroDaTre1/clip_002443.mp4,psa_converted,3033.47,3035.27,tiroDaTre1,test
clip_002444,test/passaggio/clip_002444.mp4,psa_converted,3045.35,3045.81,passaggio,test
clip_002445,test/passaggio/clip_002445.mp4,psa_converted,3046.46,3046.8,passaggio,test
clip_002446,test/passaggio/clip_002446.mp4,psa_converted,3048.64,3049.45,passaggio,test
clip_002447,test/tiroDaDue0/clip_002447.mp4,psa_converted,3049.89,3050.71,tiroDaDue0,test
clip_002448,test/tiroDaDue1/clip_002448.mp4,psa_converted,3055.21,3056.72,tiroDaDue1,test
clip_002449,test/passaggio/clip_002449.mp4,psa_converted,3058.8,3059.4,passaggio,test
clip_002450,test/passaggio/clip_002450.mp4,psa_converted,3059.84,3060.49,passaggio,test
clip_002451,test/passaggio/clip_002451.mp4,psa_converted,3067.73,3068.38,passaggio,test
clip_002452,test/passaggio/clip_002452.mp4,psa_converted,3071.06,3071.89,passaggio,test
clip_002453,test/passaggio/clip_002453.mp4,psa_converted,3073.37,3073.83,passaggio,test
clip_002454,test/passaggio/clip_002454.mp4,psa_converted,3075.58,3075.97,passaggio,test
clip_002455,test/non-gioco/clip_002455.mp4,psa_converted,3082.8720568242893,3085.6741566159335,non-gioco,test
clip_002456,test/idle/clip_002456.mp4,psa_converted,3086.6399411264574,3087.1399411264574,idle,test
clip_002457,test/non-gioco/clip_002457.mp4,psa_converted,3094.012095722125,3096.6393873843285,non-gioco,test
clip_002458,test/non-gioco/clip_002458.mp4,psa_converted,3095.583837638896,3098.338286185261,non-gioco,test
clip_002459,test/passaggio/clip_002459.mp4,psa_converted,3102.94,3103.94,passaggio,test
clip_002460,test/non-gioco/clip_002460.mp4,psa_converted,3108.9436874684793,3111.0725747583924,non-gioco,test
clip_002461,test/idle/clip_002461.mp4,psa_converted,3111.186978463254,3111.645978463254,idle,test
clip_002462,test/idle/clip_002462.mp4,psa_converted,3115.8996327901173,3116.6996327901174,idle,test
clip_002463,test/passaggio/clip_002463.mp4,psa_converted,3120.99,3121.49,passaggio,test
clip_002464,test/passaggio/clip_002464.mp4,psa_converted,3124.9,3125.51,passaggio,test
clip_002465,test/tiroDaDue0/clip_002465.mp4,psa_converted,3128.59,3129.72,tiroDaDue0,test
clip_002466,test/tiroDaDue1/clip_002466.mp4,psa_converted,3129.88,3130.46,tiroDaDue1,test
clip_002467,test/idle/clip_002467.mp4,psa_converted,3131.0231022660914,3131.5891022660917,idle,test
clip_002468,test/idle/clip_002468.mp4,psa_converted,3133.94268225012,3134.50668225012,idle,test
clip_002469,test/idle/clip_002469.mp4,psa_converted,3136.1222789013264,3136.7722789013264,idle,test
clip_002470,test/passaggio/clip_002470.mp4,psa_converted,3138.55,3138.98,passaggio,test
clip_002471,test/passaggio/clip_002471.mp4,psa_converted,3140.87,3141.36,passaggio,test
clip_002472,test/passaggio/clip_002472.mp4,psa_converted,3143.77,3144.62,passaggio,test
clip_002473,test/non-gioco/clip_002473.mp4,psa_converted,3146.0031698744324,3148.043144000086,non-gioco,test
clip_002474,test/non-gioco/clip_002474.mp4,psa_converted,3150.964961145309,3152.812290192397,non-gioco,test
clip_002475,test/passaggio/clip_002475.mp4,psa_converted,3164.31,3164.8,passaggio,test
clip_002476,test/passaggio/clip_002476.mp4,psa_converted,3166.61,3167.26,passaggio,test
clip_002477,test/passaggio/clip_002477.mp4,psa_converted,3169.74,3170.47,passaggio,test
clip_002478,test/tiroDaTre0/clip_002478.mp4,psa_converted,3171.41,3173.35,tiroDaTre0,test
clip_002479,test/passaggio/clip_002479.mp4,psa_converted,3176.8,3177.31,passaggio,test
clip_002480,test/passaggio/clip_002480.mp4,psa_converted,3178.09,3178.56,passaggio,test
clip_002481,test/non-gioco/clip_002481.mp4,psa_converted,3181.204569544649,3183.140322103238,non-gioco,test
clip_002482,test/non-gioco/clip_002482.mp4,psa_converted,3186.638802835848,3188.7057128515003,non-gioco,test
clip_002483,test/passaggio/clip_002483.mp4,psa_converted,3192.35,3192.89,passaggio,test
clip_002484,test/idle/clip_002484.mp4,psa_converted,3196.3483799141245,3198.4013799141244,idle,test
clip_002485,test/passaggio/clip_002485.mp4,psa_converted,3199.88,3200.24,passaggio,test
clip_002486,test/passaggio/clip_002486.mp4,psa_converted,3204.34,3204.75,passaggio,test
clip_002487,test/passaggio/clip_002487.mp4,psa_converted,3205.32,3205.81,passaggio,test
clip_002488,test/passaggio/clip_002488.mp4,psa_converted,3207.32,3208.4,passaggio,test
clip_002489,test/non-gioco/clip_002489.mp4,psa_converted,3209.67,3214.24,non-gioco,test
clip_002490,test/passaggio/clip_002490.mp4,psa_converted,3214.74,3215.47,passaggio,test
clip_002491,test/passaggio/clip_002491.mp4,psa_converted,3221.52,3222.01,passaggio,test
clip_002492,test/passaggio/clip_002492.mp4,psa_converted,3225.63,3226.1,passaggio,test
clip_002493,test/passaggio/clip_002493.mp4,psa_converted,3229.33,3229.95,passaggio,test
clip_002494,test/passaggio/clip_002494.mp4,psa_converted,3230.41,3230.9,passaggio,test
clip_002495,test/idle/clip_002495.mp4,psa_converted,3232.2612577468612,3232.821257746861,idle,test
clip_002496,test/passaggio/clip_002496.mp4,psa_converted,3239.14,3239.59,passaggio,test
clip_002497,test/tiroDaDue0/clip_002497.mp4,psa_converted,3241.22,3242.45,tiroDaDue0,test
clip_002498,test/passaggio/clip_002498.mp4,psa_converted,3250.82,3251.48,passaggio,test
clip_002499,test/passaggio/clip_002499.mp4,psa_converted,3252.95,3253.53,passaggio,test
clip_002500,test/non-gioco/clip_002500.mp4,psa_converted,3258.709238071136,3262.016700660472,non-gioco,test
clip_002501,test/non-gioco/clip_002501.mp4,psa_converted,3259.0139749950454,3262.0934047162327,non-gioco,test
clip_002502,test/idle/clip_002502.mp4,psa_converted,3272.752235206783,3273.2012352067827,idle,test
clip_002503,test/passaggio/clip_002503.mp4,psa_converted,3279.23,3279.87,passaggio,test
clip_002504,test/tiroDaDue0/clip_002504.mp4,psa_converted,3282.89,3283.99,tiroDaDue0,test
clip_002505,test/passaggio/clip_002505.mp4,psa_converted,3288.32,3288.84,passaggio,test
clip_002506,test/passaggio/clip_002506.mp4,psa_converted,3289.57,3290.19,passaggio,test
clip_002507,test/tiroDaDue1/clip_002507.mp4,psa_converted,3290.87,3292.04,tiroDaDue1,test
clip_002508,test/passaggio/clip_002508.mp4,psa_converted,3293.76,3294.33,passaggio,test
clip_002509,test/passaggio/clip_002509.mp4,psa_converted,3307.98,3308.63,passaggio,test
clip_002510,test/tiroDaDue0/clip_002510.mp4,psa_converted,3310.71,3311.46,tiroDaDue0,test
clip_002511,test/passaggio/clip_002511.mp4,psa_converted,3313.56,3314.19,passaggio,test
clip_002512,test/tiroDaDue0/clip_002512.mp4,psa_converted,3316.27,3318.11,tiroDaDue0,test
clip_002513,test/passaggio/clip_002513.mp4,psa_converted,3320.0,3320.49,passaggio,test
clip_002514,test/tiroDaDue1/clip_002514.mp4,psa_converted,3321.97,3322.9,tiroDaDue1,test
clip_002515,test/passaggio/clip_002515.mp4,psa_converted,3325.18,3325.75,passaggio,test
clip_002516,test/passaggio/clip_002516.mp4,psa_converted,3326.23,3326.73,passaggio,test
clip_002517,test/passaggio/clip_002517.mp4,psa_converted,3335.19,3335.74,passaggio,test
clip_002518,test/passaggio/clip_002518.mp4,psa_converted,3343.6,3344.18,passaggio,test
clip_002519,test/passaggio/clip_002519.mp4,psa_converted,3345.92,3346.25,passaggio,test
clip_002520,test/tiroDaTre0/clip_002520.mp4,psa_converted,3347.76,3349.02,tiroDaTre0,test
clip_002521,test/passaggio/clip_002521.mp4,psa_converted,3351.98,3352.57,passaggio,test
clip_002522,test/passaggio/clip_002522.mp4,psa_converted,3354.17,3354.89,passaggio,test
clip_002523,test/passaggio/clip_002523.mp4,psa_converted,3356.67,3357.26,passaggio,test
clip_002524,test/passaggio/clip_002524.mp4,psa_converted,3359.14,3359.9,passaggio,test
clip_002525,test/passaggio/clip_002525.mp4,psa_converted,3360.78,3361.38,passaggio,test
clip_002526,test/tiroDaDue1/clip_002526.mp4,psa_converted,3362.01,3362.94,tiroDaDue1,test
clip_002527,test/passaggio/clip_002527.mp4,psa_converted,3365.26,3365.76,passaggio,test
clip_002528,test/non-gioco/clip_002528.mp4,psa_converted,3381.551257197465,3384.5806804106587,non-gioco,test
clip_002529,test/non-gioco/clip_002529.mp4,psa_converted,3381.994424951823,3384.4605876586716,non-gioco,test
clip_002530,test/non-gioco/clip_002530.mp4,psa_converted,3387.308921019238,3388.550332100652,non-gioco,test
clip_002531,test/tiroLibero0/clip_002531.mp4,psa_converted,3395.55,3398.46,tiroLibero0,test
clip_002532,test/non-gioco/clip_002532.mp4,psa_converted,3401.554336702911,3403.3784516564515,non-gioco,test
clip_002533,test/passaggio/clip_002533.mp4,psa_converted,3409.67,3410.2,passaggio,test
clip_002534,test/passaggio/clip_002534.mp4,psa_converted,3414.29,3414.77,passaggio,test
clip_002535,test/passaggio/clip_002535.mp4,psa_converted,3415.77,3416.06,passaggio,test
clip_002536,test/passaggio/clip_002536.mp4,psa_converted,3422.59,3423.18,passaggio,test
clip_002537,test/passaggio/clip_002537.mp4,psa_converted,3427.54,3427.95,passaggio,test
clip_002538,test/idle/clip_002538.mp4,psa_converted,3430.5861689557564,3430.9611689557564,idle,test
clip_002539,test/idle/clip_002539.mp4,psa_converted,3433.165145408668,3433.6051454086682,idle,test
clip_002540,test/non-gioco/clip_002540.mp4,psa_converted,3438.6535811350013,3440.5375763340858,non-gioco,test
clip_002541,test/non-gioco/clip_002541.mp4,psa_converted,3440.4053392222686,3443.281049847897,non-gioco,test
clip_002542,test/passaggio/clip_002542.mp4,psa_converted,3445.62,3445.96,passaggio,test
clip_002543,test/passaggio/clip_002543.mp4,psa_converted,3449.78,3450.31,passaggio,test
clip_002544,test/idle/clip_002544.mp4,psa_converted,3451.1947756222894,3451.9747756222896,idle,test
clip_002545,test/tiroDaDue1/clip_002545.mp4,psa_converted,3455.8,3456.97,tiroDaDue1,test
clip_002546,test/passaggio/clip_002546.mp4,psa_converted,3467.49,3467.91,passaggio,test
clip_002547,test/passaggio/clip_002547.mp4,psa_converted,3471.0,3471.34,passaggio,test
clip_002548,test/passaggio/clip_002548.mp4,psa_converted,3471.75,3472.31,passaggio,test
clip_002549,test/tiroDaTre1/clip_002549.mp4,psa_converted,3475.05,3476.75,tiroDaTre1,test
clip_002550,test/passaggio/clip_002550.mp4,psa_converted,3478.74,3479.42,passaggio,test
clip_002551,test/passaggio/clip_002551.mp4,psa_converted,3487.27,3487.78,passaggio,test
clip_002552,test/passaggio/clip_002552.mp4,psa_converted,3489.51,3490.24,passaggio,test
clip_002553,test/idle/clip_002553.mp4,psa_converted,3499.1835369215064,3499.583536921506,idle,test
clip_002554,test/non-gioco/clip_002554.mp4,psa_converted,3499.9001756044822,3502.7028273013475,non-gioco,test
clip_002555,test/passaggio/clip_002555.mp4,psa_converted,3504.69,3505.29,passaggio,test
clip_002556,test/tiroDaDue0/clip_002556.mp4,psa_converted,3508.74,3509.29,tiroDaDue0,test
clip_002557,test/non-gioco/clip_002557.mp4,psa_converted,3512.1935140407636,3514.6383103367384,non-gioco,test
clip_002558,test/non-gioco/clip_002558.mp4,psa_converted,3514.0108197480417,3516.5118449761035,non-gioco,test
clip_002559,test/idle/clip_002559.mp4,psa_converted,3516.5654660759014,3516.8694660759015,idle,test
clip_002560,test/tiroLibero0/clip_002560.mp4,psa_converted,3528.8,3530.76,tiroLibero0,test
clip_002561,test/non-gioco/clip_002561.mp4,psa_converted,3530.96,3533.41,non-gioco,test
clip_002562,test/non-gioco/clip_002562.mp4,psa_converted,3533.41,3535.36,non-gioco,test
clip_002563,test/tiroLibero1/clip_002563.mp4,psa_converted,3540.62,3541.94,tiroLibero1,test
clip_002564,test/non-gioco/clip_002564.mp4,psa_converted,3542.31,3543.82,non-gioco,test
clip_002565,test/passaggio/clip_002565.mp4,psa_converted,3544.37,3544.9,passaggio,test
clip_002566,test/idle/clip_002566.mp4,psa_converted,3548.845335232712,3549.9343352327123,idle,test
clip_002567,test/passaggio/clip_002567.mp4,psa_converted,3551.27,3551.75,passaggio,test
clip_002568,test/passaggio/clip_002568.mp4,psa_converted,3553.17,3553.77,passaggio,test
clip_002569,test/tiroDaDue1/clip_002569.mp4,psa_converted,3559.5,3561.06,tiroDaDue1,test
clip_002570,test/passaggio/clip_002570.mp4,psa_converted,3562.38,3562.93,passaggio,test
clip_002571,test/passaggio/clip_002571.mp4,psa_converted,3569.23,3569.95,passaggio,test
clip_002572,test/passaggio/clip_002572.mp4,psa_converted,3573.05,3573.55,passaggio,test
clip_002573,test/passaggio/clip_002573.mp4,psa_converted,3575.32,3575.81,passaggio,test
clip_002574,test/idle/clip_002574.mp4,psa_converted,3576.913560564407,3577.223560564407,idle,test
clip_002575,test/passaggio/clip_002575.mp4,psa_converted,3578.42,3579.01,passaggio,test
clip_002576,test/tiroDaDue0/clip_002576.mp4,psa_converted,3579.69,3581.53,tiroDaDue0,test
clip_002577,test/idle/clip_002577.mp4,psa_converted,3588.6536670742657,3589.2376670742656,idle,test
clip_002578,test/passaggio/clip_002578.mp4,psa_converted,3590.7,3591.16,passaggio,test
clip_002579,test/passaggio/clip_002579.mp4,psa_converted,3593.08,3593.56,passaggio,test
clip_002580,test/tiroDaTre0/clip_002580.mp4,psa_converted,3594.62,3596.17,tiroDaTre0,test
clip_002581,test/tiroDaDue1/clip_002581.mp4,psa_converted,3598.79,3600.15,tiroDaDue1,test
clip_002582,test/non-gioco/clip_002582.mp4,psa_converted,3600.35,3602.38,non-gioco,test
clip_002583,test/passaggio/clip_002583.mp4,psa_converted,3602.77,3603.39,passaggio,test
clip_002584,test/tiroDaTre1/clip_002584.mp4,psa_converted,3610.19,3611.95,tiroDaTre1,test
clip_002585,test/passaggio/clip_002585.mp4,psa_converted,3613.81,3614.18,passaggio,test
clip_002586,test/passaggio/clip_002586.mp4,psa_converted,3614.61,3614.97,passaggio,test
clip_002587,test/passaggio/clip_002587.mp4,psa_converted,3619.54,3620.01,passaggio,test
clip_002588,test/tiroDaDue1/clip_002588.mp4,psa_converted,3620.84,3622.06,tiroDaDue1,test
clip_002589,test/passaggio/clip_002589.mp4,psa_converted,3624.16,3624.86,passaggio,test
clip_002590,test/passaggio/clip_002590.mp4,psa_converted,3630.69,3631.25,passaggio,test
clip_002591,test/passaggio/clip_002591.mp4,psa_converted,3633.42,3633.92,passaggio,test
clip_002592,test/tiroDaTre0/clip_002592.mp4,psa_converted,3634.61,3636.13,tiroDaTre0,test
clip_002593,test/passaggio/clip_002593.mp4,psa_converted,3639.27,3639.88,passaggio,test
clip_002594,test/tiroDaDue1/clip_002594.mp4,psa_converted,3641.36,3642.1,tiroDaDue1,test
clip_002595,test/passaggio/clip_002595.mp4,psa_converted,3643.75,3644.4,passaggio,test
clip_002596,test/passaggio/clip_002596.mp4,psa_converted,3652.12,3652.73,passaggio,test
clip_002597,test/passaggio/clip_002597.mp4,psa_converted,3653.89,3654.13,passaggio,test
clip_002598,test/passaggio/clip_002598.mp4,psa_converted,3656.7,3657.32,passaggio,test
clip_002599,test/idle/clip_002599.mp4,psa_converted,3658.9185892105093,3659.6305892105097,idle,test
clip_002600,test/tiroDaDue0/clip_002600.mp4,psa_converted,3662.09,3663.45,tiroDaDue0,test
clip_002601,test/non-gioco/clip_002601.mp4,psa_converted,3665.888871168786,3668.530711926256,non-gioco,test
clip_002602,test/non-gioco/clip_002602.mp4,psa_converted,3672.09,3672.515,non-gioco,test
clip_002603,train/passaggio/clip_002603.mp4,psa_corato,7.63,8.61,passaggio,train
clip_002604,train/passaggio/clip_002604.mp4,psa_corato,11.396,11.963,passaggio,train
clip_002605,train/passaggio/clip_002605.mp4,psa_corato,14.98,15.324,passaggio,train
clip_002606,train/tiroDaDue0/clip_002606.mp4,psa_corato,19.14,20.46,tiroDaDue0,train
clip_002607,train/passaggio/clip_002607.mp4,psa_corato,23.293,23.526,passaggio,train
clip_002608,train/tiroDaDue1/clip_002608.mp4,psa_corato,23.943,25.111,tiroDaDue1,train
clip_002609,train/passaggio/clip_002609.mp4,psa_corato,26.7,26.91,passaggio,train
clip_002610,train/idle/clip_002610.mp4,psa_corato,29.621835656823222,29.967835656823226,idle,train
clip_002611,train/passaggio/clip_002611.mp4,psa_corato,31.833,32.33,passaggio,train
clip_002612,train/passaggio/clip_002612.mp4,psa_corato,33.39,33.55,passaggio,train
clip_002613,train/passaggio/clip_002613.mp4,psa_corato,35.09,35.56,passaggio,train
clip_002614,train/idle/clip_002614.mp4,psa_corato,36.32334692989787,36.67834692989789,idle,train
clip_002615,train/idle/clip_002615.mp4,psa_corato,36.502266452839685,36.939266452839696,idle,train
clip_002616,train/passaggio/clip_002616.mp4,psa_corato,39.15,39.56,passaggio,train
clip_002617,train/tiroDaTre0/clip_002617.mp4,psa_corato,39.99,41.64,tiroDaTre0,train
clip_002618,train/passaggio/clip_002618.mp4,psa_corato,49.626,50.1,passaggio,train
clip_002619,train/passaggio/clip_002619.mp4,psa_corato,50.573,50.92,passaggio,train
clip_002620,train/passaggio/clip_002620.mp4,psa_corato,52.37,52.77,passaggio,train
clip_002621,train/tiroDaTre0/clip_002621.mp4,psa_corato,54.76,56.45,tiroDaTre0,train
clip_002622,train/passaggio/clip_002622.mp4,psa_corato,60.333,60.68,passaggio,train
clip_002623,train/passaggio/clip_002623.mp4,psa_corato,63.156,63.74,passaggio,train
clip_002624,train/passaggio/clip_002624.mp4,psa_corato,64.533,64.77,passaggio,train
clip_002625,train/passaggio/clip_002625.mp4,psa_corato,65.365,65.85,passaggio,train
clip_002626,train/passaggio/clip_002626.mp4,psa_corato,66.696,67.09,passaggio,train
clip_002627,train/passaggio/clip_002627.mp4,psa_corato,73.0,73.46,passaggio,train
clip_002628,train/passaggio/clip_002628.mp4,psa_corato,73.916,74.29,passaggio,train
clip_002629,train/tiroDaTre0/clip_002629.mp4,psa_corato,74.79,76.52,tiroDaTre0,train
clip_002630,train/idle/clip_002630.mp4,psa_corato,77.96171386254788,78.60771386254784,idle,train
clip_002631,train/idle/clip_002631.mp4,psa_corato,84.04544289880229,84.47844289880274,idle,train
clip_002632,train/passaggio/clip_002632.mp4,psa_corato,86.126,86.63,passaggio,train
clip_002633,train/passaggio/clip_002633.mp4,psa_corato,88.816,89.12,passaggio,train
clip_002634,train/passaggio/clip_002634.mp4,psa_corato,94.28,94.67,passaggio,train
clip_002635,train/non-gioco/clip_002635.mp4,psa_corato,101.11221045193528,102.38275640675344,non-gioco,train
clip_002636,train/passaggio/clip_002636.mp4,psa_corato,106.994,107.351,passaggio,train
clip_002637,train/idle/clip_002637.mp4,psa_corato,108.18247821794807,108.70547821794798,idle,train
clip_002638,train/passaggio/clip_002638.mp4,psa_corato,111.466,112.15,passaggio,train
clip_002639,train/passaggio/clip_002639.mp4,psa_corato,114.816,115.15,passaggio,train
clip_002640,train/passaggio/clip_002640.mp4,psa_corato,116.8,116.95,passaggio,train
clip_002641,train/non-gioco/clip_002641.mp4,psa_corato,130.6948946501367,132.61379727667506,non-gioco,train
clip_002642,train/non-gioco/clip_002642.mp4,psa_corato,130.9941749653966,133.42942497622528,non-gioco,train
clip_002643,train/passaggio/clip_002643.mp4,psa_corato,137.37,137.79,passaggio,train
clip_002644,train/passaggio/clip_002644.mp4,psa_corato,140.946,141.35,passaggio,train
clip_002645,train/idle/clip_002645.mp4,psa_corato,142.3866685703932,142.9466685703932,idle,train
clip_002646,train/passaggio/clip_002646.mp4,psa_corato,143.916,144.17,passaggio,train
clip_002647,train/passaggio/clip_002647.mp4,psa_corato,146.653,147.22,passaggio,train
clip_002648,train/tiroDaDue0/clip_002648.mp4,psa_corato,147.68,149.25,tiroDaDue0,train
clip_002649,train/passaggio/clip_002649.mp4,psa_corato,151.63,153.06,passaggio,train
clip_002650,train/non-gioco/clip_002650.mp4,psa_corato,161.3140502747685,164.36011742362018,non-gioco,train
clip_002651,train/non-gioco/clip_002651.mp4,psa_corato,165.0171066006856,168.12999450400648,non-gioco,train
clip_002652,train/passaggio/clip_002652.mp4,psa_corato,171.41,172.05,passaggio,train
clip_002653,train/passaggio/clip_002653.mp4,psa_corato,178.15,178.52,passaggio,train
clip_002654,train/passaggio/clip_002654.mp4,psa_corato,179.49,179.89,passaggio,train
clip_002655,train/idle/clip_002655.mp4,psa_corato,180.54867983928656,181.11467983928637,idle,train
clip_002656,train/passaggio/clip_002656.mp4,psa_corato,184.38,184.92,passaggio,train
clip_002657,train/tiroDaTre0/clip_002657.mp4,psa_corato,185.46,187.07,tiroDaTre0,train
clip_002658,train/idle/clip_002658.mp4,psa_corato,187.60377897301956,188.88377897301956,idle,train
clip_002659,train/passaggio/clip_002659.mp4,psa_corato,189.58,189.96,passaggio,train
clip_002660,train/idle/clip_002660.mp4,psa_corato,191.0057442015014,193.08474420150156,idle,train
clip_002661,train/idle/clip_002661.mp4,psa_corato,191.17684529546153,192.47484529546153,idle,train
clip_002662,train/tiroDaDue0/clip_002662.mp4,psa_corato,194.47,195.81,tiroDaDue0,train
clip_002663,train/non-gioco/clip_002663.mp4,psa_corato,196.22903660357684,198.83578451315142,non-gioco,train
clip_002664,train/non-gioco/clip_002664.mp4,psa_corato,208.21038414220422,211.53309486969155,non-gioco,train
clip_002665,train/tiroLibero0/clip_002665.mp4,psa_corato,220.03,222.05,tiroLibero0,train
clip_002666,train/non-gioco/clip_002666.mp4,psa_corato,223.0,226.091,non-gioco,train
clip_002667,train/tiroLibero1/clip_002667.mp4,psa_corato,230.4,232.0,tiroLibero1,train
clip_002668,train/non-gioco/clip_002668.mp4,psa_corato,232.65,235.73,non-gioco,train
clip_002669,train/passaggio/clip_002669.mp4,psa_corato,237.05,237.74,passaggio,train
clip_002670,train/passaggio/clip_002670.mp4,psa_corato,246.04,246.39,passaggio,train
clip_002671,train/passaggio/clip_002671.mp4,psa_corato,249.79,250.095,passaggio,train
clip_002672,train/passaggio/clip_002672.mp4,psa_corato,252.013,252.326,passaggio,train
clip_002673,train/tiroDaTre0/clip_002673.mp4,psa_corato,253.08,254.75,tiroDaTre0,train
clip_002674,train/passaggio/clip_002674.mp4,psa_corato,257.05,257.58,passaggio,train
clip_002675,train/passaggio/clip_002675.mp4,psa_corato,260.94,261.38,passaggio,train
clip_002676,train/passaggio/clip_002676.mp4,psa_corato,263.005,263.476,passaggio,train
clip_002677,train/passaggio/clip_002677.mp4,psa_corato,264.86,265.13,passaggio,train
clip_002678,train/tiroDaDue1/clip_002678.mp4,psa_corato,269.86,270.96,tiroDaDue1,train
clip_002679,train/passaggio/clip_002679.mp4,psa_corato,272.73,273.22,passaggio,train
clip_002680,train/passaggio/clip_002680.mp4,psa_corato,281.31,281.68,passaggio,train
clip_002681,train/passaggio/clip_002681.mp4,psa_corato,283.23,283.51,passaggio,train
clip_002682,train/passaggio/clip_002682.mp4,psa_corato,286.08,286.51,passaggio,train
clip_002683,train/tiroDaDue1/clip_002683.mp4,psa_corato,290.47,291.46,tiroDaDue1,train
clip_002684,train/passaggio/clip_002684.mp4,psa_corato,294.38,294.94,passaggio,train
clip_002685,train/passaggio/clip_002685.mp4,psa_corato,295.35,295.81,passaggio,train
clip_002686,train/passaggio/clip_002686.mp4,psa_corato,299.83,300.19,passaggio,train
clip_002687,train/passaggio/clip_002687.mp4,psa_corato,301.88,302.16,passaggio,train
clip_002688,train/passaggio/clip_002688.mp4,psa_corato,309.56,309.82,passaggio,train
clip_002689,train/passaggio/clip_002689.mp4,psa_corato,310.84,311.23,passaggio,train
clip_002690,train/passaggio/clip_002690.mp4,psa_corato,312.45,312.74,passaggio,train
clip_002691,train/tiroDaDue1/clip_002691.mp4,psa_corato,313.26,314.35,tiroDaDue1,train
clip_002692,train/passaggio/clip_002692.mp4,psa_corato,317.58,318.35,passaggio,train
clip_002693,train/passaggio/clip_002693.mp4,psa_corato,323.95,324.46,passaggio,train
clip_002694,train/passaggio/clip_002694.mp4,psa_corato,327.56,328.253,passaggio,train
clip_002695,train/passaggio/clip_002695.mp4,psa_corato,328.68,329.03,passaggio,train
clip_002696,train/passaggio/clip_002696.mp4,psa_corato,331.32,331.72,passaggio,train
clip_002697,train/passaggio/clip_002697.mp4,psa_corato,335.05,335.73,passaggio,train
clip_002698,train/tiroDaTre1/clip_002698.mp4,psa_corato,337.67,339.07,tiroDaTre1,train
clip_002699,train/passaggio/clip_002699.mp4,psa_corato,340.72,341.0,passaggio,train
clip_002700,train/passaggio/clip_002700.mp4,psa_corato,345.76,346.25,passaggio,train
clip_002701,train/idle/clip_002701.mp4,psa_corato,348.1419024050837,348.49190240508364,idle,train
clip_002702,train/passaggio/clip_002702.mp4,psa_corato,351.98,352.326,passaggio,train
clip_002703,train/passaggio/clip_002703.mp4,psa_corato,353.13,353.7,passaggio,train
clip_002704,train/tiroDaDue0/clip_002704.mp4,psa_corato,356.54,357.6,tiroDaDue0,train
clip_002705,train/tiroDaDue1/clip_002705.mp4,psa_corato,358.63,359.62,tiroDaDue1,train
clip_002706,train/passaggio/clip_002706.mp4,psa_corato,362.19,362.58,passaggio,train
clip_002707,train/idle/clip_002707.mp4,psa_corato,363.4242236903385,364.3442236903385,idle,train
clip_002708,train/passaggio/clip_002708.mp4,psa_corato,369.61,369.98,passaggio,train
clip_002709,train/passaggio/clip_002709.mp4,psa_corato,373.87,374.46,passaggio,train
clip_002710,train/non-gioco/clip_002710.mp4,psa_corato,374.89416788601295,376.7437295279561,non-gioco,train
clip_002711,train/non-gioco/clip_002711.mp4,psa_corato,378.8141828118978,380.48280212478306,non-gioco,train
clip_002712,train/non-gioco/clip_002712.mp4,psa_corato,381.36849662691367,384.12524355907766,non-gioco,train
clip_002713,train/idle/clip_002713.mp4,psa_corato,388.51956316153996,390.36556316153997,idle,train
clip_002714,train/idle/clip_002714.mp4,psa_corato,399.40946440710036,399.77146440710044,idle,train
clip_002715,train/passaggio/clip_002715.mp4,psa_corato,402.12,402.54,passaggio,train
clip_002716,train/tiroDaDue1/clip_002716.mp4,psa_corato,407.62,409.2,tiroDaDue1,train
clip_002717,train/passaggio/clip_002717.mp4,psa_corato,410.937,411.443,passaggio,train
clip_002718,train/passaggio/clip_002718.mp4,psa_corato,411.81,412.57,passaggio,train
clip_002719,train/passaggio/clip_002719.mp4,psa_corato,415.58,416.03,passaggio,train
clip_002720,train/passaggio/clip_002720.mp4,psa_corato,417.07,417.28,passaggio,train
clip_002721,train/passaggio/clip_002721.mp4,psa_corato,420.81,421.09,passaggio,train
clip_002722,train/passaggio/clip_002722.mp4,psa_corato,421.879,422.03,passaggio,train
clip_002723,train/passaggio/clip_002723.mp4,psa_corato,428.24,428.82,passaggio,train
clip_002724,train/tiroDaTre0/clip_002724.mp4,psa_corato,429.48,431.19,tiroDaTre0,train
clip_002725,train/passaggio/clip_002725.mp4,psa_corato,433.532,434.215,passaggio,train
clip_002726,train/passaggio/clip_002726.mp4,psa_corato,435.23,435.56,passaggio,train
clip_002727,train/tiroDaDue1/clip_002727.mp4,psa_corato,436.06,437.32,tiroDaDue1,train
clip_002728,train/passaggio/clip_002728.mp4,psa_corato,439.392,439.924,passaggio,train
clip_002729,train/passaggio/clip_002729.mp4,psa_corato,440.25,440.87,passaggio,train
clip_002730,train/non-gioco/clip_002730.mp4,psa_corato,448.48016973431237,450.4821305943112,non-gioco,train
clip_002731,train/idle/clip_002731.mp4,psa_corato,451.577292531347,452.3372925313472,idle,train
clip_002732,train/non-gioco/clip_002732.mp4,psa_corato,453.42300139810413,456.59765816444525,non-gioco,train
clip_002733,train/passaggio/clip_002733.mp4,psa_corato,462.75,463.33,passaggio,train
clip_002734,train/passaggio/clip_002734.mp4,psa_corato,469.16,469.39,passaggio,train
clip_002735,train/passaggio/clip_002735.mp4,psa_corato,471.32,471.74,passaggio,train
clip_002736,train/passaggio/clip_002736.mp4,psa_corato,474.44,475.0,passaggio,train
clip_002737,train/tiroDaDue0/clip_002737.mp4,psa_corato,477.38,479.08,tiroDaDue0,train
clip_002738,train/tiroDaDue0/clip_002738.mp4,psa_corato,479.23,480.67,tiroDaDue0,train
clip_002739,train/non-gioco/clip_002739.mp4,psa_corato,481.6705695615266,484.2534995931654,non-gioco,train
clip_002740,train/idle/clip_002740.mp4,psa_corato,487.50280340367345,487.7628034036737,idle,train
clip_002741,train/passaggio/clip_002741.mp4,psa_corato,490.61,490.98,passaggio,train
clip_002742,train/passaggio/clip_002742.mp4,psa_corato,491.36,491.86,passaggio,train
clip_002743,train/passaggio/clip_002743.mp4,psa_corato,499.61,499.85,passaggio,train
clip_002744,train/non-gioco/clip_002744.mp4,psa_corato,503.6165705793336,506.4818499843479,non-gioco,train
clip_002745,train/idle/clip_002745.mp4,psa_corato,513.3398695620281,513.7918695620283,idle,train
clip_002746,train/passaggio/clip_002746.mp4,psa_corato,515.709,516.329,passaggio,train
clip_002747,train/passaggio/clip_002747.mp4,psa_corato,518.418,518.797,passaggio,train
clip_002748,train/idle/clip_002748.mp4,psa_corato,522.8992347173298,523.3302347173294,idle,train
clip_002749,train/passaggio/clip_002749.mp4,psa_corato,525.48,525.84,passaggio,train
clip_002750,train/tiroDaTre0/clip_002750.mp4,psa_corato,526.39,528.01,tiroDaTre0,train
clip_002751,train/passaggio/clip_002751.mp4,psa_corato,532.52,532.95,passaggio,train
clip_002752,train/idle/clip_002752.mp4,psa_corato,534.4274834095921,534.8344834095922,idle,train
clip_002753,train/non-gioco/clip_002753.mp4,psa_corato,535.4683399771613,536.6807325771043,non-gioco,train
clip_002754,train/non-gioco/clip_002754.mp4,psa_corato,543.2839899064838,545.3335711408951,non-gioco,train
clip_002755,train/non-gioco/clip_002755.mp4,psa_corato,548.9579591373192,551.900048187236,non-gioco,train
clip_002756,train/non-gioco/clip_002756.mp4,psa_corato,553.752974586243,555.6781073174355,non-gioco,train
clip_002757,train/idle/clip_002757.mp4,psa_corato,560.4503926998871,562.3443926998871,idle,train
clip_002758,train/passaggio/clip_002758.mp4,psa_corato,564.04,564.63,passaggio,train
clip_002759,train/passaggio/clip_002759.mp4,psa_corato,568.62,569.076,passaggio,train
clip_002760,train/passaggio/clip_002760.mp4,psa_corato,572.53,572.93,passaggio,train
clip_002761,train/passaggio/clip_002761.mp4,psa_corato,573.44,573.82,passaggio,train
clip_002762,train/passaggio/clip_002762.mp4,psa_corato,575.65,576.09,passaggio,train
clip_002763,train/tiroDaTre0/clip_002763.mp4,psa_corato,576.52,578.58,tiroDaTre0,train
clip_002764,train/non-gioco/clip_002764.mp4,psa_corato,587.7094007983702,590.394322574903,non-gioco,train
clip_002765,train/non-gioco/clip_002765.mp4,psa_corato,592.1335871701242,594.7884339021449,non-gioco,train
clip_002766,train/non-gioco/clip_002766.mp4,psa_corato,595.6460455053394,597.0395702481073,non-gioco,train
clip_002767,train/passaggio/clip_002767.mp4,psa_corato,606.38,606.62,passaggio,train
clip_002768,train/tiroDaTre0/clip_002768.mp4,psa_corato,607.22,608.98,tiroDaTre0,train
clip_002769,train/passaggio/clip_002769.mp4,psa_corato,616.83,617.36,passaggio,train
clip_002770,train/non-gioco/clip_002770.mp4,psa_corato,620.1218660539541,622.2269765206986,non-gioco,train
clip_002771,train/passaggio/clip_002771.mp4,psa_corato,626.671,627.177,passaggio,train
clip_002772,train/passaggio/clip_002772.mp4,psa_corato,628.15,628.54,passaggio,train
clip_002773,train/passaggio/clip_002773.mp4,psa_corato,631.85,632.49,passaggio,train
clip_002774,train/non-gioco/clip_002774.mp4,psa_corato,634.9486450795575,637.8360029387285,non-gioco,train
clip_002775,train/non-gioco/clip_002775.mp4,psa_corato,638.8387475379711,640.9135316214658,non-gioco,train
clip_002776,train/non-gioco/clip_002776.mp4,psa_corato,643.0950826580886,645.7912982949889,non-gioco,train
clip_002777,train/idle/clip_002777.mp4,psa_corato,656.7650618830656,657.0350618830661,idle,train
clip_002778,train/idle/clip_002778.mp4,psa_corato,657.0326947186005,657.5226947186005,idle,train
clip_002779,train/passaggio/clip_002779.mp4,psa_corato,660.89,661.9,passaggio,train
clip_002780,train/tiroDaDue0/clip_002780.mp4,psa_corato,663.97,666.03,tiroDaDue0,train
clip_002781,train/non-gioco/clip_002781.mp4,psa_corato,667.76890138297,670.4367327798108,non-gioco,train
clip_002782,train/passaggio/clip_002782.mp4,psa_corato,679.61,680.08,passaggio,train
clip_002783,train/passaggio/clip_002783.mp4,psa_corato,681.87,682.23,passaggio,train
clip_002784,train/passaggio/clip_002784.mp4,psa_corato,683.083,683.333,passaggio,train
clip_002785,train/passaggio/clip_002785.mp4,psa_corato,686.35,686.69,passaggio,train
clip_002786,train/tiroDaTre1/clip_002786.mp4,psa_corato,687.12,688.87,tiroDaTre1,train
clip_002787,train/passaggio/clip_002787.mp4,psa_corato,690.94,691.14,passaggio,train
clip_002788,train/idle/clip_002788.mp4,psa_corato,693.0972005977588,693.5972005977588,idle,train
clip_002789,train/idle/clip_002789.mp4,psa_corato,696.7348023153766,698.0908023153765,idle,train
clip_002790,train/passaggio/clip_002790.mp4,psa_corato,699.24,699.5,passaggio,train
clip_002791,train/passaggio/clip_002791.mp4,psa_corato,701.51,702.29,passaggio,train
clip_002792,train/passaggio/clip_002792.mp4,psa_corato,703.48,704.05,passaggio,train
clip_002793,train/passaggio/clip_002793.mp4,psa_corato,707.37,707.58,passaggio,train
clip_002794,train/tiroDaDue0/clip_002794.mp4,psa_corato,708.13,708.82,tiroDaDue0,train
clip_002795,train/idle/clip_002795.mp4,psa_corato,712.9183107146469,713.3693107146469,idle,train
clip_002796,train/non-gioco/clip_002796.mp4,psa_corato,714.981451124491,716.0006688392407,non-gioco,train
clip_002797,train/non-gioco/clip_002797.mp4,psa_corato,718.66489656328,720.6530550534991,non-gioco,train
clip_002798,train/idle/clip_002798.mp4,psa_corato,722.7600859783578,723.1100859783578,idle,train
clip_002799,train/passaggio/clip_002799.mp4,psa_corato,727.32,727.72,passaggio,train
clip_002800,train/passaggio/clip_002800.mp4,psa_corato,728.25,728.57,passaggio,train
clip_002801,train/passaggio/clip_002801.mp4,psa_corato,735.14,735.47,passaggio,train
clip_002802,train/passaggio/clip_002802.mp4,psa_corato,736.941,737.118,passaggio,train
clip_002803,train/tiroDaTre0/clip_002803.mp4,psa_corato,739.07,741.013,tiroDaTre0,train
clip_002804,train/idle/clip_002804.mp4,psa_corato,746.8594036608482,748.3884036608482,idle,train
clip_002805,train/passaggio/clip_002805.mp4,psa_corato,751.0,751.34,passaggio,train
clip_002806,train/tiroDaDue0/clip_002806.mp4,psa_corato,752.05,752.96,tiroDaDue0,train
clip_002807,train/passaggio/clip_002807.mp4,psa_corato,756.98,757.31,passaggio,train
clip_002808,train/non-gioco/clip_002808.mp4,psa_corato,759.6620524937186,761.1901374417695,non-gioco,train
clip_002809,train/non-gioco/clip_002809.mp4,psa_corato,762.368762704643,764.0075614646967,non-gioco,train
clip_002810,train/passaggio/clip_002810.mp4,psa_corato,775.0,775.383,passaggio,train
clip_002811,train/passaggio/clip_002811.mp4,psa_corato,777.74,778.0,passaggio,train
clip_002812,train/passaggio/clip_002812.mp4,psa_corato,779.19,779.54,passaggio,train
clip_002813,train/passaggio/clip_002813.mp4,psa_corato,781.98,782.75,passaggio,train
clip_002814,train/passaggio/clip_002814.mp4,psa_corato,787.96,788.29,passaggio,train
clip_002815,train/idle/clip_002815.mp4,psa_corato,791.9828394805037,793.4828394805037,idle,train
clip_002816,train/passaggio/clip_002816.mp4,psa_corato,796.97,797.32,passaggio,train
clip_002817,train/passaggio/clip_002817.mp4,psa_corato,799.52,799.75,passaggio,train
clip_002818,train/passaggio/clip_002818.mp4,psa_corato,802.53,803.02,passaggio,train
clip_002819,train/passaggio/clip_002819.mp4,psa_corato,803.48,803.85,passaggio,train
clip_002820,train/idle/clip_002820.mp4,psa_corato,804.6124226976895,806.6264226976896,idle,train
clip_002821,train/passaggio/clip_002821.mp4,psa_corato,807.93,808.33,passaggio,train
clip_002822,train/passaggio/clip_002822.mp4,psa_corato,809.1,809.74,passaggio,train
clip_002823,train/tiroDaTre0/clip_002823.mp4,psa_corato,810.5,812.11,tiroDaTre0,train
clip_002824,train/passaggio/clip_002824.mp4,psa_corato,813.14,813.47,passaggio,train
clip_002825,train/passaggio/clip_002825.mp4,psa_corato,815.06,815.33,passaggio,train
clip_002826,train/passaggio/clip_002826.mp4,psa_corato,816.99,817.92,passaggio,train
clip_002827,train/passaggio/clip_002827.mp4,psa_corato,819.56,819.87,passaggio,train
clip_002828,train/passaggio/clip_002828.mp4,psa_corato,821.04,821.58,passaggio,train
clip_002829,train/passaggio/clip_002829.mp4,psa_corato,822.383,822.787,passaggio,train
clip_002830,train/tiroDaTre0/clip_002830.mp4,psa_corato,825.04,826.88,tiroDaTre0,train
clip_002831,train/tiroDaDue0/clip_002831.mp4,psa_corato,830.25,830.84,tiroDaDue0,train
clip_002832,train/idle/clip_002832.mp4,psa_corato,836.6134702431659,836.823470243166,idle,train
clip_002833,train/non-gioco/clip_002833.mp4,psa_corato,840.3268482900337,841.7660852947233,non-gioco,train
clip_002834,train/non-gioco/clip_002834.mp4,psa_corato,842.3624558308445,845.1216339893011,non-gioco,train
clip_002835,train/non-gioco/clip_002835.mp4,psa_corato,848.8774524824743,849.8967772488976,non-gioco,train
clip_002836,train/idle/clip_002836.mp4,psa_corato,850.6918992863516,852.2078992863517,idle,train
clip_002837,train/tiroLibero0/clip_002837.mp4,psa_corato,862.59,864.4,tiroLibero0,train
clip_002838,train/non-gioco/clip_002838.mp4,psa_corato,865.579,868.105,non-gioco,train
clip_002839,train/tiroLibero0/clip_002839.mp4,psa_corato,870.93,873.07,tiroLibero0,train
clip_002840,train/passaggio/clip_002840.mp4,psa_corato,882.39,882.83,passaggio,train
clip_002841,train/passaggio/clip_002841.mp4,psa_corato,883.6,883.94,passaggio,train
clip_002842,train/passaggio/clip_002842.mp4,psa_corato,886.18,886.5,passaggio,train
clip_002843,train/passaggio/clip_002843.mp4,psa_corato,888.234,888.575,passaggio,train
clip_002844,train/tiroDaDue1/clip_002844.mp4,psa_corato,889.0,890.07,tiroDaDue1,train
clip_002845,train/passaggio/clip_002845.mp4,psa_corato,891.99,892.33,passaggio,train
clip_002846,train/passaggio/clip_002846.mp4,psa_corato,902.93,903.59,passaggio,train
clip_002847,train/tiroDaDue0/clip_002847.mp4,psa_corato,904.72,905.85,tiroDaDue0,train
clip_002848,train/passaggio/clip_002848.mp4,psa_corato,909.39,909.96,passaggio,train
clip_002849,train/passaggio/clip_002849.mp4,psa_corato,912.158,912.474,passaggio,train
clip_002850,train/idle/clip_002850.mp4,psa_corato,913.4774481262822,913.8864481262821,idle,train
clip_002851,train/passaggio/clip_002851.mp4,psa_corato,914.56,915.0,passaggio,train
clip_002852,train/passaggio/clip_002852.mp4,psa_corato,915.468,915.83,passaggio,train
clip_002853,train/tiroDaTre0/clip_002853.mp4,psa_corato,916.44,918.03,tiroDaTre0,train
clip_002854,train/passaggio/clip_002854.mp4,psa_corato,925.24,925.7,passaggio,train
clip_002855,train/passaggio/clip_002855.mp4,psa_corato,937.22,937.98,passaggio,train
clip_002856,train/tiroDaDue0/clip_002856.mp4,psa_corato,939.73,940.96,tiroDaDue0,train
clip_002857,train/passaggio/clip_002857.mp4,psa_corato,941.87,942.21,passaggio,train
clip_002858,train/tiroDaDue1/clip_002858.mp4,psa_corato,945.87,948.59,tiroDaDue1,train
clip_002859,train/idle/clip_002859.mp4,psa_corato,952.4879266651683,952.8819266651685,idle,train
clip_002860,train/non-gioco/clip_002860.mp4,psa_corato,953.3176785473274,954.4234342012344,non-gioco,train
clip_002861,train/non-gioco/clip_002861.mp4,psa_corato,953.7108564842351,954.9987899158946,non-gioco,train
clip_002862,train/non-gioco/clip_002862.mp4,psa_corato,966.1481437101368,969.4475680894902,non-gioco,train
clip_002863,train/idle/clip_002863.mp4,psa_corato,980.7384725618982,980.9464725618978,idle,train
clip_002864,train/non-gioco/clip_002864.mp4,psa_corato,982.777740807031,985.4165133333279,non-gioco,train
clip_002865,train/non-gioco/clip_002865.mp4,psa_corato,986.775421282962,988.1415318286563,non-gioco,train
clip_002866,train/non-gioco/clip_002866.mp4,psa_corato,993.6898701942009,996.727462708576,non-gioco,train
clip_002867,train/non-gioco/clip_002867.mp4,psa_corato,994.9811415780267,998.0923524775635,non-gioco,train
clip_002868,train/non-gioco/clip_002868.mp4,psa_corato,1007.7625718666316,1009.7519886087799,non-gioco,train
clip_002869,train/non-gioco/clip_002869.mp4,psa_corato,1012.0675842520345,1013.9163674549056,non-gioco,train
clip_002870,train/non-gioco/clip_002870.mp4,psa_corato,1014.6214073686049,1017.886214197555,non-gioco,train
clip_002871,train/idle/clip_002871.mp4,psa_corato,1020.80483980252,1021.6048398025201,idle,train
clip_002872,train/idle/clip_002872.mp4,psa_corato,1022.9127953680509,1023.4157953680508,idle,train
clip_002873,train/non-gioco/clip_002873.mp4,psa_corato,1027.5020420816993,1030.2757894856215,non-gioco,train
clip_002874,train/non-gioco/clip_002874.mp4,psa_corato,1041.640483801642,1044.572604024761,non-gioco,train
clip_002875,train/non-gioco/clip_002875.mp4,psa_corato,1045.4236270038905,1046.7086936034868,non-gioco,train
clip_002876,train/non-gioco/clip_002876.mp4,psa_corato,1045.4541884944101,1046.8745202645243,non-gioco,train
clip_002877,train/non-gioco/clip_002877.mp4,psa_corato,1047.4287993312205,1049.9009775519778,non-gioco,train
clip_002878,train/idle/clip_002878.mp4,psa_corato,1054.0133232231915,1054.3543232231914,idle,train
clip_002879,train/non-gioco/clip_002879.mp4,psa_corato,1056.6591097727774,1059.0985076746194,non-gioco,train
clip_002880,train/idle/clip_002880.mp4,psa_corato,1063.3387227843864,1063.5927227843863,idle,train
clip_002881,train/idle/clip_002881.mp4,psa_corato,1076.8908080647266,1077.5158080647266,idle,train
clip_002882,train/non-gioco/clip_002882.mp4,psa_corato,1091.4235501971398,1093.9295476603227,non-gioco,train
clip_002883,train/non-gioco/clip_002883.mp4,psa_corato,1099.5247692535704,1102.6081547596202,non-gioco,train
clip_002884,train/non-gioco/clip_002884.mp4,psa_corato,1099.6376907364909,1101.4496111851047,non-gioco,train
clip_002885,train/non-gioco/clip_002885.mp4,psa_corato,1102.109332112942,1104.9277798771268,non-gioco,train
clip_002886,train/non-gioco/clip_002886.mp4,psa_corato,1104.768725883383,1107.3140390416436,non-gioco,train
clip_002887,train/non-gioco/clip_002887.mp4,psa_corato,1109.7189021589763,1113.0218082452325,non-gioco,train
clip_002888,train/non-gioco/clip_002888.mp4,psa_corato,1111.4840669519965,1112.664255693477,non-gioco,train
clip_002889,train/idle/clip_002889.mp4,psa_corato,1134.7412557793898,1135.03225577939,idle,train
clip_002890,train/passaggio/clip_002890.mp4,psa_corato,1141.07,1141.59,passaggio,train
clip_002891,train/passaggio/clip_002891.mp4,psa_corato,1145.39,1145.72,passaggio,train
clip_002892,train/passaggio/clip_002892.mp4,psa_corato,1147.46,1147.91,passaggio,train
clip_002893,train/passaggio/clip_002893.mp4,psa_corato,1149.16,1149.54,passaggio,train
clip_002894,train/tiroDaDue0/clip_002894.mp4,psa_corato,1155.79,1157.31,tiroDaDue0,train
clip_002895,train/passaggio/clip_002895.mp4,psa_corato,1158.31,1158.47,passaggio,train
clip_002896,train/passaggio/clip_002896.mp4,psa_corato,1162.56,1163.02,passaggio,train
clip_002897,train/passaggio/clip_002897.mp4,psa_corato,1166.8,1167.08,passaggio,train
clip_002898,train/passaggio/clip_002898.mp4,psa_corato,1171.72,1172.32,passaggio,train
clip_002899,train/idle/clip_002899.mp4,psa_corato,1179.0022247152096,1179.5422247152096,idle,train
clip_002900,train/non-gioco/clip_002900.mp4,psa_corato,1186.617150460755,1189.5032650238725,non-gioco,train
clip_002901,train/non-gioco/clip_002901.mp4,psa_corato,1189.6263775259815,1191.748640668469,non-gioco,train
clip_002902,train/passaggio/clip_002902.mp4,psa_corato,1194.511,1194.958,passaggio,train
clip_002903,train/passaggio/clip_002903.mp4,psa_corato,1199.51,1200.2,passaggio,train
clip_002904,train/passaggio/clip_002904.mp4,psa_corato,1202.09,1202.64,passaggio,train
clip_002905,train/passaggio/clip_002905.mp4,psa_corato,1204.79,1205.15,passaggio,train
clip_002906,train/passaggio/clip_002906.mp4,psa_corato,1206.519,1206.741,passaggio,train
clip_002907,train/tiroDaDue0/clip_002907.mp4,psa_corato,1209.14,1210.38,tiroDaDue0,train
clip_002908,train/passaggio/clip_002908.mp4,psa_corato,1212.021,1213.0,passaggio,train
clip_002909,train/passaggio/clip_002909.mp4,psa_corato,1213.945,1214.426,passaggio,train
clip_002910,train/passaggio/clip_002910.mp4,psa_corato,1215.489,1215.809,passaggio,train
clip_002911,train/tiroDaTre1/clip_002911.mp4,psa_corato,1216.55,1218.2,tiroDaTre1,train
clip_002912,train/passaggio/clip_002912.mp4,psa_corato,1226.889,1227.259,passaggio,train
clip_002913,train/passaggio/clip_002913.mp4,psa_corato,1228.42,1228.84,passaggio,train
clip_002914,train/passaggio/clip_002914.mp4,psa_corato,1233.0,1233.66,passaggio,train
clip_002915,train/passaggio/clip_002915.mp4,psa_corato,1234.24,1234.68,passaggio,train
clip_002916,train/tiroDaTre0/clip_002916.mp4,psa_corato,1235.52,1237.19,tiroDaTre0,train
clip_002917,train/idle/clip_002917.mp4,psa_corato,1238.519260201911,1238.999260201911,idle,train
clip_002918,train/passaggio/clip_002918.mp4,psa_corato,1240.09,1240.59,passaggio,train
clip_002919,train/tiroDaDue0/clip_002919.mp4,psa_corato,1242.71,1244.01,tiroDaDue0,train
clip_002920,train/non-gioco/clip_002920.mp4,psa_corato,1249.566412073191,1252.1344555904404,non-gioco,train
clip_002921,train/non-gioco/clip_002921.mp4,psa_corato,1258.8903738528995,1260.061089499139,non-gioco,train
clip_002922,train/non-gioco/clip_002922.mp4,psa_corato,1264.1439334148479,1266.555162873355,non-gioco,train
clip_002923,train/non-gioco/clip_002923.mp4,psa_corato,1270.8938541918292,1273.4551586404339,non-gioco,train
clip_002924,train/idle/clip_002924.mp4,psa_corato,1274.9599682043888,1275.8699682043887,idle,train
clip_002925,train/passaggio/clip_002925.mp4,psa_corato,1280.58,1281.17,passaggio,train
clip_002926,train/passaggio/clip_002926.mp4,psa_corato,1285.01,1285.35,passaggio,train
clip_002927,train/tiroDaTre1/clip_002927.mp4,psa_corato,1285.72,1287.51,tiroDaTre1,train
clip_002928,train/passaggio/clip_002928.mp4,psa_corato,1289.44,1289.93,passaggio,train
clip_002929,train/passaggio/clip_002929.mp4,psa_corato,1290.34,1291.27,passaggio,train
clip_002930,train/idle/clip_002930.mp4,psa_corato,1292.6876956789918,1293.3076956789916,idle,train
clip_002931,train/non-gioco/clip_002931.mp4,psa_corato,1299.2228803203093,1300.6000330120485,non-gioco,train
clip_002932,train/idle/clip_002932.mp4,psa_corato,1305.097573691256,1305.398573691256,idle,train
clip_002933,train/idle/clip_002933.mp4,psa_corato,1308.9470097675526,1309.587009767552,idle,train
clip_002934,train/non-gioco/clip_002934.mp4,psa_corato,1321.6659330860323,1323.4229841738797,non-gioco,train
clip_002935,train/non-gioco/clip_002935.mp4,psa_corato,1339.4812689708401,1342.7209608847322,non-gioco,train
clip_002936,train/non-gioco/clip_002936.mp4,psa_corato,1340.3696628411583,1342.145682467674,non-gioco,train
clip_002937,train/non-gioco/clip_002937.mp4,psa_corato,1341.2819533513455,1343.5496228946804,non-gioco,train
clip_002938,train/non-gioco/clip_002938.mp4,psa_corato,1342.8597427740542,1344.6635596812553,non-gioco,train
clip_002939,train/idle/clip_002939.mp4,psa_corato,1345.3730738565534,1345.8360738565536,idle,train
clip_002940,train/non-gioco/clip_002940.mp4,psa_corato,1346.5424075522453,1347.682837852778,non-gioco,train
clip_002941,train/idle/clip_002941.mp4,psa_corato,1352.735314160523,1353.6283141605231,idle,train
clip_002942,train/non-gioco/clip_002942.mp4,psa_corato,1356.7476554703887,1359.885888899029,non-gioco,train
clip_002943,train/non-gioco/clip_002943.mp4,psa_corato,1360.6591611988351,1363.68370099308,non-gioco,train
clip_002944,train/idle/clip_002944.mp4,psa_corato,1365.8689797457737,1366.5999797457737,idle,train
clip_002945,train/idle/clip_002945.mp4,psa_corato,1369.5545343661413,1370.7885343661412,idle,train
clip_002946,train/non-gioco/clip_002946.mp4,psa_corato,1375.7660679162643,1378.1518588446102,non-gioco,train
clip_002947,train/non-gioco/clip_002947.mp4,psa_corato,1380.9855097755003,1382.1277349025852,non-gioco,train
clip_002948,train/non-gioco/clip_002948.mp4,psa_corato,1384.3995119314543,1385.591339434388,non-gioco,train
clip_002949,train/non-gioco/clip_002949.mp4,psa_corato,1388.0412003469728,1389.2999550401487,non-gioco,train
clip_002950,train/passaggio/clip_002950.mp4,psa_corato,1406.04,1406.41,passaggio,train
clip_002951,train/passaggio/clip_002951.mp4,psa_corato,1408.2,1408.52,passaggio,train
clip_002952,train/passaggio/clip_002952.mp4,psa_corato,1412.14,1412.49,passaggio,train
clip_002953,train/tiroDaDue1/clip_002953.mp4,psa_corato,1413.12,1414.21,tiroDaDue1,train
clip_002954,train/passaggio/clip_002954.mp4,psa_corato,1422.83,1423.2,passaggio,train
clip_002955,train/passaggio/clip_002955.mp4,psa_corato,1424.48,1424.83,passaggio,train
clip_002956,train/passaggio/clip_002956.mp4,psa_corato,1427.62,1427.99,passaggio,train
clip_002957,train/tiroDaDue0/clip_002957.mp4,psa_corato,1431.98,1433.19,tiroDaDue0,train
clip_002958,train/passaggio/clip_002958.mp4,psa_corato,1438.34,1438.9,passaggio,train
clip_002959,train/tiroDaDue0/clip_002959.mp4,psa_corato,1443.72,1445.15,tiroDaDue0,train
clip_002960,train/passaggio/clip_002960.mp4,psa_corato,1447.23,1447.67,passaggio,train
clip_002961,train/non-gioco/clip_002961.mp4,psa_corato,1451.6904523236467,1453.9518248273992,non-gioco,train
clip_002962,train/non-gioco/clip_002962.mp4,psa_corato,1457.5156580043295,1459.135017313325,non-gioco,train
clip_002963,train/non-gioco/clip_002963.mp4,psa_corato,1463.3039254197633,1465.162519859359,non-gioco,train
clip_002964,train/passaggio/clip_002964.mp4,psa_corato,1474.22,1474.52,passaggio,train
clip_002965,train/tiroDaDue1/clip_002965.mp4,psa_corato,1475.81,1477.36,tiroDaDue1,train
clip_002966,train/passaggio/clip_002966.mp4,psa_corato,1480.0,1480.35,passaggio,train
clip_002967,train/idle/clip_002967.mp4,psa_corato,1484.3956881332035,1484.6346881332033,idle,train
clip_002968,train/passaggio/clip_002968.mp4,psa_corato,1486.172,1486.466,passaggio,train
clip_002969,train/passaggio/clip_002969.mp4,psa_corato,1488.166,1488.455,passaggio,train
clip_002970,train/passaggio/clip_002970.mp4,psa_corato,1491.407,1491.917,passaggio,train
clip_002971,train/passaggio/clip_002971.mp4,psa_corato,1492.79,1493.207,passaggio,train
clip_002972,train/tiroDaTre0/clip_002972.mp4,psa_corato,1493.862,1495.71,tiroDaTre0,train
clip_002973,train/non-gioco/clip_002973.mp4,psa_corato,1503.6819791843752,1505.0788447043292,non-gioco,train
clip_002974,train/non-gioco/clip_002974.mp4,psa_corato,1505.666612203469,1507.7651666828756,non-gioco,train
clip_002975,train/passaggio/clip_002975.mp4,psa_corato,1516.821,1517.179,passaggio,train
clip_002976,train/passaggio/clip_002976.mp4,psa_corato,1520.035,1520.366,passaggio,train
clip_002977,train/passaggio/clip_002977.mp4,psa_corato,1522.986,1523.442,passaggio,train
clip_002978,train/tiroDaTre0/clip_002978.mp4,psa_corato,1525.655,1527.283,tiroDaTre0,train
clip_002979,train/non-gioco/clip_002979.mp4,psa_corato,1534.0249065701769,1535.732140516713,non-gioco,train
clip_002980,train/non-gioco/clip_002980.mp4,psa_corato,1536.2667538775006,1538.112671744604,non-gioco,train
clip_002981,train/tiroLibero1/clip_002981.mp4,psa_corato,1547.407,1550.055,tiroLibero1,train
clip_002982,train/non-gioco/clip_002982.mp4,psa_corato,1551.583,1556.417,non-gioco,train
clip_002983,train/tiroLibero1/clip_002983.mp4,psa_corato,1559.766,1561.745,tiroLibero1,train
clip_002984,train/non-gioco/clip_002984.mp4,psa_corato,1564.333,1568.167,non-gioco,train
clip_002985,train/tiroLibero1/clip_002985.mp4,psa_corato,1571.31,1572.993,tiroLibero1,train
clip_002986,train/passaggio/clip_002986.mp4,psa_corato,1575.076,1575.435,passaggio,train
clip_002987,train/passaggio/clip_002987.mp4,psa_corato,1583.283,1583.773,passaggio,train
clip_002988,train/passaggio/clip_002988.mp4,psa_corato,1584.966,1585.779,passaggio,train
clip_002989,train/non-gioco/clip_002989.mp4,psa_corato,1591.5630921433328,1594.536159472242,non-gioco,train
clip_002990,train/idle/clip_002990.mp4,psa_corato,1596.3214912392186,1596.9464912392186,idle,train
clip_002991,train/passaggio/clip_002991.mp4,psa_corato,1597.635,1598.09,passaggio,train
clip_002992,train/passaggio/clip_002992.mp4,psa_corato,1605.5,1605.75,passaggio,train
clip_002993,train/passaggio/clip_002993.mp4,psa_corato,1608.731,1609.159,passaggio,train
clip_002994,train/passaggio/clip_002994.mp4,psa_corato,1610.731,1611.193,passaggio,train
clip_002995,train/passaggio/clip_002995.mp4,psa_corato,1612.414,1612.986,passaggio,train
clip_002996,train/tiroDaDue0/clip_002996.mp4,psa_corato,1615.504,1616.835,tiroDaDue0,train
clip_002997,train/non-gioco/clip_002997.mp4,psa_corato,1623.3355447056372,1624.5003243413364,non-gioco,train
clip_002998,train/idle/clip_002998.mp4,psa_corato,1626.4559334343444,1628.5359334343443,idle,train
clip_002999,train/non-gioco/clip_002999.mp4,psa_corato,1630.5970905905888,1633.293038952689,non-gioco,train
clip_003000,train/non-gioco/clip_003000.mp4,psa_corato,1642.7609771417078,1644.5943822318593,non-gioco,train
clip_003001,train/non-gioco/clip_003001.mp4,psa_corato,1645.067042706224,1647.87637684373,non-gioco,train
clip_003002,train/idle/clip_003002.mp4,psa_corato,1648.3748439780902,1648.7418439780902,idle,train
clip_003003,train/idle/clip_003003.mp4,psa_corato,1650.0633861522163,1650.8033861522163,idle,train
clip_003004,train/non-gioco/clip_003004.mp4,psa_corato,1653.1074196182417,1656.3732763611508,non-gioco,train
clip_003005,train/tiroLibero0/clip_003005.mp4,psa_corato,1664.262,1666.262,tiroLibero0,train
clip_003006,train/non-gioco/clip_003006.mp4,psa_corato,1669.0,1672.75,non-gioco,train
clip_003007,train/tiroLibero0/clip_003007.mp4,psa_corato,1675.276,1677.09,tiroLibero0,train
clip_003008,train/non-gioco/clip_003008.mp4,psa_corato,1681.6087479342757,1682.9623188857365,non-gioco,train
clip_003009,train/idle/clip_003009.mp4,psa_corato,1686.1514714163395,1688.2314714163394,idle,train
clip_003010,train/passaggio/clip_003010.mp4,psa_corato,1688.869,1689.242,passaggio,train
clip_003011,train/tiroDaDue0/clip_003011.mp4,psa_corato,1696.262,1697.897,tiroDaDue0,train
clip_003012,train/idle/clip_003012.mp4,psa_corato,1701.891028345649,1702.578028345649,idle,train
clip_003013,train/passaggio/clip_003013.mp4,psa_corato,1704.81,1705.23,passaggio,train
clip_003014,train/passaggio/clip_003014.mp4,psa_corato,1707.807,1708.235,passaggio,train
clip_003015,train/passaggio/clip_003015.mp4,psa_corato,1708.869,1709.104,passaggio,train
clip_003016,train/tiroDaDue0/clip_003016.mp4,psa_corato,1713.49,1715.421,tiroDaDue0,train
clip_003017,train/passaggio/clip_003017.mp4,psa_corato,1717.35,1717.869,passaggio,train
clip_003018,train/passaggio/clip_003018.mp4,psa_corato,1722.648,1723.11,passaggio,train
clip_003019,train/tiroDaDue0/clip_003019.mp4,psa_corato,1725.345,1726.304,tiroDaDue0,train
clip_003020,train/passaggio/clip_003020.mp4,psa_corato,1731.545,1732.386,passaggio,train
clip_003021,train/tiroDaTre0/clip_003021.mp4,psa_corato,1733.738,1735.373,tiroDaTre0,train
clip_003022,train/idle/clip_003022.mp4,psa_corato,1740.0727851963882,1741.7427851963882,idle,train
clip_003023,train/idle/clip_003023.mp4,psa_corato,1746.4942529737664,1746.9542529737664,idle,train
clip_003024,train/non-gioco/clip_003024.mp4,psa_corato,1752.5899399029358,1754.1562975192705,non-gioco,train
clip_003025,train/non-gioco/clip_003025.mp4,psa_corato,1760.3991096252132,1761.8497669324054,non-gioco,train
clip_003026,train/non-gioco/clip_003026.mp4,psa_corato,1769.5140568987354,1772.8590623976497,non-gioco,train
clip_003027,train/non-gioco/clip_003027.mp4,psa_corato,1775.327807216423,1777.2323774572899,non-gioco,train
clip_003028,train/non-gioco/clip_003028.mp4,psa_corato,1781.1838263905165,1783.7988884423503,non-gioco,train
clip_003029,train/non-gioco/clip_003029.mp4,psa_corato,1787.137460847993,1790.506631516829,non-gioco,train
clip_003030,train/non-gioco/clip_003030.mp4,psa_corato,1791.4861912364054,1794.1997273370994,non-gioco,train
clip_003031,train/non-gioco/clip_003031.mp4,psa_corato,1798.817763719639,1800.7976586804775,non-gioco,train
clip_003032,train/non-gioco/clip_003032.mp4,psa_corato,1805.7077495754097,1808.7407115349467,non-gioco,train
clip_003033,train/non-gioco/clip_003033.mp4,psa_corato,1808.277730569319,1811.6969718385508,non-gioco,train
clip_003034,train/non-gioco/clip_003034.mp4,psa_corato,1812.552753123193,1815.6251505554292,non-gioco,train
clip_003035,train/non-gioco/clip_003035.mp4,psa_corato,1818.7409289512943,1820.682627216435,non-gioco,train
clip_003036,train/non-gioco/clip_003036.mp4,psa_corato,1824.7138366483202,1825.9067493590724,non-gioco,train
clip_003037,train/passaggio/clip_003037.mp4,psa_corato,1842.966,1843.607,passaggio,train
clip_003038,train/passaggio/clip_003038.mp4,psa_corato,1847.618,1848.022,passaggio,train
clip_003039,train/passaggio/clip_003039.mp4,psa_corato,1850.066,1850.397,passaggio,train
clip_003040,train/passaggio/clip_003040.mp4,psa_corato,1851.382,1851.625,passaggio,train
clip_003041,train/idle/clip_003041.mp4,psa_corato,1853.114861412929,1853.4548614129292,idle,train
clip_003042,train/passaggio/clip_003042.mp4,psa_corato,1857.44,1857.801,passaggio,train
clip_003043,train/passaggio/clip_003043.mp4,psa_corato,1858.912,1859.382,passaggio,train
clip_003044,train/passaggio/clip_003044.mp4,psa_corato,1860.213,1860.632,passaggio,train
clip_003045,train/idle/clip_003045.mp4,psa_corato,1863.9031082834522,1864.233108283452,idle,train
clip_003046,train/tiroDaDue0/clip_003046.mp4,psa_corato,1866.308,1866.769,tiroDaDue0,train
clip_003047,train/passaggio/clip_003047.mp4,psa_corato,1871.9,1872.385,passaggio,train
clip_003048,train/tiroDaDue1/clip_003048.mp4,psa_corato,1873.206,1874.206,tiroDaDue1,train
clip_003049,train/passaggio/clip_003049.mp4,psa_corato,1881.338,1881.882,passaggio,train
clip_003050,train/passaggio/clip_003050.mp4,psa_corato,1884.625,1884.831,passaggio,train
clip_003051,train/passaggio/clip_003051.mp4,psa_corato,1889.647,1890.154,passaggio,train
clip_003052,train/passaggio/clip_003052.mp4,psa_corato,1890.89,1891.235,passaggio,train
clip_003053,train/passaggio/clip_003053.mp4,psa_corato,1891.963,1892.375,passaggio,train
clip_003054,train/tiroDaDue0/clip_003054.mp4,psa_corato,1894.441,1895.404,tiroDaDue0,train
clip_003055,train/tiroDaDue0/clip_003055.mp4,psa_corato,1897.11,1898.02,tiroDaDue0,train
clip_003056,train/idle/clip_003056.mp4,psa_corato,1907.6071744831843,1908.1671744831847,idle,train
clip_003057,train/idle/clip_003057.mp4,psa_corato,1909.4030028338448,1909.7980028338447,idle,train
clip_003058,train/non-gioco/clip_003058.mp4,psa_corato,1911.6965957479304,1912.9494476571,non-gioco,train
clip_003059,train/non-gioco/clip_003059.mp4,psa_corato,1911.955602044515,1915.0434016111014,non-gioco,train
clip_003060,train/tiroLibero0/clip_003060.mp4,psa_corato,1923.338,1925.037,tiroLibero0,train
clip_003061,train/non-gioco/clip_003061.mp4,psa_corato,1926.769,1928.615,non-gioco,train
clip_003062,train/idle/clip_003062.mp4,psa_corato,1931.434174583651,1931.969174583651,idle,train
clip_003063,train/tiroLibero0/clip_003063.mp4,psa_corato,1933.691,1935.993,tiroLibero0,train
clip_003064,train/passaggio/clip_003064.mp4,psa_corato,1937.978,1938.331,passaggio,train
clip_003065,train/passaggio/clip_003065.mp4,psa_corato,1943.36,1943.596,passaggio,train
clip_003066,train/passaggio/clip_003066.mp4,psa_corato,1944.551,1944.816,passaggio,train
clip_003067,train/passaggio/clip_003067.mp4,psa_corato,1946.257,1946.507,passaggio,train
clip_003068,train/tiroDaDue0/clip_003068.mp4,psa_corato,1948.346,1950.11,tiroDaDue0,train
clip_003069,train/passaggio/clip_003069.mp4,psa_corato,1953.331,1953.721,passaggio,train
clip_003070,train/passaggio/clip_003070.mp4,psa_corato,1955.066,1955.351,passaggio,train
clip_003071,train/tiroDaDue1/clip_003071.mp4,psa_corato,1955.5,1956.566,tiroDaDue1,train
clip_003072,train/passaggio/clip_003072.mp4,psa_corato,1958.04,1958.38,passaggio,train
clip_003073,train/passaggio/clip_003073.mp4,psa_corato,1966.684,1967.081,passaggio,train
clip_003074,train/passaggio/clip_003074.mp4,psa_corato,1971.051,1971.419,passaggio,train
clip_003075,train/tiroDaDue1/clip_003075.mp4,psa_corato,1971.787,1972.904,tiroDaDue1,train
clip_003076,train/passaggio/clip_003076.mp4,psa_corato,1974.419,1974.772,passaggio,train
clip_003077,train/idle/clip_003077.mp4,psa_corato,1977.7047949179862,1979.3717949179866,idle,train
clip_003078,train/passaggio/clip_003078.mp4,psa_corato,1982.485,1982.846,passaggio,train
clip_003079,train/passaggio/clip_003079.mp4,psa_corato,1986.434,1987.007,passaggio,train
clip_003080,train/passaggio/clip_003080.mp4,psa_corato,1988.44,1988.949,passaggio,train
clip_003081,train/passaggio/clip_003081.mp4,psa_corato,1989.559,1989.853,passaggio,train
clip_003082,train/tiroDaTre1/clip_003082.mp4,psa_corato,1990.199,1991.949,tiroDaTre1,train
clip_003083,train/passaggio/clip_003083.mp4,psa_corato,1994.3,1994.7,passaggio,train
clip_003084,train/passaggio/clip_003084.mp4,psa_corato,1994.8,1995.45,passaggio,train
clip_003085,train/passaggio/clip_003085.mp4,psa_corato,2001.007,2001.316,passaggio,train
clip_003086,train/tiroDaDue1/clip_003086.mp4,psa_corato,2006.566,2007.86,tiroDaDue1,train
clip_003087,train/passaggio/clip_003087.mp4,psa_corato,2010.882,2011.559,passaggio,train
clip_003088,train/passaggio/clip_003088.mp4,psa_corato,2013.89,2014.257,passaggio,train
clip_003089,train/tiroDaDue0/clip_003089.mp4,psa_corato,2016.676,2017.765,tiroDaDue0,train
clip_003090,train/passaggio/clip_003090.mp4,psa_corato,2019.463,2019.919,passaggio,train
clip_003091,train/idle/clip_003091.mp4,psa_corato,2023.0645897871718,2023.464589787172,idle,train
clip_003092,train/passaggio/clip_003092.mp4,psa_corato,2024.537,2025.14,passaggio,train
clip_003093,train/tiroDaTre0/clip_003093.mp4,psa_corato,2025.949,2027.757,tiroDaTre0,train
clip_003094,train/non-gioco/clip_003094.mp4,psa_corato,2034.4060205113838,2037.3217895225018,non-gioco,train
clip_003095,train/non-gioco/clip_003095.mp4,psa_corato,2035.5742506605104,2038.5968599596088,non-gioco,train
clip_003096,train/non-gioco/clip_003096.mp4,psa_corato,2035.6367694268627,2037.5785691039189,non-gioco,train
clip_003097,train/non-gioco/clip_003097.mp4,psa_corato,2042.0927666759108,2043.1871354068046,non-gioco,train
clip_003098,train/idle/clip_003098.mp4,psa_corato,2054.591738948616,2055.1807389486157,idle,train
clip_003099,train/non-gioco/clip_003099.mp4,psa_corato,2056.288229749262,2059.366592390985,non-gioco,train
clip_003100,train/idle/clip_003100.mp4,psa_corato,2063.736269462546,2064.2862694625455,idle,train
clip_003101,train/passaggio/clip_003101.mp4,psa_corato,2068.132,2068.478,passaggio,train
clip_003102,train/passaggio/clip_003102.mp4,psa_corato,2073.037,2073.419,passaggio,train
clip_003103,train/passaggio/clip_003103.mp4,psa_corato,2074.015,2074.228,passaggio,train
clip_003104,train/passaggio/clip_003104.mp4,psa_corato,2075.647,2076.169,passaggio,train
clip_003105,train/passaggio/clip_003105.mp4,psa_corato,2076.676,2077.103,passaggio,train
clip_003106,train/passaggio/clip_003106.mp4,psa_corato,2079.243,2079.684,passaggio,train
clip_003107,train/passaggio/clip_003107.mp4,psa_corato,2080.206,2080.669,passaggio,train
clip_003108,train/tiroDaDue1/clip_003108.mp4,psa_corato,2082.471,2083.647,tiroDaDue1,train
clip_003109,train/idle/clip_003109.mp4,psa_corato,2084.1971160910666,2084.562116091067,idle,train
clip_003110,train/passaggio/clip_003110.mp4,psa_corato,2085.088,2085.809,passaggio,train
clip_003111,train/idle/clip_003111.mp4,psa_corato,2088.8084204999377,2089.168420499938,idle,train
clip_003112,train/passaggio/clip_003112.mp4,psa_corato,2092.941,2093.36,passaggio,train
clip_003113,train/passaggio/clip_003113.mp4,psa_corato,2095.551,2095.904,passaggio,train
clip_003114,train/tiroDaDue0/clip_003114.mp4,psa_corato,2098.3,2098.9,tiroDaDue0,train
clip_003115,train/non-gioco/clip_003115.mp4,psa_corato,2104.0412031184546,2106.1353866313007,non-gioco,train
clip_003116,train/passaggio/clip_003116.mp4,psa_corato,2112.699,2113.75,passaggio,train
clip_003117,train/passaggio/clip_003117.mp4,psa_corato,2119.0,2119.441,passaggio,train
clip_003118,train/tiroDaTre1/clip_003118.mp4,psa_corato,2119.802,2121.346,tiroDaTre1,train
clip_003119,train/passaggio/clip_003119.mp4,psa_corato,2123.588,2124.037,passaggio,train
clip_003120,train/passaggio/clip_003120.mp4,psa_corato,2127.0,2127.654,passaggio,train
clip_003121,train/passaggio/clip_003121.mp4,psa_corato,2129.632,2130.228,passaggio,train
clip_003122,train/tiroDaDue1/clip_003122.mp4,psa_corato,2131.022,2132.096,tiroDaDue1,train
clip_003123,train/passaggio/clip_003123.mp4,psa_corato,2134.463,2134.868,passaggio,train
clip_003124,train/passaggio/clip_003124.mp4,psa_corato,2142.743,2143.096,passaggio,train
clip_003125,train/passaggio/clip_003125.mp4,psa_corato,2145.15,2145.625,passaggio,train
clip_003126,train/tiroDaDue1/clip_003126.mp4,psa_corato,2148.993,2150.522,tiroDaDue1,train
clip_003127,train/passaggio/clip_003127.mp4,psa_corato,2153.677,2154.096,passaggio,train
clip_003128,train/passaggio/clip_003128.mp4,psa_corato,2155.434,2156.316,passaggio,train
clip_003129,train/non-gioco/clip_003129.mp4,psa_corato,2166.8615530803827,2169.552460385854,non-gioco,train
clip_003130,train/non-gioco/clip_003130.mp4,psa_corato,2168.036930898877,2170.14742767339,non-gioco,train
clip_003131,train/non-gioco/clip_003131.mp4,psa_corato,2171.2852457139556,2174.156587009194,non-gioco,train
clip_003132,train/idle/clip_003132.mp4,psa_corato,2186.6582397291318,2187.085239729132,idle,train
clip_003133,train/passaggio/clip_003133.mp4,psa_corato,2189.265,2190.052,passaggio,train
clip_003134,train/passaggio/clip_003134.mp4,psa_corato,2193.493,2193.941,passaggio,train
clip_003135,train/passaggio/clip_003135.mp4,psa_corato,2194.5,2195.103,passaggio,train
clip_003136,train/idle/clip_003136.mp4,psa_corato,2197.4628884092886,2198.322888409289,idle,train
clip_003137,train/tiroDaDue0/clip_003137.mp4,psa_corato,2199.221,2200.522,tiroDaDue0,train
clip_003138,train/passaggio/clip_003138.mp4,psa_corato,2202.853,2203.221,passaggio,train
clip_003139,train/passaggio/clip_003139.mp4,psa_corato,2203.64,2204.088,passaggio,train
clip_003140,train/passaggio/clip_003140.mp4,psa_corato,2208.493,2208.904,passaggio,train
clip_003141,train/non-gioco/clip_003141.mp4,psa_corato,2218.218932614911,2220.5539604891565,non-gioco,train
clip_003142,train/non-gioco/clip_003142.mp4,psa_corato,2219.1716651877236,2222.259448669538,non-gioco,train
clip_003143,train/non-gioco/clip_003143.mp4,psa_corato,2221.2578065173643,2224.2793661950914,non-gioco,train
clip_003144,train/idle/clip_003144.mp4,psa_corato,2224.3749048783093,2224.8549048783093,idle,train
clip_003145,train/idle/clip_003145.mp4,psa_corato,2224.8582037224364,2225.4982037224363,idle,train
clip_003146,train/idle/clip_003146.mp4,psa_corato,2231.2829592094454,2231.6229592094455,idle,train
clip_003147,train/idle/clip_003147.mp4,psa_corato,2237.2928719482406,2237.82587194824,idle,train
clip_003148,train/passaggio/clip_003148.mp4,psa_corato,2239.74,2240.353,passaggio,train
clip_003149,train/tiroDaTre0/clip_003149.mp4,psa_corato,2244.61,2246.235,tiroDaTre0,train
clip_003150,train/passaggio/clip_003150.mp4,psa_corato,2249.691,2250.154,passaggio,train
clip_003151,train/passaggio/clip_003151.mp4,psa_corato,2251.669,2252.544,passaggio,train
clip_003152,train/passaggio/clip_003152.mp4,psa_corato,2253.596,2254.302,passaggio,train
clip_003153,train/passaggio/clip_003153.mp4,psa_corato,2254.603,2255.177,passaggio,train
clip_003154,train/passaggio/clip_003154.mp4,psa_corato,2256.206,2256.684,passaggio,train
clip_003155,train/tiroDaDue0/clip_003155.mp4,psa_corato,2258.221,2259.971,tiroDaDue0,train
clip_003156,train/passaggio/clip_003156.mp4,psa_corato,2266.066,2266.537,passaggio,train
clip_003157,train/passaggio/clip_003157.mp4,psa_corato,2267.177,2267.596,passaggio,train
clip_003158,train/non-gioco/clip_003158.mp4,psa_corato,2274.1759376856935,2276.330137631796,non-gioco,train
clip_003159,train/non-gioco/clip_003159.mp4,psa_corato,2282.1480634950417,2285.515888920652,non-gioco,train
clip_003160,train/passaggio/clip_003160.mp4,psa_corato,2287.029,2287.449,passaggio,train
clip_003161,train/passaggio/clip_003161.mp4,psa_corato,2288.4,2288.9,passaggio,train
clip_003162,train/passaggio/clip_003162.mp4,psa_corato,2293.69,2294.03,passaggio,train
clip_003163,train/passaggio/clip_003163.mp4,psa_corato,2295.294,2295.757,passaggio,train
clip_003164,train/passaggio/clip_003164.mp4,psa_corato,2298.074,2298.544,passaggio,train
clip_003165,train/tiroDaDue0/clip_003165.mp4,psa_corato,2299.059,2300.507,tiroDaDue0,train
clip_003166,train/passaggio/clip_003166.mp4,psa_corato,2319.3,2319.831,passaggio,train
clip_003167,train/passaggio/clip_003167.mp4,psa_corato,2320.39,2320.993,passaggio,train
clip_003168,train/passaggio/clip_003168.mp4,psa_corato,2327.699,2328.316,passaggio,train
clip_003169,train/tiroDaTre0/clip_003169.mp4,psa_corato,2328.904,2330.853,tiroDaTre0,train
clip_003170,train/idle/clip_003170.mp4,psa_corato,2336.252793172169,2337.862793172169,idle,train
clip_003171,train/idle/clip_003171.mp4,psa_corato,2339.8596727336076,2340.1996727336077,idle,train
clip_003172,train/non-gioco/clip_003172.mp4,psa_corato,2341.9852283512205,2343.9399094366972,non-gioco,train
clip_003173,train/non-gioco/clip_003173.mp4,psa_corato,2345.6673240909454,2349.0829944739603,non-gioco,train
clip_003174,train/passaggio/clip_003174.mp4,psa_corato,2352.574,2353.537,passaggio,train
clip_003175,train/passaggio/clip_003175.mp4,psa_corato,2356.574,2357.081,passaggio,train
clip_003176,train/passaggio/clip_003176.mp4,psa_corato,2359.728,2360.125,passaggio,train
clip_003177,train/passaggio/clip_003177.mp4,psa_corato,2362.007,2362.507,passaggio,train
clip_003178,train/tiroDaTre0/clip_003178.mp4,psa_corato,2364.0,2365.713,tiroDaTre0,train
clip_003179,train/passaggio/clip_003179.mp4,psa_corato,2368.287,2368.816,passaggio,train
clip_003180,train/passaggio/clip_003180.mp4,psa_corato,2369.824,2370.191,passaggio,train
clip_003181,train/passaggio/clip_003181.mp4,psa_corato,2371.632,2372.044,passaggio,train
clip_003182,train/tiroDaTre0/clip_003182.mp4,psa_corato,2372.654,2374.39,tiroDaTre0,train
clip_003183,train/passaggio/clip_003183.mp4,psa_corato,2376.044,2376.397,passaggio,train
clip_003184,train/tiroDaDue0/clip_003184.mp4,psa_corato,2376.882,2377.927,tiroDaDue0,train
clip_003185,train/non-gioco/clip_003185.mp4,psa_corato,2382.0276259503153,2383.901588645662,non-gioco,train
clip_003186,train/non-gioco/clip_003186.mp4,psa_corato,2382.2317735486536,2384.169055232198,non-gioco,train
clip_003187,train/idle/clip_003187.mp4,psa_corato,2386.2725124000253,2386.5725124000255,idle,train
clip_003188,train/idle/clip_003188.mp4,psa_corato,2388.74198526475,2389.41198526475,idle,train
clip_003189,train/non-gioco/clip_003189.mp4,psa_corato,2397.0348998824015,2400.0380479427804,non-gioco,train
clip_003190,train/non-gioco/clip_003190.mp4,psa_corato,2398.2011584863208,2401.4644240087664,non-gioco,train
clip_003191,train/idle/clip_003191.mp4,psa_corato,2406.211359457479,2406.755359457479,idle,train
clip_003192,train/non-gioco/clip_003192.mp4,psa_corato,2415.148680114094,2418.056472189823,non-gioco,train
clip_003193,train/non-gioco/clip_003193.mp4,psa_corato,2416.7387373185616,2419.8666524387736,non-gioco,train
clip_003194,train/non-gioco/clip_003194.mp4,psa_corato,2417.4947444208206,2418.8387433901353,non-gioco,train
clip_003195,train/non-gioco/clip_003195.mp4,psa_corato,2439.7780555407057,2441.333150557973,non-gioco,train
clip_003196,train/non-gioco/clip_003196.mp4,psa_corato,2446.9113174695126,2448.0444596874404,non-gioco,train
clip_003197,train/idle/clip_003197.mp4,psa_corato,2448.5749917538255,2448.957991753826,idle,train
clip_003198,train/non-gioco/clip_003198.mp4,psa_corato,2452.9419958432704,2456.127288205901,non-gioco,train
clip_003199,train/non-gioco/clip_003199.mp4,psa_corato,2465.587184867601,2467.2121928965735,non-gioco,train
clip_003200,train/non-gioco/clip_003200.mp4,psa_corato,2472.0419305754976,2475.11633453338,non-gioco,train
clip_003201,train/idle/clip_003201.mp4,psa_corato,2475.3533122325366,2475.8633122325364,idle,train
clip_003202,train/idle/clip_003202.mp4,psa_corato,2483.755951820439,2484.2259518204387,idle,train
clip_003203,train/non-gioco/clip_003203.mp4,psa_corato,2485.218348283278,2487.843249994013,non-gioco,train
clip_003204,train/non-gioco/clip_003204.mp4,psa_corato,2491.079949909543,2494.4070146714175,non-gioco,train
clip_003205,train/non-gioco/clip_003205.mp4,psa_corato,2493.7331682091785,2494.9896425385496,non-gioco,train
clip_003206,train/idle/clip_003206.mp4,psa_corato,2498.716976483371,2500.476976483371,idle,train
clip_003207,train/idle/clip_003207.mp4,psa_corato,2500.355464296059,2500.6454642960593,idle,train
clip_003208,train/non-gioco/clip_003208.mp4,psa_corato,2506.6454058383715,2508.739087238859,non-gioco,train
clip_003209,train/non-gioco/clip_003209.mp4,psa_corato,2513.6659885970325,2515.255433781691,non-gioco,train
clip_003210,train/passaggio/clip_003210.mp4,psa_corato,2516.39,2516.79,passaggio,train
clip_003211,train/tiroDaTre0/clip_003211.mp4,psa_corato,2525.9,2527.55,tiroDaTre0,train
clip_003214,train/passaggio/clip_003214.mp4,psa_corato,2537.99,2538.28,passaggio,train
clip_003215,train/passaggio/clip_003215.mp4,psa_corato,2542.79,2543.23,passaggio,train
clip_003216,train/idle/clip_003216.mp4,psa_corato,2543.9207361593767,2545.0547361593767,idle,train
clip_003217,train/passaggio/clip_003217.mp4,psa_corato,2549.93,2550.22,passaggio,train
clip_003218,train/tiroDaDue0/clip_003218.mp4,psa_corato,2551.57,2552.82,tiroDaDue0,train
clip_003219,train/passaggio/clip_003219.mp4,psa_corato,2556.89,2557.37,passaggio,train
clip_003220,train/passaggio/clip_003220.mp4,psa_corato,2558.94,2559.16,passaggio,train
clip_003221,train/passaggio/clip_003221.mp4,psa_corato,2559.51,2559.9,passaggio,train
clip_003222,train/passaggio/clip_003222.mp4,psa_corato,2563.1,2563.6,passaggio,train
clip_003223,train/passaggio/clip_003223.mp4,psa_corato,2564.93,2565.5,passaggio,train
clip_003224,train/passaggio/clip_003224.mp4,psa_corato,2566.9,2567.1,passaggio,train
clip_003225,train/passaggio/clip_003225.mp4,psa_corato,2568.82,2569.21,passaggio,train
clip_003226,train/tiroDaDue0/clip_003226.mp4,psa_corato,2571.94,2573.13,tiroDaDue0,train
clip_003227,train/passaggio/clip_003227.mp4,psa_corato,2575.97,2576.59,passaggio,train
clip_003228,train/passaggio/clip_003228.mp4,psa_corato,2576.99,2577.36,passaggio,train
clip_003229,train/passaggio/clip_003229.mp4,psa_corato,2582.48,2582.97,passaggio,train
clip_003230,train/tiroDaDue1/clip_003230.mp4,psa_corato,2585.11,2586.45,tiroDaDue1,train
clip_003231,train/passaggio/clip_003231.mp4,psa_corato,2588.33,2588.73,passaggio,train
clip_003232,train/passaggio/clip_003232.mp4,psa_corato,2589.14,2589.71,passaggio,train
clip_003233,train/passaggio/clip_003233.mp4,psa_corato,2595.96,2596.47,passaggio,train
clip_003234,train/passaggio/clip_003234.mp4,psa_corato,2601.76,2602.47,passaggio,train
clip_003235,train/idle/clip_003235.mp4,psa_corato,2603.5292990547146,2603.8892990547147,idle,train
clip_003236,train/tiroDaDue0/clip_003236.mp4,psa_corato,2604.59,2605.22,tiroDaDue0,train
clip_003237,train/non-gioco/clip_003237.mp4,psa_corato,2607.896436279306,2610.0179399642616,non-gioco,train
clip_003238,train/passaggio/clip_003238.mp4,psa_corato,2616.12,2616.7,passaggio,train
clip_003239,train/passaggio/clip_003239.mp4,psa_corato,2621.76,2622.07,passaggio,train
clip_003240,train/passaggio/clip_003240.mp4,psa_corato,2623.74,2624.26,passaggio,train
clip_003241,train/passaggio/clip_003241.mp4,psa_corato,2625.92,2626.21,passaggio,train
clip_003242,train/passaggio/clip_003242.mp4,psa_corato,2627.78,2628.26,passaggio,train
clip_003243,train/passaggio/clip_003243.mp4,psa_corato,2630.07,2630.45,passaggio,train
clip_003244,train/passaggio/clip_003244.mp4,psa_corato,2631.23,2631.67,passaggio,train
clip_003245,train/tiroDaDue1/clip_003245.mp4,psa_corato,2632.19,2633.18,tiroDaDue1,train
clip_003246,train/non-gioco/clip_003246.mp4,psa_corato,2633.452,2636.485,non-gioco,train
clip_003247,train/passaggio/clip_003247.mp4,psa_corato,2636.57,2637.35,passaggio,train
clip_003248,train/passaggio/clip_003248.mp4,psa_corato,2639.32,2639.74,passaggio,train
clip_003249,train/passaggio/clip_003249.mp4,psa_corato,2642.24,2642.51,passaggio,train
clip_003250,train/passaggio/clip_003250.mp4,psa_corato,2643.65,2644.03,passaggio,train
clip_003251,train/idle/clip_003251.mp4,psa_corato,2646.7425292879957,2647.5125292879957,idle,train
clip_003252,train/passaggio/clip_003252.mp4,psa_corato,2649.919,2650.622,passaggio,train
clip_003253,train/tiroDaDue1/clip_003253.mp4,psa_corato,2652.39,2653.75,tiroDaDue1,train
clip_003254,train/passaggio/clip_003254.mp4,psa_corato,2655.65,2656.06,passaggio,train
clip_003255,train/passaggio/clip_003255.mp4,psa_corato,2661.136,2661.6,passaggio,train
clip_003256,train/passaggio/clip_003256.mp4,psa_corato,2663.52,2663.92,passaggio,train
clip_003257,train/passaggio/clip_003257.mp4,psa_corato,2665.73,2666.07,passaggio,train
clip_003258,train/passaggio/clip_003258.mp4,psa_corato,2667.67,2668.04,passaggio,train
clip_003259,train/passaggio/clip_003259.mp4,psa_corato,2669.558,2670.135,passaggio,train
clip_003260,train/tiroDaDue1/clip_003260.mp4,psa_corato,2671.644,2672.904,tiroDaDue1,train
clip_003261,train/non-gioco/clip_003261.mp4,psa_corato,2673.164,2674.4,non-gioco,train
clip_003262,train/passaggio/clip_003262.mp4,psa_corato,2674.865,2675.135,passaggio,train
clip_003263,train/passaggio/clip_003263.mp4,psa_corato,2675.623,2675.951,passaggio,train
clip_003264,train/passaggio/clip_003264.mp4,psa_corato,2678.596,2679.183,passaggio,train
clip_003265,train/passaggio/clip_003265.mp4,psa_corato,2683.721,2684.048,passaggio,train
clip_003266,train/tiroDaDue0/clip_003266.mp4,psa_corato,2688.365,2689.471,tiroDaDue0,train
clip_003267,train/passaggio/clip_003267.mp4,psa_corato,2693.808,2694.019,passaggio,train
clip_003268,train/tiroDaDue1/clip_003268.mp4,psa_corato,2694.442,2695.442,tiroDaDue1,train
clip_003269,train/non-gioco/clip_003269.mp4,psa_corato,2697.284832391245,2699.0377103777105,non-gioco,train
clip_003270,train/idle/clip_003270.mp4,psa_corato,2703.3302258119234,2703.9202258119235,idle,train
clip_003271,train/non-gioco/clip_003271.mp4,psa_corato,2705.208201812619,2706.4062662407955,non-gioco,train
clip_003272,train/non-gioco/clip_003272.mp4,psa_corato,2706.4058065990002,2707.683773749811,non-gioco,train
clip_003273,train/non-gioco/clip_003273.mp4,psa_corato,2714.6654485680124,2717.483535531325,non-gioco,train
clip_003274,train/non-gioco/clip_003274.mp4,psa_corato,2715.2814252530766,2718.3688330012824,non-gioco,train
clip_003275,train/idle/clip_003275.mp4,psa_corato,2729.7488121577976,2729.9718121577976,idle,train
clip_003276,train/idle/clip_003276.mp4,psa_corato,2733.9353969398353,2734.3393969398353,idle,train
clip_003277,train/tiroLibero1/clip_003277.mp4,psa_corato,2737.952,2739.663,tiroLibero1,train
clip_003278,train/passaggio/clip_003278.mp4,psa_corato,2741.452,2741.942,passaggio,train
clip_003279,train/idle/clip_003279.mp4,psa_corato,2746.330671204534,2746.730671204534,idle,train
clip_003280,train/passaggio/clip_003280.mp4,psa_corato,2749.519,2749.894,passaggio,train
clip_003281,train/passaggio/clip_003281.mp4,psa_corato,2753.548,2753.865,passaggio,train
clip_003282,train/passaggio/clip_003282.mp4,psa_corato,2756.644,2756.962,passaggio,train
clip_003283,train/tiroDaTre0/clip_003283.mp4,psa_corato,2757.75,2759.462,tiroDaTre0,train
clip_003284,train/passaggio/clip_003284.mp4,psa_corato,2761.654,2762.173,passaggio,train
clip_003285,train/passaggio/clip_003285.mp4,psa_corato,2763.577,2764.048,passaggio,train
clip_003286,train/passaggio/clip_003286.mp4,psa_corato,2765.856,2766.481,passaggio,train
clip_003287,train/passaggio/clip_003287.mp4,psa_corato,2767.452,2767.837,passaggio,train
clip_003288,train/passaggio/clip_003288.mp4,psa_corato,2768.308,2768.644,passaggio,train
clip_003289,train/non-gioco/clip_003289.mp4,psa_corato,2770.937138799629,2773.07992284122,non-gioco,train
clip_003290,train/non-gioco/clip_003290.mp4,psa_corato,2778.793865312588,2780.8434291719714,non-gioco,train
clip_003291,train/passaggio/clip_003291.mp4,psa_corato,2783.596,2784.25,passaggio,train
clip_003292,train/passaggio/clip_003292.mp4,psa_corato,2789.538,2789.981,passaggio,train
clip_003293,train/passaggio/clip_003293.mp4,psa_corato,2791.308,2791.808,passaggio,train
clip_003294,train/passaggio/clip_003294.mp4,psa_corato,2793.288,2794.0,passaggio,train
clip_003295,train/non-gioco/clip_003295.mp4,psa_corato,2799.6603502863395,2802.9232175004945,non-gioco,train
clip_003296,train/passaggio/clip_003296.mp4,psa_corato,2807.625,2808.0,passaggio,train
clip_003297,train/idle/clip_003297.mp4,psa_corato,2809.9299869023957,2810.299986902396,idle,train
clip_003298,train/passaggio/clip_003298.mp4,psa_corato,2812.375,2812.683,passaggio,train
clip_003299,train/passaggio/clip_003299.mp4,psa_corato,2813.971,2814.865,passaggio,train
clip_003300,train/tiroDaTre0/clip_003300.mp4,psa_corato,2815.51,2817.096,tiroDaTre0,train
clip_003301,train/idle/clip_003301.mp4,psa_corato,2818.163833486837,2818.643833486837,idle,train
clip_003302,train/idle/clip_003302.mp4,psa_corato,2818.2221923320726,2818.7221923320726,idle,train
clip_003303,train/passaggio/clip_003303.mp4,psa_corato,2819.318,2819.537,passaggio,train
clip_003304,train/passaggio/clip_003304.mp4,psa_corato,2823.0,2823.587,passaggio,train
clip_003305,train/passaggio/clip_003305.mp4,psa_corato,2824.913,2825.327,passaggio,train
clip_003306,train/passaggio/clip_003306.mp4,psa_corato,2827.26,2827.702,passaggio,train
clip_003307,train/passaggio/clip_003307.mp4,psa_corato,2828.154,2828.692,passaggio,train
clip_003308,train/passaggio/clip_003308.mp4,psa_corato,2831.163,2832.135,passaggio,train
clip_003309,train/passaggio/clip_003309.mp4,psa_corato,2833.375,2833.942,passaggio,train
clip_003310,train/passaggio/clip_003310.mp4,psa_corato,2835.846,2836.298,passaggio,train
clip_003311,train/tiroDaTre0/clip_003311.mp4,psa_corato,2836.875,2838.692,tiroDaTre0,train
clip_003312,train/passaggio/clip_003312.mp4,psa_corato,2839.894,2840.49,passaggio,train
clip_003313,train/passaggio/clip_003313.mp4,psa_corato,2847.538,2848.087,passaggio,train
clip_003314,train/passaggio/clip_003314.mp4,psa_corato,2848.692,2849.125,passaggio,train
clip_003315,train/tiroDaDue0/clip_003315.mp4,psa_corato,2850.788,2851.952,tiroDaDue0,train
clip_003316,train/non-gioco/clip_003316.mp4,psa_corato,2855.475508609958,2857.0803539460107,non-gioco,train
clip_003317,train/idle/clip_003317.mp4,psa_corato,2858.1413176358496,2859.2953176358496,idle,train
clip_003318,train/non-gioco/clip_003318.mp4,psa_corato,2862.585648006167,2863.626736386682,non-gioco,train
clip_003319,train/idle/clip_003319.mp4,psa_corato,2870.1951907621974,2871.6231907621977,idle,train
clip_003320,train/passaggio/clip_003320.mp4,psa_corato,2873.038,2873.567,passaggio,train
clip_003321,train/tiroDaDue1/clip_003321.mp4,psa_corato,2879.192,2880.635,tiroDaDue1,train
clip_003322,train/passaggio/clip_003322.mp4,psa_corato,2882.337,2882.712,passaggio,train
clip_003323,train/passaggio/clip_003323.mp4,psa_corato,2883.99,2884.702,passaggio,train
clip_003324,train/passaggio/clip_003324.mp4,psa_corato,2886.327,2887.279,passaggio,train
clip_003325,train/tiroDaDue0/clip_003325.mp4,psa_corato,2887.49,2888.279,tiroDaDue0,train
clip_003326,train/passaggio/clip_003326.mp4,psa_corato,2892.288,2892.615,passaggio,train
clip_003327,train/tiroDaTre1/clip_003327.mp4,psa_corato,2893.75,2895.577,tiroDaTre1,train
clip_003328,train/non-gioco/clip_003328.mp4,psa_corato,2895.872,2897.839,non-gioco,train
clip_003329,train/passaggio/clip_003329.mp4,psa_corato,2898.01,2898.462,passaggio,train
clip_003330,train/passaggio/clip_003330.mp4,psa_corato,2898.913,2899.567,passaggio,train
clip_003331,train/passaggio/clip_003331.mp4,psa_corato,2902.44,2902.854,passaggio,train
clip_003332,train/passaggio/clip_003332.mp4,psa_corato,2904.529,2904.856,passaggio,train
clip_003333,train/passaggio/clip_003333.mp4,psa_corato,2907.827,2908.231,passaggio,train
clip_003334,train/passaggio/clip_003334.mp4,psa_corato,2910.019,2910.51,passaggio,train
clip_003335,train/passaggio/clip_003335.mp4,psa_corato,2912.462,2913.163,passaggio,train
clip_003336,train/idle/clip_003336.mp4,psa_corato,2914.604164645424,2915.0561646454244,idle,train
clip_003337,train/tiroDaDue1/clip_003337.mp4,psa_corato,2918.173,2919.558,tiroDaDue1,train
clip_003338,train/passaggio/clip_003338.mp4,psa_corato,2921.423,2922.24,passaggio,train
clip_003339,train/idle/clip_003339.mp4,psa_corato,2923.97353013582,2924.58953013582,idle,train
clip_003340,train/passaggio/clip_003340.mp4,psa_corato,2927.952,2928.442,passaggio,train
clip_003341,train/passaggio/clip_003341.mp4,psa_corato,2928.83,2929.13,passaggio,train
clip_003342,train/passaggio/clip_003342.mp4,psa_corato,2931.577,2932.173,passaggio,train
clip_003343,train/passaggio/clip_003343.mp4,psa_corato,2933.173,2933.577,passaggio,train
clip_003344,train/idle/clip_003344.mp4,psa_corato,2936.9413419940097,2938.6013419940095,idle,train
clip_003345,train/tiroDaDue0/clip_003345.mp4,psa_corato,2940.51,2941.885,tiroDaDue0,train
clip_003346,train/passaggio/clip_003346.mp4,psa_corato,2944.365,2945.26,passaggio,train
clip_003347,train/non-gioco/clip_003347.mp4,psa_corato,2953.696252576258,2955.297663173274,non-gioco,train
clip_003348,train/non-gioco/clip_003348.mp4,psa_corato,2957.0607647557727,2959.133861988531,non-gioco,train
clip_003349,train/passaggio/clip_003349.mp4,psa_corato,2966.875,2967.423,passaggio,train
clip_003350,train/passaggio/clip_003350.mp4,psa_corato,2972.529,2972.923,passaggio,train
clip_003351,train/passaggio/clip_003351.mp4,psa_corato,2978.51,2979.462,passaggio,train
clip_003352,train/passaggio/clip_003352.mp4,psa_corato,2982.029,2982.423,passaggio,train
clip_003353,train/tiroDaDue0/clip_003353.mp4,psa_corato,2982.548,2983.308,tiroDaDue0,train
clip_003354,train/passaggio/clip_003354.mp4,psa_corato,2985.712,2986.577,passaggio,train
clip_003355,train/passaggio/clip_003355.mp4,psa_corato,2988.317,2988.779,passaggio,train
clip_003356,train/tiroDaTre1/clip_003356.mp4,psa_corato,2989.471,2990.933,tiroDaTre1,train
clip_003357,train/non-gioco/clip_003357.mp4,psa_corato,2991.743,2994.807,non-gioco,train
clip_003358,train/passaggio/clip_003358.mp4,psa_corato,2994.894,2995.24,passaggio,train
clip_003359,train/passaggio/clip_003359.mp4,psa_corato,3000.79,3001.13,passaggio,train
clip_003360,train/passaggio/clip_003360.mp4,psa_corato,3003.183,3003.519,passaggio,train
clip_003361,train/passaggio/clip_003361.mp4,psa_corato,3005.327,3006.163,passaggio,train
clip_003362,train/passaggio/clip_003362.mp4,psa_corato,3007.01,3007.529,passaggio,train
clip_003363,train/tiroDaTre0/clip_003363.mp4,psa_corato,3008.192,3010.673,tiroDaTre0,train
clip_003364,train/tiroDaDue0/clip_003364.mp4,psa_corato,3013.548,3014.75,tiroDaDue0,train
clip_003365,train/tiroDaDue1/clip_003365.mp4,psa_corato,3016.279,3017.337,tiroDaDue1,train
clip_003366,train/non-gioco/clip_003366.mp4,psa_corato,3017.477,3020.192,non-gioco,train
clip_003367,train/passaggio/clip_003367.mp4,psa_corato,3020.404,3020.865,passaggio,train
clip_003368,train/passaggio/clip_003368.mp4,psa_corato,3028.01,3028.413,passaggio,train
clip_003369,train/passaggio/clip_003369.mp4,psa_corato,3029.049,3029.287,passaggio,train
clip_003370,train/tiroDaDue1/clip_003370.mp4,psa_corato,3033.548,3034.885,tiroDaDue1,train
clip_003371,train/passaggio/clip_003371.mp4,psa_corato,3037.067,3037.452,passaggio,train
clip_003372,train/idle/clip_003372.mp4,psa_corato,3041.6177401724094,3042.1137401724095,idle,train
clip_003373,train/passaggio/clip_003373.mp4,psa_corato,3043.856,3044.404,passaggio,train
clip_003374,train/passaggio/clip_003374.mp4,psa_corato,3044.779,3045.202,passaggio,train
clip_003375,train/passaggio/clip_003375.mp4,psa_corato,3045.663,3046.048,passaggio,train
clip_003376,train/passaggio/clip_003376.mp4,psa_corato,3048.721,3049.019,passaggio,train
clip_003377,train/passaggio/clip_003377.mp4,psa_corato,3054.779,3055.49,passaggio,train
clip_003378,train/non-gioco/clip_003378.mp4,psa_corato,3058.0344765469554,3061.471112774336,non-gioco,train
clip_003379,train/non-gioco/clip_003379.mp4,psa_corato,3058.6071532928786,3061.2680815472336,non-gioco,train
clip_003380,train/non-gioco/clip_003380.mp4,psa_corato,3071.0139924989708,3073.3291411122764,non-gioco,train
clip_003381,train/non-gioco/clip_003381.mp4,psa_corato,3071.747855064955,3075.218683778946,non-gioco,train
clip_003382,train/idle/clip_003382.mp4,psa_corato,3079.396318240249,3079.997318240249,idle,train
clip_003383,train/passaggio/clip_003383.mp4,psa_corato,3090.971,3091.481,passaggio,train
clip_003384,train/passaggio/clip_003384.mp4,psa_corato,3093.308,3093.731,passaggio,train
clip_003385,train/passaggio/clip_003385.mp4,psa_corato,3094.404,3094.692,passaggio,train
clip_003386,train/passaggio/clip_003386.mp4,psa_corato,3095.442,3095.769,passaggio,train
clip_003387,train/tiroDaDue1/clip_003387.mp4,psa_corato,3098.548,3099.519,tiroDaDue1,train
clip_003388,train/non-gioco/clip_003388.mp4,psa_corato,3099.858,3102.954,non-gioco,train
clip_003389,train/passaggio/clip_003389.mp4,psa_corato,3103.158,3103.579,passaggio,train
clip_003390,train/passaggio/clip_003390.mp4,psa_corato,3110.038,3110.423,passaggio,train
clip_003391,train/idle/clip_003391.mp4,psa_corato,3117.9187040436564,3120.4187040436564,idle,train
clip_003392,train/tiroDaDue1/clip_003392.mp4,psa_corato,3121.048,3122.308,tiroDaDue1,train
clip_003393,train/passaggio/clip_003393.mp4,psa_corato,3123.779,3124.394,passaggio,train
clip_003394,train/passaggio/clip_003394.mp4,psa_corato,3133.183,3133.519,passaggio,train
clip_003395,train/passaggio/clip_003395.mp4,psa_corato,3137.336,3137.779,passaggio,train
clip_003396,train/passaggio/clip_003396.mp4,psa_corato,3138.173,3138.558,passaggio,train
clip_003397,train/passaggio/clip_003397.mp4,psa_corato,3138.875,3139.298,passaggio,train
clip_003398,train/passaggio/clip_003398.mp4,psa_corato,3139.74,3140.096,passaggio,train
clip_003399,train/passaggio/clip_003399.mp4,psa_corato,3141.808,3142.385,passaggio,train
clip_003400,train/tiroDaDue1/clip_003400.mp4,psa_corato,3142.75,3143.933,tiroDaDue1,train
clip_003401,train/passaggio/clip_003401.mp4,psa_corato,3145.76,3146.183,passaggio,train
clip_003402,train/passaggio/clip_003402.mp4,psa_corato,3152.635,3153.404,passaggio,train
clip_003403,train/tiroDaTre1/clip_003403.mp4,psa_corato,3153.981,3155.846,tiroDaTre1,train
clip_003404,train/passaggio/clip_003404.mp4,psa_corato,3157.769,3158.202,passaggio,train
clip_003405,train/passaggio/clip_003405.mp4,psa_corato,3160.154,3160.692,passaggio,train
clip_003406,train/passaggio/clip_003406.mp4,psa_corato,3164.192,3164.856,passaggio,train
clip_003407,train/passaggio/clip_003407.mp4,psa_corato,3165.558,3166.0,passaggio,train
clip_003408,train/passaggio/clip_003408.mp4,psa_corato,3166.875,3167.529,passaggio,train
clip_003409,train/passaggio/clip_003409.mp4,psa_corato,3171.933,3172.24,passaggio,train
clip_003410,train/tiroDaTre1/clip_003410.mp4,psa_corato,3172.836,3174.519,tiroDaTre1,train
clip_003411,train/passaggio/clip_003411.mp4,psa_corato,3178.654,3179.308,passaggio,train
clip_003412,train/tiroDaDue0/clip_003412.mp4,psa_corato,3181.625,3182.808,tiroDaDue0,train
clip_003413,train/passaggio/clip_003413.mp4,psa_corato,3185.202,3185.558,passaggio,train
clip_003414,train/passaggio/clip_003414.mp4,psa_corato,3190.51,3190.808,passaggio,train
clip_003415,train/tiroDaDue0/clip_003415.mp4,psa_corato,3192.865,3194.635,tiroDaDue0,train
clip_003416,train/non-gioco/clip_003416.mp4,psa_corato,3195.253846004777,3196.88797165745,non-gioco,train
clip_003417,train/non-gioco/clip_003417.mp4,psa_corato,3205.02542445894,3207.9967244996387,non-gioco,train
clip_003418,train/non-gioco/clip_003418.mp4,psa_corato,3209.2290375235343,3211.2051718549346,non-gioco,train
clip_003419,train/idle/clip_003419.mp4,psa_corato,3217.245894124793,3218.6558941247927,idle,train
clip_003420,train/non-gioco/clip_003420.mp4,psa_corato,3224.364425504355,3226.9536024830268,non-gioco,train
clip_003421,train/tiroLibero0/clip_003421.mp4,psa_corato,3230.933,3233.24,tiroLibero0,train
clip_003422,train/non-gioco/clip_003422.mp4,psa_corato,3233.737,3237.211,non-gioco,train
clip_003423,train/tiroLibero0/clip_003423.mp4,psa_corato,3240.394,3242.279,tiroLibero0,train
clip_003424,train/passaggio/clip_003424.mp4,psa_corato,3248.404,3248.615,passaggio,train
clip_003425,train/passaggio/clip_003425.mp4,psa_corato,3250.62,3250.811,passaggio,train
clip_003426,train/tiroDaDue1/clip_003426.mp4,psa_corato,3254.856,3256.192,tiroDaDue1,train
clip_003427,train/passaggio/clip_003427.mp4,psa_corato,3258.279,3258.702,passaggio,train
clip_003428,train/passaggio/clip_003428.mp4,psa_corato,3259.269,3259.702,passaggio,train
clip_003429,train/passaggio/clip_003429.mp4,psa_corato,3266.731,3267.221,passaggio,train
clip_003430,train/passaggio/clip_003430.mp4,psa_corato,3269.461,3269.913,passaggio,train
clip_003431,train/passaggio/clip_003431.mp4,psa_corato,3270.567,3271.01,passaggio,train
clip_003432,train/tiroDaTre1/clip_003432.mp4,psa_corato,3271.692,3273.644,tiroDaTre1,train
clip_003433,train/passaggio/clip_003433.mp4,psa_corato,3275.51,3276.058,passaggio,train
clip_003434,train/idle/clip_003434.mp4,psa_corato,3278.884115408514,3279.714115408514,idle,train
clip_003435,train/passaggio/clip_003435.mp4,psa_corato,3282.001,3282.62,passaggio,train
clip_003436,train/passaggio/clip_003436.mp4,psa_corato,3283.001,3283.335,passaggio,train
clip_003437,train/idle/clip_003437.mp4,psa_corato,3286.0676983904677,3286.583698390468,idle,train
clip_003438,train/passaggio/clip_003438.mp4,psa_corato,3288.211,3288.51,passaggio,train
clip_003439,train/passaggio/clip_003439.mp4,psa_corato,3290.856,3291.106,passaggio,train
clip_003440,train/tiroDaDue0/clip_003440.mp4,psa_corato,3294.423,3295.567,tiroDaDue0,train
clip_003441,train/passaggio/clip_003441.mp4,psa_corato,3296.239,3296.858,passaggio,train
clip_003442,train/non-gioco/clip_003442.mp4,psa_corato,3302.42735861647,3304.2586551373997,non-gioco,train
clip_003443,train/non-gioco/clip_003443.mp4,psa_corato,3315.7901866211328,3318.6225391747594,non-gioco,train
clip_003444,train/non-gioco/clip_003444.mp4,psa_corato,3318.1744964919253,3321.1032499272,non-gioco,train
clip_003445,train/idle/clip_003445.mp4,psa_corato,3323.0032763909876,3323.6182763909874,idle,train
clip_003446,train/idle/clip_003446.mp4,psa_corato,3324.5287882520356,3324.9037882520356,idle,train
clip_003447,train/passaggio/clip_003447.mp4,psa_corato,3327.385,3327.731,passaggio,train
clip_003448,train/passaggio/clip_003448.mp4,psa_corato,3328.885,3329.346,passaggio,train
clip_003449,train/passaggio/clip_003449.mp4,psa_corato,3331.173,3331.577,passaggio,train
clip_003450,train/passaggio/clip_003450.mp4,psa_corato,3332.74,3332.981,passaggio,train
clip_003451,train/passaggio/clip_003451.mp4,psa_corato,3333.558,3333.846,passaggio,train
clip_003452,train/passaggio/clip_003452.mp4,psa_corato,3335.26,3335.75,passaggio,train
clip_003453,train/passaggio/clip_003453.mp4,psa_corato,3336.346,3336.683,passaggio,train
clip_003454,train/passaggio/clip_003454.mp4,psa_corato,3340.106,3340.615,passaggio,train
clip_003455,train/tiroDaTre1/clip_003455.mp4,psa_corato,3341.625,3343.442,tiroDaTre1,train
clip_003456,train/passaggio/clip_003456.mp4,psa_corato,3346.048,3346.51,passaggio,train
clip_003457,train/passaggio/clip_003457.mp4,psa_corato,3346.981,3347.731,passaggio,train
clip_003458,train/passaggio/clip_003458.mp4,psa_corato,3350.913,3351.288,passaggio,train
clip_003459,train/passaggio/clip_003459.mp4,psa_corato,3353.461,3353.798,passaggio,train
clip_003460,train/passaggio/clip_003460.mp4,psa_corato,3356.327,3356.836,passaggio,train
clip_003461,train/passaggio/clip_003461.mp4,psa_corato,3357.279,3357.808,passaggio,train
clip_003462,train/passaggio/clip_003462.mp4,psa_corato,3359.5,3359.933,passaggio,train
clip_003463,train/passaggio/clip_003463.mp4,psa_corato,3360.961,3361.346,passaggio,train
clip_003464,train/non-gioco/clip_003464.mp4,psa_corato,3378.7873990612084,3380.948956310576,non-gioco,train
clip_003465,train/non-gioco/clip_003465.mp4,psa_corato,3380.8663117001024,3383.2313460631217,non-gioco,train
clip_003466,train/non-gioco/clip_003466.mp4,psa_corato,3380.94280362095,3382.3805264385796,non-gioco,train
clip_003467,train/idle/clip_003467.mp4,psa_corato,3389.1414374850747,3391.143437485075,idle,train
clip_003468,train/tiroLibero1/clip_003468.mp4,psa_corato,3394.673,3396.51,tiroLibero1,train
clip_003469,train/non-gioco/clip_003469.mp4,psa_corato,3404.8692520334084,3407.013450977027,non-gioco,train
clip_003470,train/non-gioco/clip_003470.mp4,psa_corato,3415.1568852931937,3417.7362249125895,non-gioco,train
clip_003471,train/non-gioco/clip_003471.mp4,psa_corato,3415.5504675495176,3416.708218892098,non-gioco,train
clip_003472,train/idle/clip_003472.mp4,psa_corato,3419.1260018449066,3421.6260018449066,idle,train
clip_003473,train/passaggio/clip_003473.mp4,psa_corato,3422.243,3422.576,passaggio,train
clip_003474,train/passaggio/clip_003474.mp4,psa_corato,3430.067,3430.548,passaggio,train
clip_003475,train/tiroDaDue1/clip_003475.mp4,psa_corato,3438.346,3439.952,tiroDaDue1,train
clip_003476,train/non-gioco/clip_003476.mp4,psa_corato,3444.336050611785,3445.445566300933,non-gioco,train
clip_003477,train/idle/clip_003477.mp4,psa_corato,3451.330951169586,3451.6009511695866,idle,train
clip_003478,train/non-gioco/clip_003478.mp4,psa_corato,3458.4311448205212,3460.7196037936574,non-gioco,train
clip_003479,train/non-gioco/clip_003479.mp4,psa_corato,3458.5242138911026,3459.6289787459286,non-gioco,train
clip_003480,train/tiroLibero1/clip_003480.mp4,psa_corato,3467.529,3469.298,tiroLibero1,train
clip_003481,train/passaggio/clip_003481.mp4,psa_corato,3471.231,3472.846,passaggio,train
clip_003482,train/non-gioco/clip_003482.mp4,psa_corato,3482.0195637132006,3483.8984311726304,non-gioco,train
clip_003483,train/idle/clip_003483.mp4,psa_corato,3484.807803531904,3485.407803531904,idle,train
clip_003484,train/idle/clip_003484.mp4,psa_corato,3485.1723545196783,3486.895354519678,idle,train
clip_003485,train/non-gioco/clip_003485.mp4,psa_corato,3487.143095985709,3489.9607992965657,non-gioco,train
clip_003486,train/non-gioco/clip_003486.mp4,psa_corato,3502.9678993976318,3505.851126694679,non-gioco,train
clip_003487,train/non-gioco/clip_003487.mp4,psa_corato,3511.879975547366,3514.2375522915013,non-gioco,train
clip_003488,train/non-gioco/clip_003488.mp4,psa_corato,3521.495202709123,3523.858888702485,non-gioco,train
clip_003489,train/non-gioco/clip_003489.mp4,psa_corato,3522.7467805985607,3525.911276291256,non-gioco,train
clip_003490,train/non-gioco/clip_003490.mp4,psa_corato,3525.6491321081617,3528.8242250458025,non-gioco,train
clip_003491,train/non-gioco/clip_003491.mp4,psa_corato,3528.512218952606,3529.823406473217,non-gioco,train
clip_003492,train/non-gioco/clip_003492.mp4,psa_corato,3530.4254345939935,3533.662028331381,non-gioco,train
clip_003493,train/non-gioco/clip_003493.mp4,psa_corato,3545.749149434063,3549.183458394851,non-gioco,train
clip_003494,train/idle/clip_003494.mp4,psa_corato,3549.6399779544718,3552.1399779544718,idle,train
clip_003495,train/non-gioco/clip_003495.mp4,psa_corato,3561.7131401862503,3563.4793798264773,non-gioco,train
clip_003496,train/idle/clip_003496.mp4,psa_corato,3563.8307593321288,3565.1407593321287,idle,train
clip_003497,train/non-gioco/clip_003497.mp4,psa_corato,3570.3791509625867,3571.5793232402743,non-gioco,train
clip_003498,train/non-gioco/clip_003498.mp4,psa_corato,3573.901567929235,3575.966858111443,non-gioco,train
clip_003499,train/non-gioco/clip_003499.mp4,psa_corato,3580.6400964341783,3583.863812726709,non-gioco,train
clip_003500,train/non-gioco/clip_003500.mp4,psa_corato,3586.963493390449,3588.8559288305373,non-gioco,train
clip_003501,train/non-gioco/clip_003501.mp4,psa_corato,3589.52413435622,3591.8223239900576,non-gioco,train
clip_003502,train/non-gioco/clip_003502.mp4,psa_corato,3592.3562474326463,3594.862380679722,non-gioco,train
clip_003503,train/idle/clip_003503.mp4,psa_corato,3601.674339415527,3602.274339415527,idle,train
clip_003504,train/non-gioco/clip_003504.mp4,psa_corato,3607.0267315299716,3609.270540011206,non-gioco,train
clip_003505,train/idle/clip_003505.mp4,psa_corato,3613.558220073569,3614.0742200735685,idle,train
clip_003506,train/passaggio/clip_003506.mp4,psa_corato,3620.394,3620.817,passaggio,train
clip_003507,train/passaggio/clip_003507.mp4,psa_corato,3623.308,3623.779,passaggio,train
clip_003508,train/passaggio/clip_003508.mp4,psa_corato,3624.404,3624.663,passaggio,train
clip_003509,train/passaggio/clip_003509.mp4,psa_corato,3625.683,3626.019,passaggio,train
clip_003510,train/passaggio/clip_003510.mp4,psa_corato,3626.942,3627.442,passaggio,train
clip_003511,train/tiroDaDue0/clip_003511.mp4,psa_corato,3629.644,3631.144,tiroDaDue0,train
clip_003512,train/idle/clip_003512.mp4,psa_corato,3632.8615298688164,3633.451529868816,idle,train
clip_003513,train/idle/clip_003513.mp4,psa_corato,3633.0506796502605,3633.4826796502603,idle,train
clip_003514,train/tiroDaDue1/clip_003514.mp4,psa_corato,3635.836,3637.183,tiroDaDue1,train
clip_003515,train/non-gioco/clip_003515.mp4,psa_corato,3637.646,3639.0,non-gioco,train
clip_003516,train/passaggio/clip_003516.mp4,psa_corato,3640.221,3641.173,passaggio,train
clip_003517,train/idle/clip_003517.mp4,psa_corato,3642.3281337864587,3642.6781337864586,idle,train
clip_003518,train/passaggio/clip_003518.mp4,psa_corato,3644.75,3645.173,passaggio,train
clip_003519,train/passaggio/clip_003519.mp4,psa_corato,3646.59,3646.8,passaggio,train
clip_003520,train/passaggio/clip_003520.mp4,psa_corato,3647.625,3648.0,passaggio,train
clip_003521,train/passaggio/clip_003521.mp4,psa_corato,3649.221,3649.673,passaggio,train
clip_003522,train/passaggio/clip_003522.mp4,psa_corato,3655.25,3655.894,passaggio,train
clip_003523,train/tiroDaTre0/clip_003523.mp4,psa_corato,3656.625,3658.692,tiroDaTre0,train
clip_003524,train/idle/clip_003524.mp4,psa_corato,3667.401823319831,3667.891823319831,idle,train
clip_003525,train/passaggio/clip_003525.mp4,psa_corato,3675.808,3676.26,passaggio,train
clip_003526,train/passaggio/clip_003526.mp4,psa_corato,3677.808,3678.163,passaggio,train
clip_003527,train/idle/clip_003527.mp4,psa_corato,3681.773090813552,3682.153090813552,idle,train
clip_003528,train/non-gioco/clip_003528.mp4,psa_corato,3683.5939728234353,3687.089349317868,non-gioco,train
clip_003529,train/idle/clip_003529.mp4,psa_corato,3688.934523897486,3689.2415238974863,idle,train
clip_003530,train/passaggio/clip_003530.mp4,psa_corato,3693.798,3694.231,passaggio,train
clip_003531,train/idle/clip_003531.mp4,psa_corato,3697.0957515323225,3697.525751532323,idle,train
clip_003532,train/non-gioco/clip_003532.mp4,psa_corato,3701.7648723994694,3705.214940597455,non-gioco,train
clip_003533,train/passaggio/clip_003533.mp4,psa_corato,3706.885,3707.75,passaggio,train
clip_003534,train/passaggio/clip_003534.mp4,psa_corato,3713.01,3713.471,passaggio,train
clip_003535,train/idle/clip_003535.mp4,psa_corato,3714.5967515464095,3714.94675154641,idle,train
clip_003536,train/idle/clip_003536.mp4,psa_corato,3719.938392966558,3721.3963929665583,idle,train
clip_003537,train/non-gioco/clip_003537.mp4,psa_corato,3723.204205006851,3724.3918079193218,non-gioco,train
clip_003538,train/non-gioco/clip_003538.mp4,psa_corato,3724.4451701001753,3726.353447926803,non-gioco,train
clip_003539,train/idle/clip_003539.mp4,psa_corato,3726.9012189100226,3728.1022189100227,idle,train
clip_003540,train/passaggio/clip_003540.mp4,psa_corato,3729.474,3729.947,passaggio,train
clip_003541,train/passaggio/clip_003541.mp4,psa_corato,3735.548,3735.99,passaggio,train
clip_003542,train/tiroDaTre0/clip_003542.mp4,psa_corato,3742.769,3744.788,tiroDaTre0,train
clip_003543,train/non-gioco/clip_003543.mp4,psa_corato,3750.310604458956,3753.0091309784925,non-gioco,train
clip_003544,train/idle/clip_003544.mp4,psa_corato,3755.078960840916,3755.490960840916,idle,train
clip_003545,train/passaggio/clip_003545.mp4,psa_corato,3758.173,3758.577,passaggio,train
clip_003546,train/idle/clip_003546.mp4,psa_corato,3760.4757236583196,3760.8357236583197,idle,train
clip_003547,train/passaggio/clip_003547.mp4,psa_corato,3763.798,3764.211,passaggio,train
clip_003548,train/non-gioco/clip_003548.mp4,psa_corato,3766.3050612718916,3769.2583411962505,non-gioco,train
clip_003549,train/non-gioco/clip_003549.mp4,psa_corato,3774.0243566326,3775.381305303506,non-gioco,train
clip_003550,train/passaggio/clip_003550.mp4,psa_corato,3782.421,3782.842,passaggio,train
clip_003551,train/passaggio/clip_003551.mp4,psa_corato,3790.625,3791.0,passaggio,train
clip_003552,train/passaggio/clip_003552.mp4,psa_corato,3793.99,3794.308,passaggio,train
clip_003553,train/passaggio/clip_003553.mp4,psa_corato,3795.433,3795.904,passaggio,train
clip_003554,train/passaggio/clip_003554.mp4,psa_corato,3797.615,3798.221,passaggio,train
clip_003555,train/passaggio/clip_003555.mp4,psa_corato,3801.346,3801.894,passaggio,train
clip_003556,train/tiroDaTre0/clip_003556.mp4,psa_corato,3802.548,3804.529,tiroDaTre0,train
clip_003557,train/tiroDaDue0/clip_003557.mp4,psa_corato,3806.865,3808.442,tiroDaDue0,train
clip_003558,train/tiroDaDue0/clip_003558.mp4,psa_corato,3809.202,3810.567,tiroDaDue0,train
clip_003559,train/non-gioco/clip_003559.mp4,psa_corato,3819.3907990183056,3821.3066202010737,non-gioco,train
clip_003560,train/non-gioco/clip_003560.mp4,psa_corato,3823.7904018226063,3826.208513426917,non-gioco,train
clip_003561,train/non-gioco/clip_003561.mp4,psa_corato,3828.3467639301407,3829.514847337796,non-gioco,train
clip_003562,train/idle/clip_003562.mp4,psa_corato,3834.430960876574,3835.490960876574,idle,train
clip_003563,train/tiroLibero1/clip_003563.mp4,psa_corato,3843.135,3844.865,tiroLibero1,train
clip_003564,train/non-gioco/clip_003564.mp4,psa_corato,3846.105,3848.684,non-gioco,train
clip_003565,train/tiroLibero1/clip_003565.mp4,psa_corato,3855.779,3857.548,tiroLibero1,train
clip_003566,train/passaggio/clip_003566.mp4,psa_corato,3860.231,3860.952,passaggio,train
clip_003567,train/passaggio/clip_003567.mp4,psa_corato,3865.308,3865.875,passaggio,train
clip_003568,train/passaggio/clip_003568.mp4,psa_corato,3867.971,3868.269,passaggio,train
clip_003569,train/passaggio/clip_003569.mp4,psa_corato,3870.683,3871.01,passaggio,train
clip_003570,train/passaggio/clip_003570.mp4,psa_corato,3871.625,3872.019,passaggio,train
clip_003571,train/passaggio/clip_003571.mp4,psa_corato,3872.842,3873.21,passaggio,train
clip_003572,train/passaggio/clip_003572.mp4,psa_corato,3875.558,3876.221,passaggio,train
clip_003573,train/passaggio/clip_003573.mp4,psa_corato,3881.316,3881.737,passaggio,train
clip_003574,train/passaggio/clip_003574.mp4,psa_corato,3883.74,3883.952,passaggio,train
clip_003575,train/passaggio/clip_003575.mp4,psa_corato,3888.461,3888.933,passaggio,train
clip_003576,train/tiroDaDue0/clip_003576.mp4,psa_corato,3889.721,3890.635,tiroDaDue0,train
clip_003577,train/passaggio/clip_003577.mp4,psa_corato,3897.567,3898.144,passaggio,train
clip_003578,train/tiroDaDue0/clip_003578.mp4,psa_corato,3901.952,3903.221,tiroDaDue0,train
clip_003579,train/tiroDaDue0/clip_003579.mp4,psa_corato,3904.827,3906.336,tiroDaDue0,train
clip_003580,train/passaggio/clip_003580.mp4,psa_corato,3909.019,3909.519,passaggio,train
clip_003581,train/passaggio/clip_003581.mp4,psa_corato,3909.923,3910.452,passaggio,train
clip_003582,train/passaggio/clip_003582.mp4,psa_corato,3912.221,3913.048,passaggio,train
clip_003583,train/idle/clip_003583.mp4,psa_corato,3914.5108211919382,3915.0398211919382,idle,train
clip_003584,train/tiroDaDue1/clip_003584.mp4,psa_corato,3918.404,3920.135,tiroDaDue1,train
clip_003585,train/non-gioco/clip_003585.mp4,psa_corato,3920.324,3922.775,non-gioco,train
clip_003586,train/passaggio/clip_003586.mp4,psa_corato,3922.885,3923.269,passaggio,train
clip_003587,train/passaggio/clip_003587.mp4,psa_corato,3932.269,3932.827,passaggio,train
clip_003588,train/passaggio/clip_003588.mp4,psa_corato,3936.875,3937.452,passaggio,train
clip_003589,train/passaggio/clip_003589.mp4,psa_corato,3938.529,3938.952,passaggio,train
clip_003590,train/passaggio/clip_003590.mp4,psa_corato,3940.49,3941.077,passaggio,train
clip_003591,train/tiroDaTre0/clip_003591.mp4,psa_corato,3941.875,3943.798,tiroDaTre0,train
clip_003592,train/tiroDaDue1/clip_003592.mp4,psa_corato,3946.827,3948.163,tiroDaDue1,train
clip_003593,train/idle/clip_003593.mp4,psa_corato,3957.5943674568666,3957.827367456867,idle,train
clip_003594,train/non-gioco/clip_003594.mp4,psa_corato,3958.9166407816256,3961.3514452274603,non-gioco,train
clip_003595,train/non-gioco/clip_003595.mp4,psa_corato,3963.9096471732837,3965.8396806194605,non-gioco,train
clip_003596,train/non-gioco/clip_003596.mp4,psa_corato,3966.9384330886232,3969.636088230907,non-gioco,train
clip_003597,train/idle/clip_003597.mp4,psa_corato,3976.525832845647,3976.9758328456473,idle,train
clip_003598,train/tiroLibero1/clip_003598.mp4,psa_corato,3978.01,3980.173,tiroLibero1,train
clip_003599,train/idle/clip_003599.mp4,psa_corato,3980.8229648795614,3981.2079648795616,idle,train
clip_003600,train/idle/clip_003600.mp4,psa_corato,3984.6407121901007,3985.7007121901006,idle,train
clip_003601,train/non-gioco/clip_003601.mp4,psa_corato,3985.8654555683556,3987.8605406832366,non-gioco,train
clip_003602,train/passaggio/clip_003602.mp4,psa_corato,3990.981,3991.673,passaggio,train
clip_003603,train/idle/clip_003603.mp4,psa_corato,3994.3808518412743,3996.0508518412744,idle,train
clip_003604,train/passaggio/clip_003604.mp4,psa_corato,3996.711,3997.452,passaggio,train
clip_003605,train/passaggio/clip_003605.mp4,psa_corato,3999.673,4000.173,passaggio,train
clip_003606,train/passaggio/clip_003606.mp4,psa_corato,4003.615,4003.904,passaggio,train
clip_003607,train/passaggio/clip_003607.mp4,psa_corato,4004.663,4005.01,passaggio,train
clip_003608,train/passaggio/clip_003608.mp4,psa_corato,4007.067,4007.74,passaggio,train
clip_003609,train/tiroDaDue0/clip_003609.mp4,psa_corato,4009.933,4011.346,tiroDaDue0,train
clip_003610,train/passaggio/clip_003610.mp4,psa_corato,4012.526,4012.947,passaggio,train
clip_003611,train/passaggio/clip_003611.mp4,psa_corato,4021.75,4022.125,passaggio,train
clip_003612,train/passaggio/clip_003612.mp4,psa_corato,4024.817,4025.24,passaggio,train
clip_003613,train/passaggio/clip_003613.mp4,psa_corato,4025.654,4026.106,passaggio,train
clip_003614,train/passaggio/clip_003614.mp4,psa_corato,4027.644,4028.086,passaggio,train
clip_003615,train/tiroDaDue0/clip_003615.mp4,psa_corato,4028.26,4029.731,tiroDaDue0,train
clip_003616,train/passaggio/clip_003616.mp4,psa_corato,4031.26,4031.586,passaggio,train
clip_003617,train/tiroDaDue0/clip_003617.mp4,psa_corato,4036.105,4036.789,tiroDaDue0,train
clip_003618,train/passaggio/clip_003618.mp4,psa_corato,4039.298,4039.596,passaggio,train
clip_003619,train/passaggio/clip_003619.mp4,psa_corato,4046.683,4047.135,passaggio,train
clip_003620,train/passaggio/clip_003620.mp4,psa_corato,4049.192,4049.808,passaggio,train
clip_003621,train/non-gioco/clip_003621.mp4,psa_corato,4052.7237688318796,4054.347797964613,non-gioco,train
clip_003622,train/non-gioco/clip_003622.mp4,psa_corato,4058.5132103616347,4061.3523975103335,non-gioco,train
clip_003623,train/passaggio/clip_003623.mp4,psa_corato,4070.029,4071.019,passaggio,train
clip_003624,train/idle/clip_003624.mp4,psa_corato,4072.2449553985102,4072.50095539851,idle,train
clip_003625,train/passaggio/clip_003625.mp4,psa_corato,4073.567,4073.981,passaggio,train
clip_003626,train/passaggio/clip_003626.mp4,psa_corato,4075.89,4076.31,passaggio,train
clip_003627,train/tiroDaDue0/clip_003627.mp4,psa_corato,4078.86,4079.7,tiroDaDue0,train
clip_003628,train/tiroDaDue1/clip_003628.mp4,psa_corato,4082.26,4084.03,tiroDaDue1,train
clip_003629,train/non-gioco/clip_003629.mp4,psa_corato,4084.453,4086.743,non-gioco,train
clip_003630,train/passaggio/clip_003630.mp4,psa_corato,4086.85,4087.43,passaggio,train
clip_003631,train/passaggio/clip_003631.mp4,psa_corato,4088.97,4089.26,passaggio,train
clip_003632,train/passaggio/clip_003632.mp4,psa_corato,4094.684,4095.158,passaggio,train
clip_003633,train/passaggio/clip_003633.mp4,psa_corato,4105.06,4105.46,passaggio,train
clip_003634,train/tiroDaTre0/clip_003634.mp4,psa_corato,4106.0,4107.71,tiroDaTre0,train
clip_003635,train/non-gioco/clip_003635.mp4,psa_corato,4112.828161173561,4114.48260286503,non-gioco,train
clip_003636,train/non-gioco/clip_003636.mp4,psa_corato,4118.181380877492,4120.14884932759,non-gioco,train
clip_003637,train/idle/clip_003637.mp4,psa_corato,4126.237665355565,4126.667665355564,idle,train
clip_003638,train/idle/clip_003638.mp4,psa_corato,4126.76535565971,4127.86135565971,idle,train
clip_003639,train/tiroLibero1/clip_003639.mp4,psa_corato,4130.28,4131.98,tiroLibero1,train
clip_003640,train/non-gioco/clip_003640.mp4,psa_corato,4136.4495798247635,4138.565262605777,non-gioco,train
clip_003641,train/tiroLibero1/clip_003641.mp4,psa_corato,4139.94,4141.51,tiroLibero1,train
clip_003642,train/idle/clip_003642.mp4,psa_corato,4142.413524249663,4144.048524249663,idle,train
clip_003643,train/non-gioco/clip_003643.mp4,psa_corato,4146.081654966257,4147.795597160502,non-gioco,train
clip_003644,train/tiroLibero0/clip_003644.mp4,psa_corato,4150.01,4152.25,tiroLibero0,train
clip_003645,train/passaggio/clip_003645.mp4,psa_corato,4158.52,4159.0,passaggio,train
clip_003646,train/passaggio/clip_003646.mp4,psa_corato,4159.58,4159.94,passaggio,train
clip_003647,train/passaggio/clip_003647.mp4,psa_corato,4162.58,4162.94,passaggio,train
clip_003648,train/tiroDaDue0/clip_003648.mp4,psa_corato,4165.73,4167.01,tiroDaDue0,train
clip_003649,train/non-gioco/clip_003649.mp4,psa_corato,4168.796789539642,4171.024790027778,non-gioco,train
clip_003650,train/idle/clip_003650.mp4,psa_corato,4180.091293703531,4180.6112937035305,idle,train
clip_003651,train/tiroLibero0/clip_003651.mp4,psa_corato,4184.41,4186.43,tiroLibero0,train
clip_003652,train/non-gioco/clip_003652.mp4,psa_corato,4186.789,4189.789,non-gioco,train
clip_003653,train/tiroLibero0/clip_003653.mp4,psa_corato,4192.71,4194.78,tiroLibero0,train
clip_003654,train/passaggio/clip_003654.mp4,psa_corato,4197.71,4198.2,passaggio,train
clip_003655,train/passaggio/clip_003655.mp4,psa_corato,4207.0,4207.42,passaggio,train
clip_003656,train/tiroDaTre0/clip_003656.mp4,psa_corato,4214.11,4216.35,tiroDaTre0,train
clip_003657,train/passaggio/clip_003657.mp4,psa_corato,4217.83,4218.48,passaggio,train
clip_003658,train/passaggio/clip_003658.mp4,psa_corato,4219.97,4220.61,passaggio,train
clip_003659,train/non-gioco/clip_003659.mp4,psa_corato,4223.665744175454,4226.797809901415,non-gioco,train
clip_003660,train/passaggio/clip_003660.mp4,psa_corato,4230.38,4230.74,passaggio,train
clip_003661,train/passaggio/clip_003661.mp4,psa_corato,4232.7,4233.37,passaggio,train
clip_003662,train/passaggio/clip_003662.mp4,psa_corato,4234.12,4234.61,passaggio,train
clip_003663,train/passaggio/clip_003663.mp4,psa_corato,4235.31,4235.62,passaggio,train
clip_003664,train/passaggio/clip_003664.mp4,psa_corato,4236.03,4236.38,passaggio,train
clip_003665,train/passaggio/clip_003665.mp4,psa_corato,4237.0,4237.38,passaggio,train
clip_003666,train/non-gioco/clip_003666.mp4,psa_corato,4241.824056354619,4243.692619591465,non-gioco,train
clip_003667,train/non-gioco/clip_003667.mp4,psa_corato,4249.794469534116,4252.908272581552,non-gioco,train
clip_003668,train/non-gioco/clip_003668.mp4,psa_corato,4253.704015404181,4256.950712981146,non-gioco,train
clip_003669,train/non-gioco/clip_003669.mp4,psa_corato,4262.542488189669,4263.76196504243,non-gioco,train
clip_003670,train/passaggio/clip_003670.mp4,psa_corato,4275.99,4276.46,passaggio,train
clip_003671,train/passaggio/clip_003671.mp4,psa_corato,4277.52,4277.98,passaggio,train
clip_003672,train/passaggio/clip_003672.mp4,psa_corato,4279.61,4279.85,passaggio,train
clip_003673,train/passaggio/clip_003673.mp4,psa_corato,4282.83,4283.46,passaggio,train
clip_003674,train/tiroDaTre0/clip_003674.mp4,psa_corato,4283.85,4285.68,tiroDaTre0,train
clip_003675,train/passaggio/clip_003675.mp4,psa_corato,4294.526,4294.895,passaggio,train
clip_003676,train/passaggio/clip_003676.mp4,psa_corato,4296.07,4296.57,passaggio,train
clip_003677,train/passaggio/clip_003677.mp4,psa_corato,4298.23,4298.79,passaggio,train
clip_003678,train/tiroDaDue1/clip_003678.mp4,psa_corato,4300.75,4302.14,tiroDaDue1,train
clip_003679,train/passaggio/clip_003679.mp4,psa_corato,4303.6,4303.8,passaggio,train
clip_003680,train/passaggio/clip_003680.mp4,psa_corato,4305.64,4306.2,passaggio,train
clip_003681,train/passaggio/clip_003681.mp4,psa_corato,4310.9,4311.34,passaggio,train
clip_003682,train/non-gioco/clip_003682.mp4,psa_corato,4321.846118413778,4324.974523540661,non-gioco,train
clip_003683,train/non-gioco/clip_003683.mp4,psa_corato,4324.845838956495,4327.201267359559,non-gioco,train
clip_003684,train/passaggio/clip_003684.mp4,psa_corato,4329.1,4329.75,passaggio,train
clip_003685,train/passaggio/clip_003685.mp4,psa_corato,4330.28,4330.63,passaggio,train
clip_003686,train/passaggio/clip_003686.mp4,psa_corato,4335.13,4335.61,passaggio,train
clip_003687,train/passaggio/clip_003687.mp4,psa_corato,4336.39,4336.86,passaggio,train
clip_003688,train/passaggio/clip_003688.mp4,psa_corato,4340.61,4341.06,passaggio,train
clip_003689,train/passaggio/clip_003689.mp4,psa_corato,4343.24,4343.69,passaggio,train
clip_003690,train/passaggio/clip_003690.mp4,psa_corato,4344.75,4345.23,passaggio,train
clip_003691,train/passaggio/clip_003691.mp4,psa_corato,4347.21,4347.64,passaggio,train
clip_003692,train/tiroDaDue0/clip_003692.mp4,psa_corato,4348.5,4349.64,tiroDaDue0,train
clip_003693,train/passaggio/clip_003693.mp4,psa_corato,4350.3,4350.53,passaggio,train
clip_003694,train/passaggio/clip_003694.mp4,psa_corato,4352.85,4353.31,passaggio,train
clip_003695,train/passaggio/clip_003695.mp4,psa_corato,4354.49,4354.89,passaggio,train
clip_003696,train/passaggio/clip_003696.mp4,psa_corato,4356.09,4356.47,passaggio,train
clip_003697,train/passaggio/clip_003697.mp4,psa_corato,4358.82,4359.34,passaggio,train
clip_003698,train/passaggio/clip_003698.mp4,psa_corato,4365.7,4365.95,passaggio,train
clip_003699,train/idle/clip_003699.mp4,psa_corato,4368.732782981416,4369.112782981416,idle,train
clip_003700,train/passaggio/clip_003700.mp4,psa_corato,4372.81,4373.61,passaggio,train
clip_003701,train/passaggio/clip_003701.mp4,psa_corato,4374.5,4374.75,passaggio,train
clip_003702,train/passaggio/clip_003702.mp4,psa_corato,4377.59,4377.92,passaggio,train
clip_003703,train/passaggio/clip_003703.mp4,psa_corato,4382.57,4383.13,passaggio,train
clip_003704,train/tiroDaTre1/clip_003704.mp4,psa_corato,4383.72,4385.47,tiroDaTre1,train
clip_003705,train/passaggio/clip_003705.mp4,psa_corato,4387.83,4388.21,passaggio,train
clip_003706,train/passaggio/clip_003706.mp4,psa_corato,4388.79,4389.06,passaggio,train
clip_003707,train/passaggio/clip_003707.mp4,psa_corato,4392.22,4392.67,passaggio,train
clip_003708,train/passaggio/clip_003708.mp4,psa_corato,4393.42,4393.89,passaggio,train
clip_003709,train/passaggio/clip_003709.mp4,psa_corato,4395.09,4395.59,passaggio,train
clip_003710,train/passaggio/clip_003710.mp4,psa_corato,4398.1,4399.08,passaggio,train
clip_003711,train/non-gioco/clip_003711.mp4,psa_corato,4407.982025889766,4411.040374388537,non-gioco,train
clip_003712,train/idle/clip_003712.mp4,psa_corato,4412.690753537674,4413.3627535376745,idle,train
clip_003713,train/non-gioco/clip_003713.mp4,psa_corato,4422.449803264907,4423.753209402604,non-gioco,train
clip_003714,train/non-gioco/clip_003714.mp4,psa_corato,4434.683186960261,4435.898725664391,non-gioco,train
clip_003715,train/idle/clip_003715.mp4,psa_corato,4439.688327580814,4442.028327580814,idle,train
clip_003716,train/non-gioco/clip_003716.mp4,psa_corato,4456.279905216683,4459.264146176295,non-gioco,train
clip_003717,train/non-gioco/clip_003717.mp4,psa_corato,4462.368017624562,4463.433727691582,non-gioco,train
clip_003718,train/non-gioco/clip_003718.mp4,psa_corato,4468.106216381217,4470.485333716033,non-gioco,train
clip_003719,train/non-gioco/clip_003719.mp4,psa_corato,4470.381715482293,4473.7000266241,non-gioco,train
clip_003720,train/non-gioco/clip_003720.mp4,psa_corato,4470.82276803794,4474.253717366724,non-gioco,train
clip_003721,train/idle/clip_003721.mp4,psa_corato,4474.402898167741,4474.872898167741,idle,train
clip_003722,train/non-gioco/clip_003722.mp4,psa_corato,4475.887236693245,4478.012172932402,non-gioco,train
clip_003723,train/non-gioco/clip_003723.mp4,psa_corato,4479.235825194497,4482.734812804333,non-gioco,train
clip_003724,train/non-gioco/clip_003724.mp4,psa_corato,4485.704728037387,4488.018967174463,non-gioco,train
clip_003725,train/non-gioco/clip_003725.mp4,psa_corato,4488.837744525205,4490.184936705301,non-gioco,train
clip_003726,train/non-gioco/clip_003726.mp4,psa_corato,4489.872575610326,4491.7948535240785,non-gioco,train
clip_003727,train/non-gioco/clip_003727.mp4,psa_corato,4498.253321513718,4500.114608465475,non-gioco,train
clip_003728,train/idle/clip_003728.mp4,psa_corato,4501.022268492104,4501.974268492104,idle,train
clip_003729,train/idle/clip_003729.mp4,psa_corato,4507.39254350069,4508.00854350069,idle,train
clip_003730,train/idle/clip_003730.mp4,psa_corato,4507.874680777572,4508.1206807775725,idle,train
clip_003731,train/passaggio/clip_003731.mp4,psa_corato,4514.88,4515.44,passaggio,train
clip_003732,train/passaggio/clip_003732.mp4,psa_corato,4516.267,4516.667,passaggio,train
clip_003733,train/passaggio/clip_003733.mp4,psa_corato,4523.03,4523.49,passaggio,train
clip_003734,train/tiroDaDue0/clip_003734.mp4,psa_corato,4524.08,4525.78,tiroDaDue0,train
clip_003735,train/passaggio/clip_003735.mp4,psa_corato,4526.98,4527.17,passaggio,train
clip_003736,train/idle/clip_003736.mp4,psa_corato,4529.83123986277,4530.40523986277,idle,train
clip_003737,train/passaggio/clip_003737.mp4,psa_corato,4532.95,4533.84,passaggio,train
clip_003738,train/passaggio/clip_003738.mp4,psa_corato,4534.97,4535.23,passaggio,train
clip_003739,train/idle/clip_003739.mp4,psa_corato,4538.1967098971645,4539.3397098971645,idle,train
clip_003740,train/passaggio/clip_003740.mp4,psa_corato,4541.18,4541.55,passaggio,train
clip_003741,train/passaggio/clip_003741.mp4,psa_corato,4542.77,4543.82,passaggio,train
clip_003742,train/passaggio/clip_003742.mp4,psa_corato,4544.36,4544.72,passaggio,train
clip_003743,train/tiroDaTre0/clip_003743.mp4,psa_corato,4545.27,4547.86,tiroDaTre0,train
clip_003744,train/passaggio/clip_003744.mp4,psa_corato,4549.59,4549.8,passaggio,train
clip_003745,train/passaggio/clip_003745.mp4,psa_corato,4554.946,4555.244,passaggio,train
clip_003746,train/passaggio/clip_003746.mp4,psa_corato,4557.83,4558.18,passaggio,train
clip_003747,train/passaggio/clip_003747.mp4,psa_corato,4559.04,4559.46,passaggio,train
clip_003748,train/tiroDaDue1/clip_003748.mp4,psa_corato,4562.63,4563.8,tiroDaDue1,train
clip_003749,train/passaggio/clip_003749.mp4,psa_corato,4565.75,4566.07,passaggio,train
clip_003750,train/passaggio/clip_003750.mp4,psa_corato,4567.73,4568.53,passaggio,train
clip_003751,train/passaggio/clip_003751.mp4,psa_corato,4569.11,4570.21,passaggio,train
clip_003752,train/passaggio/clip_003752.mp4,psa_corato,4572.23,4573.2,passaggio,train
clip_003753,train/passaggio/clip_003753.mp4,psa_corato,4574.94,4575.89,passaggio,train
clip_003754,train/passaggio/clip_003754.mp4,psa_corato,4577.8,4578.13,passaggio,train
clip_003755,train/tiroDaTre0/clip_003755.mp4,psa_corato,4578.92,4581.36,tiroDaTre0,train
clip_003756,train/passaggio/clip_003756.mp4,psa_corato,4583.3,4583.53,passaggio,train
clip_003757,train/passaggio/clip_003757.mp4,psa_corato,4588.59,4589.14,passaggio,train
clip_003758,train/passaggio/clip_003758.mp4,psa_corato,4591.28,4591.82,passaggio,train
clip_003759,train/passaggio/clip_003759.mp4,psa_corato,4594.227,4594.388,passaggio,train
clip_003760,train/idle/clip_003760.mp4,psa_corato,4595.093515969303,4595.537515969303,idle,train
clip_003761,train/passaggio/clip_003761.mp4,psa_corato,4596.23,4597.09,passaggio,train
clip_003762,train/non-gioco/clip_003762.mp4,psa_corato,4615.240891620052,4618.191548942148,non-gioco,train
clip_003763,train/non-gioco/clip_003763.mp4,psa_corato,4621.3877976173235,4622.842705458704,non-gioco,train
clip_003764,train/passaggio/clip_003764.mp4,psa_corato,4623.77,4624.73,passaggio,train
clip_003765,train/idle/clip_003765.mp4,psa_corato,4625.654012332382,4626.018012332382,idle,train
clip_003766,train/passaggio/clip_003766.mp4,psa_corato,4629.79,4630.34,passaggio,train
clip_003767,train/passaggio/clip_003767.mp4,psa_corato,4631.517,4631.679,passaggio,train
clip_003768,train/passaggio/clip_003768.mp4,psa_corato,4633.95,4634.2,passaggio,train
clip_003769,train/passaggio/clip_003769.mp4,psa_corato,4636.05,4636.57,passaggio,train
clip_003770,train/tiroDaDue0/clip_003770.mp4,psa_corato,4643.32,4645.51,tiroDaDue0,train
clip_003771,train/passaggio/clip_003771.mp4,psa_corato,4649.63,4650.11,passaggio,train
clip_003772,train/non-gioco/clip_003772.mp4,psa_corato,4666.887273807574,4668.025805932619,non-gioco,train
clip_003773,train/non-gioco/clip_003773.mp4,psa_corato,4667.669426298497,4669.051964965522,non-gioco,train
clip_003774,train/idle/clip_003774.mp4,psa_corato,4677.134617105924,4677.545617105924,idle,train
clip_003775,train/non-gioco/clip_003775.mp4,psa_corato,4682.00053542417,4684.0820811403755,non-gioco,train
clip_003776,train/passaggio/clip_003776.mp4,psa_corato,4686.31,4686.86,passaggio,train
clip_003777,train/non-gioco/clip_003777.mp4,psa_corato,4697.361513701021,4699.168165578907,non-gioco,train
clip_003778,train/non-gioco/clip_003778.mp4,psa_corato,4700.37288386049,4702.2379415663445,non-gioco,train
clip_003779,val/idle/clip_003779.mp4,seconda_parte,9.584340129553889,9.982340129553572,idle,val
clip_003780,val/passaggio/clip_003780.mp4,seconda_parte,12.54,12.87,passaggio,val
clip_003781,val/passaggio/clip_003781.mp4,seconda_parte,13.67,14.08,passaggio,val
clip_003782,val/passaggio/clip_003782.mp4,seconda_parte,14.44,14.9,passaggio,val
clip_003783,val/passaggio/clip_003783.mp4,seconda_parte,15.38,15.74,passaggio,val
clip_003784,val/passaggio/clip_003784.mp4,seconda_parte,16.85,17.23,passaggio,val
clip_003785,val/tiroDaTre0/clip_003785.mp4,seconda_parte,18.53,20.78,tiroDaTre0,val
clip_003786,val/passaggio/clip_003786.mp4,seconda_parte,22.62,22.97,passaggio,val
clip_003787,val/passaggio/clip_003787.mp4,seconda_parte,32.46,32.9,passaggio,val
clip_003788,val/passaggio/clip_003788.mp4,seconda_parte,35.1,35.75,passaggio,val
clip_003789,val/tiroDaDue1/clip_003789.mp4,seconda_parte,36.4,37.41,tiroDaDue1,val
clip_003790,val/passaggio/clip_003790.mp4,seconda_parte,38.72,39.4,passaggio,val
clip_003791,val/non-gioco/clip_003791.mp4,seconda_parte,42.764285316047236,45.141388854755085,non-gioco,val
clip_003792,val/non-gioco/clip_003792.mp4,seconda_parte,53.1163876643177,54.7429009367727,non-gioco,val
clip_003793,val/non-gioco/clip_003793.mp4,seconda_parte,55.99627474032486,59.23358953237767,non-gioco,val
clip_003794,val/tiroLibero0/clip_003794.mp4,seconda_parte,68.708,70.923,tiroLibero0,val
clip_003795,val/non-gioco/clip_003795.mp4,seconda_parte,73.25,76.2,non-gioco,val
clip_003796,val/tiroLibero1/clip_003796.mp4,seconda_parte,81.354,82.754,tiroLibero1,val
clip_003797,val/passaggio/clip_003797.mp4,seconda_parte,85.215,85.815,passaggio,val
clip_003798,val/passaggio/clip_003798.mp4,seconda_parte,88.985,89.477,passaggio,val
clip_003799,val/passaggio/clip_003799.mp4,seconda_parte,89.723,90.123,passaggio,val
clip_003800,val/passaggio/clip_003800.mp4,seconda_parte,90.923,91.354,passaggio,val
clip_003801,val/passaggio/clip_003801.mp4,seconda_parte,92.292,92.892,passaggio,val
clip_003802,val/passaggio/clip_003802.mp4,seconda_parte,95.215,95.477,passaggio,val
clip_003803,val/idle/clip_003803.mp4,seconda_parte,100.5423188782663,100.89231887826621,idle,val
clip_003804,val/idle/clip_003804.mp4,seconda_parte,101.64684549738828,102.28284549738831,idle,val
clip_003805,val/passaggio/clip_003805.mp4,seconda_parte,105.769,106.231,passaggio,val
clip_003806,val/passaggio/clip_003806.mp4,seconda_parte,108.277,108.677,passaggio,val
clip_003807,val/tiroDaDue0/clip_003807.mp4,seconda_parte,112.092,113.369,tiroDaDue0,val
clip_003808,val/tiroDaDue0/clip_003808.mp4,seconda_parte,113.431,114.769,tiroDaDue0,val
clip_003809,val/tiroDaDue1/clip_003809.mp4,seconda_parte,114.846,116.123,tiroDaDue1,val
clip_003810,val/passaggio/clip_003810.mp4,seconda_parte,130.569,131.231,passaggio,val
clip_003811,val/tiroDaDue1/clip_003811.mp4,seconda_parte,135.15,136.8,tiroDaDue1,val
clip_003812,val/non-gioco/clip_003812.mp4,seconda_parte,138.47684241093026,140.73327527278343,non-gioco,val
clip_003813,val/non-gioco/clip_003813.mp4,seconda_parte,142.37107824782498,144.12813976309718,non-gioco,val
clip_003814,val/idle/clip_003814.mp4,seconda_parte,154.40260726941275,154.70760726941276,idle,val
clip_003815,val/tiroLibero0/clip_003815.mp4,seconda_parte,155.585,157.123,tiroLibero0,val
clip_003816,val/passaggio/clip_003816.mp4,seconda_parte,158.154,158.477,passaggio,val
clip_003817,val/tiroDaDue1/clip_003817.mp4,seconda_parte,163.831,164.969,tiroDaDue1,val
clip_003818,val/idle/clip_003818.mp4,seconda_parte,170.56464546695221,171.0086454669522,idle,val
clip_003819,val/tiroDaDue0/clip_003819.mp4,seconda_parte,180.154,181.723,tiroDaDue0,val
clip_003820,val/non-gioco/clip_003820.mp4,seconda_parte,186.92263255856972,190.2766500282412,non-gioco,val
clip_003821,val/non-gioco/clip_003821.mp4,seconda_parte,200.98258538793985,203.62941757139924,non-gioco,val
clip_003822,val/non-gioco/clip_003822.mp4,seconda_parte,204.09769917175836,206.610546441413,non-gioco,val
clip_003823,val/idle/clip_003823.mp4,seconda_parte,208.33541677558054,208.6154167755805,idle,val
clip_003824,val/non-gioco/clip_003824.mp4,seconda_parte,210.51,212.38,non-gioco,val
clip_003825,val/passaggio/clip_003825.mp4,seconda_parte,212.969,213.492,passaggio,val
clip_003826,val/passaggio/clip_003826.mp4,seconda_parte,217.015,217.431,passaggio,val
clip_003827,val/passaggio/clip_003827.mp4,seconda_parte,218.262,218.908,passaggio,val
clip_003828,val/passaggio/clip_003828.mp4,seconda_parte,220.0,220.4,passaggio,val
clip_003829,val/passaggio/clip_003829.mp4,seconda_parte,222.8,223.123,passaggio,val
clip_003830,val/passaggio/clip_003830.mp4,seconda_parte,224.923,225.369,passaggio,val
clip_003831,val/tiroDaTre0/clip_003831.mp4,seconda_parte,225.93,227.21,tiroDaTre0,val
clip_003832,val/non-gioco/clip_003832.mp4,seconda_parte,233.8905005984413,236.29954568451953,non-gioco,val
clip_003833,val/passaggio/clip_003833.mp4,seconda_parte,239.28,239.84,passaggio,val
clip_003834,val/passaggio/clip_003834.mp4,seconda_parte,244.09,244.44,passaggio,val
clip_003835,val/passaggio/clip_003835.mp4,seconda_parte,244.8,245.09,passaggio,val
clip_003836,val/passaggio/clip_003836.mp4,seconda_parte,245.46,245.85,passaggio,val
clip_003837,val/passaggio/clip_003837.mp4,seconda_parte,247.89,248.38,passaggio,val
clip_003838,val/tiroDaDue0/clip_003838.mp4,seconda_parte,251.77,253.05,tiroDaDue0,val
clip_003839,val/passaggio/clip_003839.mp4,seconda_parte,259.72,260.46,passaggio,val
clip_003840,val/passaggio/clip_003840.mp4,seconda_parte,264.14,264.68,passaggio,val
clip_003841,val/tiroDaDue1/clip_003841.mp4,seconda_parte,266.67,267.87,tiroDaDue1,val
clip_003842,val/passaggio/clip_003842.mp4,seconda_parte,270.36,271.08,passaggio,val
clip_003843,val/idle/clip_003843.mp4,seconda_parte,272.0083603692986,272.6383603692987,idle,val
clip_003844,val/passaggio/clip_003844.mp4,seconda_parte,273.99,274.49,passaggio,val
clip_003845,val/passaggio/clip_003845.mp4,seconda_parte,275.64,276.0,passaggio,val
clip_003846,val/passaggio/clip_003846.mp4,seconda_parte,279.42,279.82,passaggio,val
clip_003847,val/non-gioco/clip_003847.mp4,seconda_parte,281.5027786679736,282.5737123877208,non-gioco,val
clip_003848,val/idle/clip_003848.mp4,seconda_parte,282.8441392552296,283.2541392552296,idle,val
clip_003849,val/non-gioco/clip_003849.mp4,seconda_parte,287.48809585922186,290.0917301937828,non-gioco,val
clip_003850,val/passaggio/clip_003850.mp4,seconda_parte,296.32,296.88,passaggio,val
clip_003851,val/passaggio/clip_003851.mp4,seconda_parte,297.8,298.51,passaggio,val
clip_003852,val/passaggio/clip_003852.mp4,seconda_parte,301.9,302.37,passaggio,val
clip_003853,val/passaggio/clip_003853.mp4,seconda_parte,304.08,304.41,passaggio,val
clip_003854,val/passaggio/clip_003854.mp4,seconda_parte,310.47,311.18,passaggio,val
clip_003855,val/tiroDaDue0/clip_003855.mp4,seconda_parte,315.23,316.57,tiroDaDue0,val
clip_003856,val/passaggio/clip_003856.mp4,seconda_parte,322.2,322.68,passaggio,val
clip_003857,val/passaggio/clip_003857.mp4,seconda_parte,323.94,324.32,passaggio,val
clip_003858,val/non-gioco/clip_003858.mp4,seconda_parte,334.42292066357174,336.4643876227299,non-gioco,val
clip_003859,val/non-gioco/clip_003859.mp4,seconda_parte,335.4980127823751,338.1258377260891,non-gioco,val
clip_003860,val/idle/clip_003860.mp4,seconda_parte,346.681358425414,347.0873584254139,idle,val
clip_003861,val/passaggio/clip_003861.mp4,seconda_parte,347.915,348.383,passaggio,val
clip_003862,val/idle/clip_003862.mp4,seconda_parte,353.85603577566434,354.46203577566456,idle,val
clip_003863,val/non-gioco/clip_003863.mp4,seconda_parte,355.7109729093238,357.95606805966406,non-gioco,val
clip_003864,val/idle/clip_003864.mp4,seconda_parte,370.10117626247677,370.6611762624768,idle,val
clip_003865,val/passaggio/clip_003865.mp4,seconda_parte,376.72,377.42,passaggio,val
clip_003866,val/passaggio/clip_003866.mp4,seconda_parte,377.97,378.42,passaggio,val
clip_003867,val/tiroDaTre0/clip_003867.mp4,seconda_parte,379.1,381.04,tiroDaTre0,val
clip_003868,val/passaggio/clip_003868.mp4,seconda_parte,387.63,388.59,passaggio,val
clip_003869,val/idle/clip_003869.mp4,seconda_parte,389.2704100497557,389.60341004975623,idle,val
clip_003870,val/non-gioco/clip_003870.mp4,seconda_parte,407.94123641401484,409.1236689777782,non-gioco,val
clip_003871,val/idle/clip_003871.mp4,seconda_parte,411.3207517411562,412.0517517411562,idle,val
clip_003872,val/non-gioco/clip_003872.mp4,seconda_parte,413.60799092707697,417.04642624686414,non-gioco,val
clip_003873,val/non-gioco/clip_003873.mp4,seconda_parte,427.47176251383615,430.1842396168253,non-gioco,val
clip_003874,val/non-gioco/clip_003874.mp4,seconda_parte,441.86315219891685,443.66094191492476,non-gioco,val
clip_003875,val/non-gioco/clip_003875.mp4,seconda_parte,443.2022778959584,445.3012916457594,non-gioco,val
clip_003876,val/non-gioco/clip_003876.mp4,seconda_parte,449.74095288618474,451.6673033813105,non-gioco,val
clip_003877,val/non-gioco/clip_003877.mp4,seconda_parte,453.7471950247756,455.25725255868406,non-gioco,val
clip_003878,val/non-gioco/clip_003878.mp4,seconda_parte,462.9145811221196,464.6960373702369,non-gioco,val
clip_003879,val/non-gioco/clip_003879.mp4,seconda_parte,469.7837786684276,471.9911407138662,non-gioco,val
clip_003880,val/non-gioco/clip_003880.mp4,seconda_parte,473.9050950400382,476.74059442704953,non-gioco,val
clip_003881,val/non-gioco/clip_003881.mp4,seconda_parte,482.87673948212966,484.60091862413367,non-gioco,val
clip_003882,val/idle/clip_003882.mp4,seconda_parte,486.55946395414736,488.05946395414736,idle,val
clip_003883,val/idle/clip_003883.mp4,seconda_parte,486.66183822377803,488.181838223778,idle,val
clip_003884,val/idle/clip_003884.mp4,seconda_parte,486.9412642176346,488.3812642176347,idle,val
clip_003885,val/passaggio/clip_003885.mp4,seconda_parte,496.41,496.85,passaggio,val
clip_003886,val/passaggio/clip_003886.mp4,seconda_parte,497.65,497.97,passaggio,val
clip_003887,val/idle/clip_003887.mp4,seconda_parte,503.5694226218854,504.1894226218854,idle,val
clip_003888,val/passaggio/clip_003888.mp4,seconda_parte,508.46,508.81,passaggio,val
clip_003889,val/passaggio/clip_003889.mp4,seconda_parte,509.22,509.6,passaggio,val
clip_003890,val/idle/clip_003890.mp4,seconda_parte,512.3261823240532,512.785182324053,idle,val
clip_003891,val/passaggio/clip_003891.mp4,seconda_parte,513.38,513.73,passaggio,val
clip_003892,val/tiroDaTre0/clip_003892.mp4,seconda_parte,514.32,516.36,tiroDaTre0,val
clip_003893,val/idle/clip_003893.mp4,seconda_parte,524.8403481326352,525.4003481326351,idle,val
clip_003894,val/idle/clip_003894.mp4,seconda_parte,527.3894539984177,527.6394539984177,idle,val
clip_003895,val/passaggio/clip_003895.mp4,seconda_parte,530.2,530.66,passaggio,val
clip_003896,val/passaggio/clip_003896.mp4,seconda_parte,535.55,536.2,passaggio,val
clip_003897,val/tiroDaDue0/clip_003897.mp4,seconda_parte,538.86,541.43,tiroDaDue0,val
clip_003898,val/tiroDaDue0/clip_003898.mp4,seconda_parte,542.37,543.23,tiroDaDue0,val
clip_003899,val/non-gioco/clip_003899.mp4,seconda_parte,547.3984265828445,549.06710576898,non-gioco,val
clip_003900,val/non-gioco/clip_003900.mp4,seconda_parte,548.2214067259971,549.4634358573985,non-gioco,val
clip_003901,val/tiroLibero0/clip_003901.mp4,seconda_parte,570.64,573.24,tiroLibero0,val
clip_003902,val/non-gioco/clip_003902.mp4,seconda_parte,573.375,577.8,non-gioco,val
clip_003903,val/non-gioco/clip_003903.mp4,seconda_parte,577.8,579.99,non-gioco,val
clip_003904,val/tiroLibero0/clip_003904.mp4,seconda_parte,587.65,589.92,tiroLibero0,val
clip_003905,val/idle/clip_003905.mp4,seconda_parte,593.6740409205738,594.0240409205742,idle,val
clip_003906,val/passaggio/clip_003906.mp4,seconda_parte,599.16,599.62,passaggio,val
clip_003907,val/tiroDaTre0/clip_003907.mp4,seconda_parte,605.66,607.56,tiroDaTre0,val
clip_003908,val/idle/clip_003908.mp4,seconda_parte,611.0313913234447,612.2413913234448,idle,val
clip_003909,val/tiroDaTre0/clip_003909.mp4,seconda_parte,613.24,615.5,tiroDaTre0,val
clip_003910,val/passaggio/clip_003910.mp4,seconda_parte,618.19,618.55,passaggio,val
clip_003911,val/passaggio/clip_003911.mp4,seconda_parte,623.42,623.83,passaggio,val
clip_003912,val/passaggio/clip_003912.mp4,seconda_parte,627.17,627.52,passaggio,val
clip_003913,val/passaggio/clip_003913.mp4,seconda_parte,631.17,632.05,passaggio,val
clip_003914,val/tiroDaTre1/clip_003914.mp4,seconda_parte,632.37,634.26,tiroDaTre1,val
clip_003915,val/tiroDaTre0/clip_003915.mp4,seconda_parte,643.67,645.78,tiroDaTre0,val
clip_003916,val/passaggio/clip_003916.mp4,seconda_parte,651.37,651.81,passaggio,val
clip_003917,val/tiroDaDue0/clip_003917.mp4,seconda_parte,657.475,658.775,tiroDaDue0,val
clip_003918,val/passaggio/clip_003918.mp4,seconda_parte,664.64,665.26,passaggio,val
clip_003919,val/tiroDaTre0/clip_003919.mp4,seconda_parte,666.89,669.1,tiroDaTre0,val
clip_003920,val/passaggio/clip_003920.mp4,seconda_parte,669.82,670.26,passaggio,val
clip_003921,val/passaggio/clip_003921.mp4,seconda_parte,673.81,674.39,passaggio,val
clip_003922,val/idle/clip_003922.mp4,seconda_parte,677.4546667406585,678.0706667406585,idle,val
clip_003923,val/tiroDaDue1/clip_003923.mp4,seconda_parte,679.16,681.93,tiroDaDue1,val
clip_003924,val/idle/clip_003924.mp4,seconda_parte,685.8258776619193,686.2488776619191,idle,val
clip_003925,val/idle/clip_003925.mp4,seconda_parte,686.4345641368606,686.9645641368605,idle,val
clip_003926,val/non-gioco/clip_003926.mp4,seconda_parte,690.8704361494737,692.269685304799,non-gioco,val
clip_003927,val/non-gioco/clip_003927.mp4,seconda_parte,698.0838160301792,700.0441906139332,non-gioco,val
clip_003928,val/non-gioco/clip_003928.mp4,seconda_parte,704.7983695806868,706.4190452816397,non-gioco,val
clip_003929,val/tiroLibero1/clip_003929.mp4,seconda_parte,714.8,716.49,tiroLibero1,val
clip_003930,val/non-gioco/clip_003930.mp4,seconda_parte,719.4830807857644,721.9272983804984,non-gioco,val
clip_003931,val/idle/clip_003931.mp4,seconda_parte,732.8345620034588,735.3345620034588,idle,val
clip_003932,val/non-gioco/clip_003932.mp4,seconda_parte,738.9670327784704,741.874836216317,non-gioco,val
clip_003933,val/non-gioco/clip_003933.mp4,seconda_parte,739.2821902115294,741.5690023096081,non-gioco,val
clip_003934,val/idle/clip_003934.mp4,seconda_parte,742.4129869466942,742.8029869466943,idle,val
clip_003935,val/idle/clip_003935.mp4,seconda_parte,750.8382827092466,751.2232827092466,idle,val
clip_003936,val/tiroLibero1/clip_003936.mp4,seconda_parte,752.13,755.02,tiroLibero1,val
clip_003937,val/non-gioco/clip_003937.mp4,seconda_parte,756.28,758.51,non-gioco,val
clip_003938,val/tiroLibero0/clip_003938.mp4,seconda_parte,763.3,765.87,tiroLibero0,val
clip_003939,val/tiroDaDue0/clip_003939.mp4,seconda_parte,766.11,767.23,tiroDaDue0,val
clip_003940,val/passaggio/clip_003940.mp4,seconda_parte,775.62,775.97,passaggio,val
clip_003941,val/passaggio/clip_003941.mp4,seconda_parte,780.7,781.18,passaggio,val
clip_003942,val/passaggio/clip_003942.mp4,seconda_parte,781.68,782.05,passaggio,val
clip_003943,val/passaggio/clip_003943.mp4,seconda_parte,784.35,784.92,passaggio,val
clip_003944,val/passaggio/clip_003944.mp4,seconda_parte,788.03,788.49,passaggio,val
clip_003945,val/passaggio/clip_003945.mp4,seconda_parte,789.6,790.49,passaggio,val
clip_003946,val/tiroDaDue1/clip_003946.mp4,seconda_parte,791.92,793.6,tiroDaDue1,val
clip_003947,val/non-gioco/clip_003947.mp4,seconda_parte,795.7645988085968,797.5359500137329,non-gioco,val
clip_003948,val/non-gioco/clip_003948.mp4,seconda_parte,798.1671357693862,800.049373491527,non-gioco,val
clip_003949,val/idle/clip_003949.mp4,seconda_parte,807.9063869141149,808.4363869141151,idle,val
clip_003950,val/non-gioco/clip_003950.mp4,seconda_parte,810.7280035612056,813.1537076709081,non-gioco,val
clip_003951,val/non-gioco/clip_003951.mp4,seconda_parte,812.3045030175319,815.7212195939131,non-gioco,val
clip_003952,val/idle/clip_003952.mp4,seconda_parte,819.5571399209488,819.971139920949,idle,val
clip_003953,val/non-gioco/clip_003953.mp4,seconda_parte,828.9201639609316,830.8350073422256,non-gioco,val
clip_003954,val/non-gioco/clip_003954.mp4,seconda_parte,834.7316324776505,837.3672825698745,non-gioco,val
clip_003955,val/non-gioco/clip_003955.mp4,seconda_parte,837.4014254872222,840.7645074973954,non-gioco,val
clip_003956,val/idle/clip_003956.mp4,seconda_parte,850.0023174203889,850.4353174203893,idle,val
clip_003957,val/idle/clip_003957.mp4,seconda_parte,856.1764809508213,857.6764809508213,idle,val
clip_003958,val/non-gioco/clip_003958.mp4,seconda_parte,860.147104350532,862.9658745089305,non-gioco,val
clip_003959,val/non-gioco/clip_003959.mp4,seconda_parte,867.7960528089054,870.1377796821278,non-gioco,val
clip_003960,val/non-gioco/clip_003960.mp4,seconda_parte,870.963025283597,873.2002607924098,non-gioco,val
clip_003961,val/non-gioco/clip_003961.mp4,seconda_parte,871.1143208131164,873.1916402364852,non-gioco,val
clip_003962,val/passaggio/clip_003962.mp4,seconda_parte,885.61,886.2,passaggio,val
clip_003963,val/passaggio/clip_003963.mp4,seconda_parte,891.2,891.7,passaggio,val
clip_003964,val/passaggio/clip_003964.mp4,seconda_parte,895.32,895.84,passaggio,val
clip_003965,val/passaggio/clip_003965.mp4,seconda_parte,900.54,900.77,passaggio,val
clip_003966,val/idle/clip_003966.mp4,seconda_parte,907.8170776470077,909.0590776470077,idle,val
clip_003967,val/passaggio/clip_003967.mp4,seconda_parte,911.45,912.12,passaggio,val
clip_003968,val/idle/clip_003968.mp4,seconda_parte,912.6489264953505,913.0239264953505,idle,val
clip_003969,val/idle/clip_003969.mp4,seconda_parte,913.3895567378607,913.8795567378608,idle,val
clip_003970,val/passaggio/clip_003970.mp4,seconda_parte,916.47,916.99,passaggio,val
clip_003971,val/passaggio/clip_003971.mp4,seconda_parte,917.71,918.33,passaggio,val
clip_003972,val/idle/clip_003972.mp4,seconda_parte,919.3703944694028,919.7033944694024,idle,val
clip_003973,val/non-gioco/clip_003973.mp4,seconda_parte,924.2281238645311,926.611181181084,non-gioco,val
clip_003974,val/idle/clip_003974.mp4,seconda_parte,931.7703897850007,932.0003897850003,idle,val
clip_003975,val/non-gioco/clip_003975.mp4,seconda_parte,936.0955083101668,938.3561471329748,non-gioco,val
clip_003976,val/idle/clip_003976.mp4,seconda_parte,947.6432039916202,948.0032039916201,idle,val
clip_003977,val/tiroLibero1/clip_003977.mp4,seconda_parte,948.58,950.93,tiroLibero1,val
clip_003978,val/non-gioco/clip_003978.mp4,seconda_parte,951.99,956.56,non-gioco,val
clip_003979,val/tiroLibero1/clip_003979.mp4,seconda_parte,959.64,962.92,tiroLibero1,val
clip_003980,val/passaggio/clip_003980.mp4,seconda_parte,963.84,964.3,passaggio,val
clip_003981,val/passaggio/clip_003981.mp4,seconda_parte,971.76,972.16,passaggio,val
clip_003982,val/passaggio/clip_003982.mp4,seconda_parte,975.14,975.65,passaggio,val
clip_003983,val/passaggio/clip_003983.mp4,seconda_parte,976.775,977.275,passaggio,val
clip_003984,val/passaggio/clip_003984.mp4,seconda_parte,978.77,979.34,passaggio,val
clip_003985,val/passaggio/clip_003985.mp4,seconda_parte,980.55,981.05,passaggio,val
clip_003986,val/tiroDaTre1/clip_003986.mp4,seconda_parte,981.44,983.69,tiroDaTre1,val
clip_003987,val/idle/clip_003987.mp4,seconda_parte,990.3150890181977,990.9400890181977,idle,val
clip_003988,val/passaggio/clip_003988.mp4,seconda_parte,993.27,993.68,passaggio,val
clip_003989,val/passaggio/clip_003989.mp4,seconda_parte,994.31,994.9,passaggio,val
clip_003990,val/passaggio/clip_003990.mp4,seconda_parte,997.27,997.99,passaggio,val
clip_003991,val/passaggio/clip_003991.mp4,seconda_parte,999.41,999.7,passaggio,val
clip_003992,val/passaggio/clip_003992.mp4,seconda_parte,1001.95,1002.33,passaggio,val
clip_003993,val/passaggio/clip_003993.mp4,seconda_parte,1013.64,1014.0,passaggio,val
clip_003994,val/passaggio/clip_003994.mp4,seconda_parte,1015.58,1016.17,passaggio,val
clip_003995,val/passaggio/clip_003995.mp4,seconda_parte,1033.27,1033.9,passaggio,val
clip_003996,val/idle/clip_003996.mp4,seconda_parte,1035.230588598175,1035.700588598175,idle,val
clip_003997,val/idle/clip_003997.mp4,seconda_parte,1036.1741227648592,1036.579122764859,idle,val
clip_003998,val/passaggio/clip_003998.mp4,seconda_parte,1037.38,1037.82,passaggio,val
clip_003999,val/passaggio/clip_003999.mp4,seconda_parte,1039.17,1040.26,passaggio,val
clip_004000,val/idle/clip_004000.mp4,seconda_parte,1043.0663988027845,1043.5773988027845,idle,val
clip_004001,val/passaggio/clip_004001.mp4,seconda_parte,1044.58,1045.29,passaggio,val
clip_004002,val/idle/clip_004002.mp4,seconda_parte,1046.5897875109201,1046.8837875109202,idle,val
clip_004003,val/passaggio/clip_004003.mp4,seconda_parte,1051.03,1051.52,passaggio,val
clip_004004,val/idle/clip_004004.mp4,seconda_parte,1055.980664211164,1056.3106642111638,idle,val
clip_004005,val/non-gioco/clip_004005.mp4,seconda_parte,1059.9998697202218,1062.2500644791485,non-gioco,val
clip_004006,val/non-gioco/clip_004006.mp4,seconda_parte,1069.3975434949873,1072.0985400952845,non-gioco,val
clip_004007,val/idle/clip_004007.mp4,seconda_parte,1091.7822737739846,1092.382273773985,idle,val
clip_004008,val/non-gioco/clip_004008.mp4,seconda_parte,1092.4700241617898,1095.3183225632238,non-gioco,val
clip_004009,val/non-gioco/clip_004009.mp4,seconda_parte,1097.2979128461432,1098.6405037800619,non-gioco,val
clip_004010,val/non-gioco/clip_004010.mp4,seconda_parte,1097.5229041535492,1100.5101472245017,non-gioco,val
clip_004011,val/non-gioco/clip_004011.mp4,seconda_parte,1104.3533276519681,1107.7910346905026,non-gioco,val
clip_004012,val/non-gioco/clip_004012.mp4,seconda_parte,1112.9623005670046,1115.1466609429926,non-gioco,val
clip_004013,val/non-gioco/clip_004013.mp4,seconda_parte,1120.0184685451081,1121.5161132489893,non-gioco,val
clip_004014,val/non-gioco/clip_004014.mp4,seconda_parte,1120.319204739833,1122.8348560458423,non-gioco,val
clip_004015,val/non-gioco/clip_004015.mp4,seconda_parte,1133.263905302262,1135.0838199213533,non-gioco,val
clip_004016,val/idle/clip_004016.mp4,seconda_parte,1143.3259048459745,1143.7959048459745,idle,val
clip_004017,val/non-gioco/clip_004017.mp4,seconda_parte,1145.2439193005205,1147.57476887521,non-gioco,val
clip_004018,val/non-gioco/clip_004018.mp4,seconda_parte,1150.416169826348,1153.7635412437364,non-gioco,val
clip_004019,val/non-gioco/clip_004019.mp4,seconda_parte,1159.4682077673745,1161.217684179218,non-gioco,val
clip_004020,val/non-gioco/clip_004020.mp4,seconda_parte,1161.0111331315786,1162.8520667619578,non-gioco,val
clip_004021,val/idle/clip_004021.mp4,seconda_parte,1174.7487302327906,1176.7507302327901,idle,val
clip_004022,val/non-gioco/clip_004022.mp4,seconda_parte,1181.8920274055622,1183.5913290996223,non-gioco,val
clip_004023,val/non-gioco/clip_004023.mp4,seconda_parte,1182.379245418796,1183.7855005334884,non-gioco,val
clip_004024,val/idle/clip_004024.mp4,seconda_parte,1183.8400741347405,1184.5020741347405,idle,val
clip_004025,val/idle/clip_004025.mp4,seconda_parte,1189.6425172446404,1189.9925172446406,idle,val
clip_004026,val/passaggio/clip_004026.mp4,seconda_parte,1191.43,1191.82,passaggio,val
clip_004027,val/passaggio/clip_004027.mp4,seconda_parte,1193.08,1193.87,passaggio,val
clip_004028,val/passaggio/clip_004028.mp4,seconda_parte,1196.25,1196.62,passaggio,val
clip_004029,val/passaggio/clip_004029.mp4,seconda_parte,1197.1,1197.52,passaggio,val
clip_004030,val/passaggio/clip_004030.mp4,seconda_parte,1198.47,1198.89,passaggio,val
clip_004031,val/passaggio/clip_004031.mp4,seconda_parte,1200.89,1201.15,passaggio,val
clip_004032,val/idle/clip_004032.mp4,seconda_parte,1205.3633329881832,1205.6803329881832,idle,val
clip_004033,val/idle/clip_004033.mp4,seconda_parte,1206.3825527135887,1206.6525527135886,idle,val
clip_004034,val/passaggio/clip_004034.mp4,seconda_parte,1213.29,1213.82,passaggio,val
clip_004035,val/passaggio/clip_004035.mp4,seconda_parte,1218.61,1219.08,passaggio,val
clip_004036,val/idle/clip_004036.mp4,seconda_parte,1219.7730561064548,1221.4730561064546,idle,val
clip_004037,val/non-gioco/clip_004037.mp4,seconda_parte,1227.2087596078256,1230.6585046857736,non-gioco,val
clip_004038,val/non-gioco/clip_004038.mp4,seconda_parte,1229.3246880733464,1231.2455825980107,non-gioco,val
clip_004039,val/idle/clip_004039.mp4,seconda_parte,1231.7559156803286,1232.4359156803284,idle,val
clip_004040,val/passaggio/clip_004040.mp4,seconda_parte,1239.98,1240.37,passaggio,val
clip_004041,val/passaggio/clip_004041.mp4,seconda_parte,1241.62,1242.01,passaggio,val
clip_004042,val/passaggio/clip_004042.mp4,seconda_parte,1243.57,1243.74,passaggio,val
clip_004043,val/passaggio/clip_004043.mp4,seconda_parte,1245.24,1245.68,passaggio,val
clip_004044,val/passaggio/clip_004044.mp4,seconda_parte,1247.48,1247.79,passaggio,val
clip_004045,val/passaggio/clip_004045.mp4,seconda_parte,1258.01,1258.53,passaggio,val
clip_004046,val/idle/clip_004046.mp4,seconda_parte,1263.7606716762139,1264.3406716762138,idle,val
clip_004047,val/idle/clip_004047.mp4,seconda_parte,1263.8690424144286,1265.0690424144286,idle,val
clip_004048,val/idle/clip_004048.mp4,seconda_parte,1264.9776323450637,1265.2546323450638,idle,val
clip_004049,val/passaggio/clip_004049.mp4,seconda_parte,1266.3,1266.63,passaggio,val
clip_004050,val/passaggio/clip_004050.mp4,seconda_parte,1269.17,1269.72,passaggio,val
clip_004051,val/non-gioco/clip_004051.mp4,seconda_parte,1273.1273560300067,1275.8474651580136,non-gioco,val
clip_004052,val/non-gioco/clip_004052.mp4,seconda_parte,1288.7237475752968,1291.7156346101222,non-gioco,val
clip_004053,val/non-gioco/clip_004053.mp4,seconda_parte,1294.901588962556,1297.0880644977685,non-gioco,val
clip_004054,val/non-gioco/clip_004054.mp4,seconda_parte,1297.85,1300.45,non-gioco,val
clip_004055,val/passaggio/clip_004055.mp4,seconda_parte,1304.33,1304.74,passaggio,val
clip_004056,val/idle/clip_004056.mp4,seconda_parte,1306.0207761114355,1306.6137761114362,idle,val
clip_004057,val/passaggio/clip_004057.mp4,seconda_parte,1308.64,1308.99,passaggio,val
clip_004058,val/tiroDaDue1/clip_004058.mp4,seconda_parte,1309.67,1310.67,tiroDaDue1,val
clip_004059,val/passaggio/clip_004059.mp4,seconda_parte,1323.51,1323.75,passaggio,val
clip_004060,val/passaggio/clip_004060.mp4,seconda_parte,1325.55,1325.82,passaggio,val
clip_004061,val/tiroDaDue0/clip_004061.mp4,seconda_parte,1326.54,1328.98,tiroDaDue0,val
clip_004062,val/passaggio/clip_004062.mp4,seconda_parte,1331.84,1332.85,passaggio,val
clip_004063,val/passaggio/clip_004063.mp4,seconda_parte,1337.64,1338.16,passaggio,val
clip_004064,val/passaggio/clip_004064.mp4,seconda_parte,1339.99,1340.37,passaggio,val
clip_004065,val/passaggio/clip_004065.mp4,seconda_parte,1343.55,1344.07,passaggio,val
clip_004066,val/tiroDaTre1/clip_004066.mp4,seconda_parte,1348.95,1350.67,tiroDaTre1,val
clip_004067,val/passaggio/clip_004067.mp4,seconda_parte,1352.44,1352.67,passaggio,val
clip_004068,val/tiroDaDue0/clip_004068.mp4,seconda_parte,1366.44,1367.92,tiroDaDue0,val
clip_004069,val/tiroDaDue0/clip_004069.mp4,seconda_parte,1369.97,1371.33,tiroDaDue0,val
clip_004070,val/non-gioco/clip_004070.mp4,seconda_parte,1382.3630668595795,1384.8071528492399,non-gioco,val
clip_004071,val/non-gioco/clip_004071.mp4,seconda_parte,1382.6925965721487,1385.6498565507272,non-gioco,val
clip_004072,val/idle/clip_004072.mp4,seconda_parte,1386.036965252931,1387.536965252931,idle,val
clip_004073,val/non-gioco/clip_004073.mp4,seconda_parte,1388.51,1390.56,non-gioco,val
clip_004074,val/passaggio/clip_004074.mp4,seconda_parte,1391.07,1391.56,passaggio,val
clip_004075,val/passaggio/clip_004075.mp4,seconda_parte,1391.81,1392.71,passaggio,val
clip_004076,val/passaggio/clip_004076.mp4,seconda_parte,1396.96,1397.33,passaggio,val
clip_004077,val/passaggio/clip_004077.mp4,seconda_parte,1399.2,1399.61,passaggio,val
clip_004078,val/passaggio/clip_004078.mp4,seconda_parte,1400.69,1400.91,passaggio,val
clip_004079,val/passaggio/clip_004079.mp4,seconda_parte,1403.38,1403.71,passaggio,val
clip_004080,val/passaggio/clip_004080.mp4,seconda_parte,1409.69,1410.17,passaggio,val
clip_004081,val/non-gioco/clip_004081.mp4,seconda_parte,1414.4033935776733,1416.8622017702924,non-gioco,val
clip_004082,val/non-gioco/clip_004082.mp4,seconda_parte,1419.2816305123717,1421.854193615235,non-gioco,val
clip_004083,val/idle/clip_004083.mp4,seconda_parte,1428.3225105300774,1429.7895105300772,idle,val
clip_004084,val/idle/clip_004084.mp4,seconda_parte,1430.6246469220168,1430.9706469220168,idle,val
clip_004085,val/passaggio/clip_004085.mp4,seconda_parte,1433.27,1433.84,passaggio,val
clip_004086,val/idle/clip_004086.mp4,seconda_parte,1436.230192720905,1436.6151927209048,idle,val
clip_004087,val/idle/clip_004087.mp4,seconda_parte,1436.2741831215403,1437.5341831215405,idle,val
clip_004088,val/non-gioco/clip_004088.mp4,seconda_parte,1442.1732238875206,1444.8750411251474,non-gioco,val
clip_004089,val/non-gioco/clip_004089.mp4,seconda_parte,1444.0398408999645,1447.14275871236,non-gioco,val
clip_004090,val/idle/clip_004090.mp4,seconda_parte,1448.054351897128,1448.654351897128,idle,val
clip_004091,val/passaggio/clip_004091.mp4,seconda_parte,1467.35,1467.62,passaggio,val
clip_004092,val/passaggio/clip_004092.mp4,seconda_parte,1469.44,1469.94,passaggio,val
clip_004093,val/passaggio/clip_004093.mp4,seconda_parte,1471.18,1471.44,passaggio,val
clip_004094,val/passaggio/clip_004094.mp4,seconda_parte,1473.82,1474.41,passaggio,val
clip_004095,val/non-gioco/clip_004095.mp4,seconda_parte,1477.5372107858273,1480.376803963999,non-gioco,val
clip_004096,val/non-gioco/clip_004096.mp4,seconda_parte,1479.7243717914143,1483.0948847183752,non-gioco,val
clip_004097,val/idle/clip_004097.mp4,seconda_parte,1485.8755584291043,1486.4565584291042,idle,val
clip_004098,val/non-gioco/clip_004098.mp4,seconda_parte,1489.956080414239,1491.0034238330056,non-gioco,val
clip_004099,val/non-gioco/clip_004099.mp4,seconda_parte,1508.173104476901,1509.5516826221995,non-gioco,val
clip_004100,val/non-gioco/clip_004100.mp4,seconda_parte,1511.7785649747661,1513.804508498073,non-gioco,val
clip_004101,val/non-gioco/clip_004101.mp4,seconda_parte,1515.359450270466,1518.660752645209,non-gioco,val
clip_004102,val/passaggio/clip_004102.mp4,seconda_parte,1528.35,1528.78,passaggio,val
clip_004103,val/non-gioco/clip_004103.mp4,seconda_parte,1536.0348790770095,1537.3800852914726,non-gioco,val
clip_004104,val/non-gioco/clip_004104.mp4,seconda_parte,1542.164147313529,1543.976771149594,non-gioco,val
clip_004105,val/non-gioco/clip_004105.mp4,seconda_parte,1548.6,1550.08,non-gioco,val
clip_004106,val/passaggio/clip_004106.mp4,seconda_parte,1550.31,1550.65,passaggio,val
clip_004107,val/passaggio/clip_004107.mp4,seconda_parte,1556.44,1556.8,passaggio,val
clip_004108,val/idle/clip_004108.mp4,seconda_parte,1558.8702303250307,1559.3002303250305,idle,val
clip_004109,val/non-gioco/clip_004109.mp4,seconda_parte,1561.815672794537,1564.129365673037,non-gioco,val
clip_004110,val/non-gioco/clip_004110.mp4,seconda_parte,1570.78,1572.39,non-gioco,val
clip_004111,val/passaggio/clip_004111.mp4,seconda_parte,1572.72,1573.27,passaggio,val
clip_004112,val/passaggio/clip_004112.mp4,seconda_parte,1577.15,1577.64,passaggio,val
clip_004113,val/passaggio/clip_004113.mp4,seconda_parte,1579.0,1579.34,passaggio,val
clip_004114,val/passaggio/clip_004114.mp4,seconda_parte,1580.91,1581.48,passaggio,val
clip_004115,val/passaggio/clip_004115.mp4,seconda_parte,1584.26,1584.58,passaggio,val
clip_004116,val/passaggio/clip_004116.mp4,seconda_parte,1586.43,1587.09,passaggio,val
clip_004117,val/passaggio/clip_004117.mp4,seconda_parte,1588.07,1588.64,passaggio,val
clip_004118,val/non-gioco/clip_004118.mp4,seconda_parte,1598.785742245562,1600.6415597897667,non-gioco,val
clip_004119,val/non-gioco/clip_004119.mp4,seconda_parte,1607.1861616559338,1610.1161361163056,non-gioco,val
clip_004120,val/non-gioco/clip_004120.mp4,seconda_parte,1613.1308636020942,1614.5638196617376,non-gioco,val
clip_004121,val/non-gioco/clip_004121.mp4,seconda_parte,1616.8,1617.78,non-gioco,val
clip_004122,val/passaggio/clip_004122.mp4,seconda_parte,1618.02,1618.79,passaggio,val
clip_004123,val/passaggio/clip_004123.mp4,seconda_parte,1619.14,1619.44,passaggio,val
clip_004124,val/passaggio/clip_004124.mp4,seconda_parte,1624.19,1624.59,passaggio,val
clip_004125,val/non-gioco/clip_004125.mp4,seconda_parte,1629.385944555937,1631.9111360061338,non-gioco,val
clip_004126,val/idle/clip_004126.mp4,seconda_parte,1634.290173910534,1634.606173910534,idle,val
clip_004127,val/non-gioco/clip_004127.mp4,seconda_parte,1635.7416762624448,1638.3499490124434,non-gioco,val
clip_004128,val/passaggio/clip_004128.mp4,seconda_parte,1647.97,1648.45,passaggio,val
clip_004129,val/passaggio/clip_004129.mp4,seconda_parte,1648.97,1649.45,passaggio,val
clip_004130,val/passaggio/clip_004130.mp4,seconda_parte,1650.11,1650.48,passaggio,val
clip_004131,val/passaggio/clip_004131.mp4,seconda_parte,1653.3,1654.01,passaggio,val
clip_004132,val/non-gioco/clip_004132.mp4,seconda_parte,1670.0216572010283,1671.6379550398467,non-gioco,val
clip_004133,val/non-gioco/clip_004133.mp4,seconda_parte,1675.1076716741347,1676.6698392691167,non-gioco,val
clip_004134,val/non-gioco/clip_004134.mp4,seconda_parte,1677.0,1679.17,non-gioco,val
clip_004135,val/passaggio/clip_004135.mp4,seconda_parte,1682.45,1683.36,passaggio,val
clip_004136,val/passaggio/clip_004136.mp4,seconda_parte,1689.07,1689.49,passaggio,val
clip_004137,val/idle/clip_004137.mp4,seconda_parte,1690.7187984274344,1691.2187984274344,idle,val
clip_004138,val/non-gioco/clip_004138.mp4,seconda_parte,1693.6618426680438,1695.4058790812362,non-gioco,val
clip_004139,val/non-gioco/clip_004139.mp4,seconda_parte,1698.2641698378384,1699.7823643249749,non-gioco,val
clip_004140,val/passaggio/clip_004140.mp4,seconda_parte,1708.73,1708.98,passaggio,val
clip_004141,val/passaggio/clip_004141.mp4,seconda_parte,1711.37,1711.85,passaggio,val
clip_004142,val/passaggio/clip_004142.mp4,seconda_parte,1716.79,1717.3,passaggio,val
clip_004143,val/tiroDaTre0/clip_004143.mp4,seconda_parte,1722.08,1724.33,tiroDaTre0,val
clip_004144,val/non-gioco/clip_004144.mp4,seconda_parte,1727.5751730202728,1729.3677748828188,non-gioco,val
clip_004145,val/idle/clip_004145.mp4,seconda_parte,1733.7336418893058,1734.2036418893058,idle,val
clip_004146,val/non-gioco/clip_004146.mp4,seconda_parte,1737.3520696274882,1739.0357134693768,non-gioco,val
clip_004147,val/non-gioco/clip_004147.mp4,seconda_parte,1746.88797563515,1750.222226572077,non-gioco,val
clip_004148,val/non-gioco/clip_004148.mp4,seconda_parte,1761.565537118642,1763.2916687486243,non-gioco,val
clip_004149,val/non-gioco/clip_004149.mp4,seconda_parte,1763.88298842794,1766.5745440423964,non-gioco,val
clip_004150,val/non-gioco/clip_004150.mp4,seconda_parte,1775.3016876018223,1778.6882097603009,non-gioco,val
clip_004151,val/non-gioco/clip_004151.mp4,seconda_parte,1775.627765281068,1779.0781666243713,non-gioco,val
clip_004152,val/idle/clip_004152.mp4,seconda_parte,1781.654447822842,1782.000447822842,idle,val
clip_004153,val/idle/clip_004153.mp4,seconda_parte,1784.5860373717019,1785.046037371702,idle,val
clip_004154,val/passaggio/clip_004154.mp4,seconda_parte,1795.125,1795.587,passaggio,val
clip_004155,val/passaggio/clip_004155.mp4,seconda_parte,1799.413,1799.846,passaggio,val
clip_004156,val/tiroDaDue0/clip_004156.mp4,seconda_parte,1800.894,1802.865,tiroDaDue0,val
clip_004157,val/passaggio/clip_004157.mp4,seconda_parte,1804.788,1805.817,passaggio,val
clip_004158,val/passaggio/clip_004158.mp4,seconda_parte,1808.135,1808.587,passaggio,val
clip_004159,val/tiroDaDue0/clip_004159.mp4,seconda_parte,1809.077,1810.24,tiroDaDue0,val
clip_004160,val/non-gioco/clip_004160.mp4,seconda_parte,1818.9779171478694,1821.1756153054107,non-gioco,val
clip_004161,val/non-gioco/clip_004161.mp4,seconda_parte,1820.3544471583957,1822.4603874380578,non-gioco,val
clip_004162,val/non-gioco/clip_004162.mp4,seconda_parte,1822.364779232867,1825.150132451613,non-gioco,val
clip_004163,val/non-gioco/clip_004163.mp4,seconda_parte,1841.03,1843.63,non-gioco,val
clip_004164,val/tiroLibero1/clip_004164.mp4,seconda_parte,1850.481,1851.981,tiroLibero1,val
clip_004165,val/non-gioco/clip_004165.mp4,seconda_parte,1851.975,1855.71,non-gioco,val
clip_004166,val/non-gioco/clip_004166.mp4,seconda_parte,1855.71,1859.38,non-gioco,val
clip_004167,val/tiroLibero1/clip_004167.mp4,seconda_parte,1867.663,1869.067,tiroLibero1,val
clip_004168,val/non-gioco/clip_004168.mp4,seconda_parte,1876.0533871536638,1878.3998319629354,non-gioco,val
clip_004169,val/non-gioco/clip_004169.mp4,seconda_parte,1878.89,1881.52,non-gioco,val
clip_004170,val/passaggio/clip_004170.mp4,seconda_parte,1883.077,1883.394,passaggio,val
clip_004171,val/passaggio/clip_004171.mp4,seconda_parte,1886.923,1887.529,passaggio,val
clip_004172,val/tiroDaDue1/clip_004172.mp4,seconda_parte,1890.135,1892.154,tiroDaDue1,val
clip_004173,val/passaggio/clip_004173.mp4,seconda_parte,1894.586,1895.0,passaggio,val
clip_004174,val/idle/clip_004174.mp4,seconda_parte,1896.510113618893,1897.010113618893,idle,val
clip_004175,val/idle/clip_004175.mp4,seconda_parte,1897.430886748958,1897.7488867489578,idle,val
clip_004176,val/idle/clip_004176.mp4,seconda_parte,1899.652843588571,1900.5198435885711,idle,val
clip_004177,val/passaggio/clip_004177.mp4,seconda_parte,1901.385,1901.904,passaggio,val
clip_004178,val/passaggio/clip_004178.mp4,seconda_parte,1905.125,1905.336,passaggio,val
clip_004179,val/tiroDaDue1/clip_004179.mp4,seconda_parte,1919.942,1921.0,tiroDaDue1,val
clip_004180,val/passaggio/clip_004180.mp4,seconda_parte,1922.423,1922.663,passaggio,val
clip_004181,val/passaggio/clip_004181.mp4,seconda_parte,1928.298,1928.644,passaggio,val
clip_004182,val/passaggio/clip_004182.mp4,seconda_parte,1931.904,1932.288,passaggio,val
clip_004183,val/tiroDaDue0/clip_004183.mp4,seconda_parte,1934.221,1935.808,tiroDaDue0,val
clip_004184,val/passaggio/clip_004184.mp4,seconda_parte,1940.981,1941.423,passaggio,val
clip_004185,val/passaggio/clip_004185.mp4,seconda_parte,1945.135,1945.731,passaggio,val
clip_004186,val/passaggio/clip_004186.mp4,seconda_parte,1948.654,1949.019,passaggio,val
clip_004187,val/tiroDaTre0/clip_004187.mp4,seconda_parte,1950.211,1951.83,tiroDaTre0,val
clip_004188,val/passaggio/clip_004188.mp4,seconda_parte,1953.913,1954.317,passaggio,val
clip_004189,val/idle/clip_004189.mp4,seconda_parte,1956.6487949585273,1957.0657949585268,idle,val
clip_004190,val/non-gioco/clip_004190.mp4,seconda_parte,1959.2261569769462,1961.9665852285632,non-gioco,val
clip_004191,val/non-gioco/clip_004191.mp4,seconda_parte,1972.529578437935,1975.0687710239713,non-gioco,val
clip_004192,val/non-gioco/clip_004192.mp4,seconda_parte,1974.1740003042316,1976.5016040285636,non-gioco,val
clip_004193,val/non-gioco/clip_004193.mp4,seconda_parte,1975.6057247162573,1977.211869812283,non-gioco,val
clip_004194,val/non-gioco/clip_004194.mp4,seconda_parte,1987.27,1989.49,non-gioco,val
clip_004195,val/passaggio/clip_004195.mp4,seconda_parte,1992.192,1992.769,passaggio,val
clip_004196,val/idle/clip_004196.mp4,seconda_parte,1994.1237889048978,1995.6637889048977,idle,val
clip_004197,val/passaggio/clip_004197.mp4,seconda_parte,1996.644,1996.99,passaggio,val
clip_004198,val/tiroDaDue0/clip_004198.mp4,seconda_parte,1999.663,2001.01,tiroDaDue0,val
clip_004199,val/passaggio/clip_004199.mp4,seconda_parte,2001.961,2002.49,passaggio,val
clip_004200,val/tiroDaDue0/clip_004200.mp4,seconda_parte,2005.317,2006.279,tiroDaDue0,val
clip_004201,val/passaggio/clip_004201.mp4,seconda_parte,2008.913,2009.288,passaggio,val
clip_004202,val/idle/clip_004202.mp4,seconda_parte,2014.4709466904494,2014.9009466904492,idle,val
clip_004203,val/passaggio/clip_004203.mp4,seconda_parte,2017.711,2017.904,passaggio,val
clip_004204,val/idle/clip_004204.mp4,seconda_parte,2018.7468483826685,2019.2368483826685,idle,val
clip_004205,val/idle/clip_004205.mp4,seconda_parte,2019.0457745713225,2019.3637745713227,idle,val
clip_004206,val/non-gioco/clip_004206.mp4,seconda_parte,2022.3129580096652,2023.4441857767638,non-gioco,val
clip_004207,val/non-gioco/clip_004207.mp4,seconda_parte,2028.36,2030.73,non-gioco,val
clip_004208,val/tiroLibero0/clip_004208.mp4,seconda_parte,2033.875,2035.971,tiroLibero0,val
clip_004209,val/non-gioco/clip_004209.mp4,seconda_parte,2036.275,2040.69,non-gioco,val
clip_004210,val/non-gioco/clip_004210.mp4,seconda_parte,2040.69,2042.27,non-gioco,val
clip_004211,val/tiroLibero1/clip_004211.mp4,seconda_parte,2046.336,2049.192,tiroLibero1,val
clip_004212,val/non-gioco/clip_004212.mp4,seconda_parte,2050.2780546053336,2053.0714497459594,non-gioco,val
clip_004213,val/passaggio/clip_004213.mp4,seconda_parte,2064.779,2065.731,passaggio,val
clip_004214,val/passaggio/clip_004214.mp4,seconda_parte,2068.577,2068.865,passaggio,val
clip_004215,val/passaggio/clip_004215.mp4,seconda_parte,2072.731,2073.163,passaggio,val
clip_004216,val/passaggio/clip_004216.mp4,seconda_parte,2075.135,2075.49,passaggio,val
clip_004217,val/passaggio/clip_004217.mp4,seconda_parte,2076.769,2077.298,passaggio,val
clip_004218,val/passaggio/clip_004218.mp4,seconda_parte,2079.913,2080.529,passaggio,val
clip_004219,val/passaggio/clip_004219.mp4,seconda_parte,2082.279,2082.625,passaggio,val
clip_004220,val/tiroDaDue0/clip_004220.mp4,seconda_parte,2084.356,2086.0,tiroDaDue0,val
clip_004221,val/tiroDaDue0/clip_004221.mp4,seconda_parte,2087.221,2088.375,tiroDaDue0,val
clip_004222,val/non-gioco/clip_004222.mp4,seconda_parte,2089.5330332915687,2092.4599484368146,non-gioco,val
clip_004223,val/non-gioco/clip_004223.mp4,seconda_parte,2099.7990136792105,2103.0688560760495,non-gioco,val
clip_004224,val/idle/clip_004224.mp4,seconda_parte,2103.1999080591627,2103.7499080591624,idle,val
clip_004225,val/non-gioco/clip_004225.mp4,seconda_parte,2110.2258527449703,2113.5089270591448,non-gioco,val
clip_004226,val/non-gioco/clip_004226.mp4,seconda_parte,2110.3276568466595,2113.5332692795714,non-gioco,val
clip_004227,val/idle/clip_004227.mp4,seconda_parte,2122.540287414211,2122.744287414211,idle,val
clip_004228,val/idle/clip_004228.mp4,seconda_parte,2133.4302450682007,2134.1862450682006,idle,val
clip_004229,val/idle/clip_004229.mp4,seconda_parte,2140.866645062761,2141.856645062761,idle,val
clip_004230,val/non-gioco/clip_004230.mp4,seconda_parte,2147.102884887596,2150.2988839413815,non-gioco,val
clip_004231,val/non-gioco/clip_004231.mp4,seconda_parte,2149.8854798590764,2151.8779662947722,non-gioco,val
clip_004232,val/non-gioco/clip_004232.mp4,seconda_parte,2154.5442756345155,2156.979609017454,non-gioco,val
clip_004233,val/idle/clip_004233.mp4,seconda_parte,2159.774281270235,2161.604281270235,idle,val
clip_004234,val/non-gioco/clip_004234.mp4,seconda_parte,2168.5373277349513,2170.3402469902494,non-gioco,val
clip_004235,val/idle/clip_004235.mp4,seconda_parte,2183.6368580740746,2184.0698580740745,idle,val
clip_004236,val/idle/clip_004236.mp4,seconda_parte,2185.753799224096,2186.253799224096,idle,val
clip_004237,val/non-gioco/clip_004237.mp4,seconda_parte,2195.6740796927356,2198.989178937477,non-gioco,val
clip_004238,val/non-gioco/clip_004238.mp4,seconda_parte,2202.922939326978,2205.298820741427,non-gioco,val
clip_004239,val/non-gioco/clip_004239.mp4,seconda_parte,2203.4473645591374,2206.2551587547437,non-gioco,val
clip_004240,val/non-gioco/clip_004240.mp4,seconda_parte,2203.9863046148967,2206.0035732437636,non-gioco,val
clip_004241,val/non-gioco/clip_004241.mp4,seconda_parte,2206.047652607815,2209.3891744697594,non-gioco,val
clip_004242,val/non-gioco/clip_004242.mp4,seconda_parte,2208.041086191058,2209.539726127727,non-gioco,val
clip_004243,val/non-gioco/clip_004243.mp4,seconda_parte,2210.3564360044934,2213.6555230341205,non-gioco,val
clip_004244,val/passaggio/clip_004244.mp4,seconda_parte,2217.356,2217.702,passaggio,val
clip_004245,val/passaggio/clip_004245.mp4,seconda_parte,2218.548,2218.827,passaggio,val
clip_004246,val/passaggio/clip_004246.mp4,seconda_parte,2219.827,2220.288,passaggio,val
clip_004247,val/passaggio/clip_004247.mp4,seconda_parte,2225.471,2225.962,passaggio,val
clip_004248,val/tiroDaDue0/clip_004248.mp4,seconda_parte,2226.625,2228.375,tiroDaDue0,val
clip_004249,val/non-gioco/clip_004249.mp4,seconda_parte,2236.5592545101745,2237.5824224313747,non-gioco,val
clip_004250,val/non-gioco/clip_004250.mp4,seconda_parte,2242.2623575205607,2243.530609247495,non-gioco,val
clip_004251,val/non-gioco/clip_004251.mp4,seconda_parte,2243.77,2247.17,non-gioco,val
clip_004252,val/idle/clip_004252.mp4,seconda_parte,2253.6600072516953,2254.590007251695,idle,val
clip_004253,val/tiroLibero1/clip_004253.mp4,seconda_parte,2256.635,2258.5,tiroLibero1,val
clip_004254,val/non-gioco/clip_004254.mp4,seconda_parte,2267.182278977998,2268.893683108873,non-gioco,val
clip_004255,val/non-gioco/clip_004255.mp4,seconda_parte,2268.98,2271.35,non-gioco,val
clip_004256,val/tiroLibero1/clip_004256.mp4,seconda_parte,2275.577,2278.048,tiroLibero1,val
clip_004257,val/tiroDaDue1/clip_004257.mp4,seconda_parte,2292.135,2294.269,tiroDaDue1,val
clip_004258,val/passaggio/clip_004258.mp4,seconda_parte,2296.077,2296.327,passaggio,val
clip_004259,val/passaggio/clip_004259.mp4,seconda_parte,2301.327,2301.644,passaggio,val
clip_004260,val/passaggio/clip_004260.mp4,seconda_parte,2302.404,2302.625,passaggio,val
clip_004261,val/passaggio/clip_004261.mp4,seconda_parte,2303.654,2304.048,passaggio,val
clip_004262,val/passaggio/clip_004262.mp4,seconda_parte,2305.875,2306.346,passaggio,val
clip_004263,val/passaggio/clip_004263.mp4,seconda_parte,2310.404,2310.731,passaggio,val
clip_004264,val/passaggio/clip_004264.mp4,seconda_parte,2314.692,2315.558,passaggio,val
clip_004265,val/passaggio/clip_004265.mp4,seconda_parte,2316.875,2317.269,passaggio,val
clip_004266,val/passaggio/clip_004266.mp4,seconda_parte,2319.337,2319.788,passaggio,val
clip_004267,val/tiroDaTre0/clip_004267.mp4,seconda_parte,2320.135,2322.375,tiroDaTre0,val
clip_004268,val/non-gioco/clip_004268.mp4,seconda_parte,2338.0234840209355,2339.485437023554,non-gioco,val
clip_004269,val/non-gioco/clip_004269.mp4,seconda_parte,2340.3830002477266,2341.664617150277,non-gioco,val
clip_004270,val/non-gioco/clip_004270.mp4,seconda_parte,2341.4869328575046,2344.3801397331486,non-gioco,val
clip_004271,val/non-gioco/clip_004271.mp4,seconda_parte,2343.445579698151,2345.6156316206666,non-gioco,val
clip_004272,val/non-gioco/clip_004272.mp4,seconda_parte,2349.377964471865,2351.1869686470777,non-gioco,val
clip_004273,val/non-gioco/clip_004273.mp4,seconda_parte,2350.2693224994828,2352.416608677064,non-gioco,val
clip_004274,val/idle/clip_004274.mp4,seconda_parte,2359.8235501284666,2361.293550128467,idle,val
clip_004275,val/non-gioco/clip_004275.mp4,seconda_parte,2375.2030762135414,2377.561327422434,non-gioco,val
clip_004276,val/non-gioco/clip_004276.mp4,seconda_parte,2377.0939368204467,2380.1614113836376,non-gioco,val
clip_004277,val/non-gioco/clip_004277.mp4,seconda_parte,2382.6517441600236,2385.6286633210866,non-gioco,val
clip_004278,val/idle/clip_004278.mp4,seconda_parte,2393.152681231734,2394.133681231734,idle,val
clip_004279,val/non-gioco/clip_004279.mp4,seconda_parte,2394.481789121738,2395.698633546359,non-gioco,val
clip_004280,val/non-gioco/clip_004280.mp4,seconda_parte,2401.4883900067875,2402.9538876796078,non-gioco,val
clip_004281,val/idle/clip_004281.mp4,seconda_parte,2405.102947393571,2406.708947393571,idle,val
clip_004282,val/non-gioco/clip_004282.mp4,seconda_parte,2412.073911402789,2415.420312657141,non-gioco,val
clip_004283,val/non-gioco/clip_004283.mp4,seconda_parte,2417.0687233110834,2420.209089571767,non-gioco,val
clip_004284,val/passaggio/clip_004284.mp4,seconda_parte,2437.462,2438.115,passaggio,val
clip_004285,val/passaggio/clip_004285.mp4,seconda_parte,2440.59,2440.96,passaggio,val
clip_004286,val/passaggio/clip_004286.mp4,seconda_parte,2443.798,2444.587,passaggio,val
clip_004287,val/idle/clip_004287.mp4,seconda_parte,2448.999551311431,2449.5415513114312,idle,val
clip_004288,val/idle/clip_004288.mp4,seconda_parte,2451.7518564952125,2452.7518564952125,idle,val
clip_004289,val/non-gioco/clip_004289.mp4,seconda_parte,2453.251545859218,2454.9035090518814,non-gioco,val
clip_004290,val/non-gioco/clip_004290.mp4,seconda_parte,2466.0190861461083,2467.0476754815936,non-gioco,val
clip_004291,val/non-gioco/clip_004291.mp4,seconda_parte,2467.582602752903,2469.337467352132,non-gioco,val
clip_004292,val/non-gioco/clip_004292.mp4,seconda_parte,2473.3136167583866,2476.19800838784,non-gioco,val
clip_004293,val/passaggio/clip_004293.mp4,seconda_parte,2483.481,2483.885,passaggio,val
clip_004294,val/passaggio/clip_004294.mp4,seconda_parte,2485.519,2485.933,passaggio,val
clip_004295,val/passaggio/clip_004295.mp4,seconda_parte,2489.654,2490.038,passaggio,val
clip_004296,val/passaggio/clip_004296.mp4,seconda_parte,2491.423,2491.798,passaggio,val
clip_004297,val/passaggio/clip_004297.mp4,seconda_parte,2496.173,2496.721,passaggio,val
clip_004298,val/passaggio/clip_004298.mp4,seconda_parte,2497.144,2497.442,passaggio,val
clip_004299,val/tiroDaTre0/clip_004299.mp4,seconda_parte,2499.875,2502.212,tiroDaTre0,val
clip_004300,val/passaggio/clip_004300.mp4,seconda_parte,2502.837,2503.163,passaggio,val
clip_004301,val/non-gioco/clip_004301.mp4,seconda_parte,2511.466996121339,2514.198917597396,non-gioco,val
clip_004302,val/non-gioco/clip_004302.mp4,seconda_parte,2515.6178128154297,2516.91337493494,non-gioco,val
clip_004303,val/idle/clip_004303.mp4,seconda_parte,2528.0484455070577,2528.384445507058,idle,val
clip_004304,val/non-gioco/clip_004304.mp4,seconda_parte,2528.42,2530.2,non-gioco,val
clip_004305,val/tiroLibero1/clip_004305.mp4,seconda_parte,2533.74,2535.663,tiroLibero1,val
clip_004306,val/non-gioco/clip_004306.mp4,seconda_parte,2538.89,2541.34,non-gioco,val
clip_004307,val/tiroLibero0/clip_004307.mp4,seconda_parte,2543.413,2546.019,tiroLibero0,val
clip_004308,val/idle/clip_004308.mp4,seconda_parte,2553.0984690297555,2553.5124690297553,idle,val
clip_004309,val/passaggio/clip_004309.mp4,seconda_parte,2557.46,2558.29,passaggio,val
clip_004310,val/passaggio/clip_004310.mp4,seconda_parte,2562.567,2562.99,passaggio,val
clip_004311,val/passaggio/clip_004311.mp4,seconda_parte,2564.087,2564.26,passaggio,val
clip_004312,val/tiroDaDue0/clip_004312.mp4,seconda_parte,2570.894,2572.202,tiroDaDue0,val
clip_004313,val/passaggio/clip_004313.mp4,seconda_parte,2573.885,2574.798,passaggio,val
clip_004314,val/passaggio/clip_004314.mp4,seconda_parte,2577.721,2578.413,passaggio,val
clip_004315,val/passaggio/clip_004315.mp4,seconda_parte,2579.135,2579.683,passaggio,val
clip_004316,val/passaggio/clip_004316.mp4,seconda_parte,2583.769,2584.327,passaggio,val
clip_004317,val/passaggio/clip_004317.mp4,seconda_parte,2586.212,2586.385,passaggio,val
clip_004318,val/non-gioco/clip_004318.mp4,seconda_parte,2590.25,2593.43,non-gioco,val
clip_004319,train/idle/clip_004319.mp4,video1,6.095313077778196,8.144313077778175,idle,train
clip_004320,train/passaggio/clip_004320.mp4,video1,8.75,9.6,passaggio,train
clip_004321,train/passaggio/clip_004321.mp4,video1,14.323,15.339,passaggio,train
clip_004322,train/passaggio/clip_004322.mp4,video1,16.865,17.25,passaggio,train
clip_004323,train/non-gioco/clip_004323.mp4,video1,20.83,21.37,non-gioco,train
clip_004324,train/non-gioco/clip_004324.mp4,video1,28.730647731572542,30.744189263993537,non-gioco,train
clip_004325,train/non-gioco/clip_004325.mp4,video1,30.81398966090271,34.05178558544335,non-gioco,train
clip_004326,train/idle/clip_004326.mp4,video1,35.636765099032885,36.006765099032776,idle,train
clip_004327,train/passaggio/clip_004327.mp4,video1,43.327,43.606,passaggio,train
clip_004328,train/passaggio/clip_004328.mp4,video1,44.558,45.163,passaggio,train
clip_004329,train/tiroDaTre0/clip_004329.mp4,video1,45.962,48.048,tiroDaTre0,train
clip_004330,train/passaggio/clip_004330.mp4,video1,50.788,51.163,passaggio,train
clip_004331,train/passaggio/clip_004331.mp4,video1,53.24,53.615,passaggio,train
clip_004332,train/non-gioco/clip_004332.mp4,video1,62.08467995148599,63.86212482244764,non-gioco,train
clip_004333,train/non-gioco/clip_004333.mp4,video1,63.51517425999349,66.80550022462008,non-gioco,train
clip_004334,train/idle/clip_004334.mp4,video1,72.42183265765192,73.2198326576517,idle,train
clip_004335,train/passaggio/clip_004335.mp4,video1,75.962,76.577,passaggio,train
clip_004336,train/passaggio/clip_004336.mp4,video1,78.317,78.971,passaggio,train
clip_004337,train/passaggio/clip_004337.mp4,video1,80.212,80.51,passaggio,train
clip_004338,train/passaggio/clip_004338.mp4,video1,82.375,83.212,passaggio,train
clip_004339,train/idle/clip_004339.mp4,video1,84.87723900598428,85.49723900598428,idle,train
clip_004340,train/passaggio/clip_004340.mp4,video1,88.24,89.49,passaggio,train
clip_004341,train/tiroDaDue1/clip_004341.mp4,video1,93.221,94.558,tiroDaDue1,train
clip_004342,train/passaggio/clip_004342.mp4,video1,96.594,97.094,passaggio,train
clip_004343,train/passaggio/clip_004343.mp4,video1,100.375,101.625,passaggio,train
clip_004344,train/passaggio/clip_004344.mp4,video1,102.721,103.308,passaggio,train
clip_004345,train/passaggio/clip_004345.mp4,video1,104.067,104.49,passaggio,train
clip_004346,train/tiroDaDue0/clip_004346.mp4,video1,105.404,105.846,tiroDaDue0,train
clip_004347,train/non-gioco/clip_004347.mp4,video1,108.07431993460088,110.61088355496051,non-gioco,train
clip_004348,train/non-gioco/clip_004348.mp4,video1,115.07,115.98,non-gioco,train
clip_004349,train/passaggio/clip_004349.mp4,video1,120.154,121.423,passaggio,train
clip_004350,train/passaggio/clip_004350.mp4,video1,125.885,126.423,passaggio,train
clip_004351,train/tiroDaTre0/clip_004351.mp4,video1,127.183,129.442,tiroDaTre0,train
clip_004352,train/passaggio/clip_004352.mp4,video1,130.712,131.481,passaggio,train
clip_004353,train/passaggio/clip_004353.mp4,video1,133.452,133.683,passaggio,train
clip_004354,train/tiroDaTre1/clip_004354.mp4,video1,138.106,139.577,tiroDaTre1,train
clip_004355,train/passaggio/clip_004355.mp4,video1,142.629,143.048,passaggio,train
clip_004356,train/passaggio/clip_004356.mp4,video1,147.081,147.661,passaggio,train
clip_004357,train/passaggio/clip_004357.mp4,video1,148.094,148.938,passaggio,train
clip_004358,train/passaggio/clip_004358.mp4,video1,150.096,150.712,passaggio,train
clip_004359,train/passaggio/clip_004359.mp4,video1,152.106,152.548,passaggio,train
clip_004360,train/passaggio/clip_004360.mp4,video1,153.587,154.048,passaggio,train
clip_004361,train/passaggio/clip_004361.mp4,video1,158.742,159.403,passaggio,train
clip_004362,train/tiroDaDue1/clip_004362.mp4,video1,160.26,161.76,tiroDaDue1,train
clip_004363,train/passaggio/clip_004363.mp4,video1,164.192,165.058,passaggio,train
clip_004364,train/idle/clip_004364.mp4,video1,165.78852566958355,168.12852566958347,idle,train
clip_004365,train/passaggio/clip_004365.mp4,video1,169.76,170.404,passaggio,train
clip_004366,train/passaggio/clip_004366.mp4,video1,171.885,172.442,passaggio,train
clip_004367,train/passaggio/clip_004367.mp4,video1,175.644,176.115,passaggio,train
clip_004368,train/tiroDaTre0/clip_004368.mp4,video1,176.5,178.615,tiroDaTre0,train
clip_004369,train/passaggio/clip_004369.mp4,video1,178.91,179.84,passaggio,train
clip_004370,train/idle/clip_004370.mp4,video1,184.38131418595356,185.37131418595357,idle,train
clip_004371,train/idle/clip_004371.mp4,video1,185.07425311087437,186.10325311087436,idle,train
clip_004372,train/non-gioco/clip_004372.mp4,video1,189.04268494448945,190.37660689998145,non-gioco,train
clip_004373,train/idle/clip_004373.mp4,video1,191.6003110709042,192.0333110709042,idle,train
clip_004374,train/non-gioco/clip_004374.mp4,video1,194.2388746646802,197.10821175755734,non-gioco,train
clip_004375,train/non-gioco/clip_004375.mp4,video1,201.84,203.16,non-gioco,train
clip_004376,train/passaggio/clip_004376.mp4,video1,203.394,203.962,passaggio,train
clip_004377,train/passaggio/clip_004377.mp4,video1,204.663,205.356,passaggio,train
clip_004378,train/passaggio/clip_004378.mp4,video1,207.24,208.0,passaggio,train
clip_004379,train/passaggio/clip_004379.mp4,video1,209.53,209.79,passaggio,train
clip_004380,train/passaggio/clip_004380.mp4,video1,209.99,211.01,passaggio,train
clip_004381,train/passaggio/clip_004381.mp4,video1,214.91,215.73,passaggio,train
clip_004382,train/tiroDaDue0/clip_004382.mp4,video1,216.22,217.81,tiroDaDue0,train
clip_004383,train/idle/clip_004383.mp4,video1,221.07730796029466,222.8453079602947,idle,train
clip_004384,train/non-gioco/clip_004384.mp4,video1,225.77943668259854,227.8190507211766,non-gioco,train
clip_004385,train/non-gioco/clip_004385.mp4,video1,232.28,233.17,non-gioco,train
clip_004386,train/passaggio/clip_004386.mp4,video1,234.279,234.885,passaggio,train
clip_004387,train/passaggio/clip_004387.mp4,video1,243.481,244.183,passaggio,train
clip_004388,train/tiroDaDue0/clip_004388.mp4,video1,246.221,247.558,tiroDaDue0,train
clip_004389,train/idle/clip_004389.mp4,video1,249.5718972698028,250.03089726980264,idle,train
clip_004390,train/passaggio/clip_004390.mp4,video1,251.644,252.327,passaggio,train
clip_004391,train/tiroDaDue1/clip_004391.mp4,video1,253.385,255.231,tiroDaDue1,train
clip_004392,train/non-gioco/clip_004392.mp4,video1,258.88591526759296,261.54615136594214,non-gioco,train
clip_004393,train/non-gioco/clip_004393.mp4,video1,264.2751801432759,266.4522503354742,non-gioco,train
clip_004394,train/idle/clip_004394.mp4,video1,269.70364084465785,269.92964084465797,idle,train
clip_004395,train/non-gioco/clip_004395.mp4,video1,274.11,275.34,non-gioco,train
clip_004396,train/idle/clip_004396.mp4,video1,277.74865018257697,278.12365018257697,idle,train
clip_004397,train/tiroLibero0/clip_004397.mp4,video1,279.702,281.288,tiroLibero0,train
clip_004398,train/passaggio/clip_004398.mp4,video1,283.06,283.55,passaggio,train
clip_004399,train/passaggio/clip_004399.mp4,video1,287.75,288.692,passaggio,train
clip_004400,train/passaggio/clip_004400.mp4,video1,290.077,290.798,passaggio,train
clip_004401,train/passaggio/clip_004401.mp4,video1,293.25,293.406,passaggio,train
clip_004402,train/idle/clip_004402.mp4,video1,294.3168692400831,294.8508692400828,idle,train
clip_004403,train/tiroDaDue1/clip_004403.mp4,video1,297.24,298.74,tiroDaDue1,train
clip_004404,train/passaggio/clip_004404.mp4,video1,301.091,301.636,passaggio,train
clip_004405,train/tiroDaDue0/clip_004405.mp4,video1,306.163,307.173,tiroDaDue0,train
clip_004406,train/passaggio/clip_004406.mp4,video1,308.031,308.438,passaggio,train
clip_004407,train/passaggio/clip_004407.mp4,video1,308.913,309.308,passaggio,train
clip_004408,train/non-gioco/clip_004408.mp4,video1,310.28,313.36,non-gioco,train
clip_004409,train/non-gioco/clip_004409.mp4,video1,316.80262100085275,318.4212845741242,non-gioco,train
clip_004410,train/non-gioco/clip_004410.mp4,video1,319.54,320.4,non-gioco,train
clip_004411,train/passaggio/clip_004411.mp4,video1,322.375,322.817,passaggio,train
clip_004412,train/passaggio/clip_004412.mp4,video1,329.904,330.615,passaggio,train
clip_004413,train/tiroDaDue1/clip_004413.mp4,video1,332.135,333.827,tiroDaDue1,train
clip_004414,train/passaggio/clip_004414.mp4,video1,335.385,336.077,passaggio,train
clip_004415,train/idle/clip_004415.mp4,video1,337.03936459676044,337.2493645967604,idle,train
clip_004416,train/passaggio/clip_004416.mp4,video1,339.048,339.673,passaggio,train
clip_004417,train/passaggio/clip_004417.mp4,video1,342.356,342.76,passaggio,train
clip_004418,train/passaggio/clip_004418.mp4,video1,344.077,344.692,passaggio,train
clip_004419,train/passaggio/clip_004419.mp4,video1,345.808,346.471,passaggio,train
clip_004420,train/passaggio/clip_004420.mp4,video1,347.24,348.481,passaggio,train
clip_004421,train/passaggio/clip_004421.mp4,video1,353.298,354.269,passaggio,train
clip_004422,train/tiroDaDue0/clip_004422.mp4,video1,356.51,357.808,tiroDaDue0,train
clip_004423,train/passaggio/clip_004423.mp4,video1,358.615,358.913,passaggio,train
clip_004424,train/tiroDaDue1/clip_004424.mp4,video1,362.587,363.962,tiroDaDue1,train
clip_004425,train/passaggio/clip_004425.mp4,video1,365.26,365.692,passaggio,train
clip_004426,train/passaggio/clip_004426.mp4,video1,371.029,371.423,passaggio,train
clip_004427,train/passaggio/clip_004427.mp4,video1,373.49,374.308,passaggio,train
clip_004428,train/tiroDaDue1/clip_004428.mp4,video1,377.038,378.24,tiroDaDue1,train
clip_004429,train/non-gioco/clip_004429.mp4,video1,378.86,379.97,non-gioco,train
clip_004430,train/idle/clip_004430.mp4,video1,383.0541564253233,384.6981564253231,idle,train
clip_004431,train/passaggio/clip_004431.mp4,video1,385.442,386.356,passaggio,train
clip_004432,train/passaggio/clip_004432.mp4,video1,388.038,388.942,passaggio,train
clip_004433,train/tiroDaTre1/clip_004433.mp4,video1,389.74,391.298,tiroDaTre1,train
clip_004434,train/passaggio/clip_004434.mp4,video1,392.81,393.3,passaggio,train
clip_004435,train/passaggio/clip_004435.mp4,video1,393.404,393.856,passaggio,train
clip_004436,train/idle/clip_004436.mp4,video1,394.7935502792343,395.2935502792343,idle,train
clip_004437,train/passaggio/clip_004437.mp4,video1,396.471,397.202,passaggio,train
clip_004438,train/tiroDaDue1/clip_004438.mp4,video1,400.327,401.192,tiroDaDue1,train
clip_004439,train/passaggio/clip_004439.mp4,video1,412.971,413.567,passaggio,train
clip_004440,train/passaggio/clip_004440.mp4,video1,415.904,416.356,passaggio,train
clip_004441,train/tiroDaTre1/clip_004441.mp4,video1,417.375,419.087,tiroDaTre1,train
clip_004442,train/passaggio/clip_004442.mp4,video1,420.904,421.779,passaggio,train
clip_004443,train/idle/clip_004443.mp4,video1,424.20383073810365,424.5238307381036,idle,train
clip_004444,train/passaggio/clip_004444.mp4,video1,425.538,426.365,passaggio,train
clip_004445,train/passaggio/clip_004445.mp4,video1,427.212,427.721,passaggio,train
clip_004446,train/passaggio/clip_004446.mp4,video1,428.606,429.317,passaggio,train
clip_004447,train/passaggio/clip_004447.mp4,video1,430.558,431.26,passaggio,train
clip_004448,train/tiroDaDue0/clip_004448.mp4,video1,432.481,433.471,tiroDaDue0,train
clip_004449,train/passaggio/clip_004449.mp4,video1,435.865,436.308,passaggio,train
clip_004450,train/idle/clip_004450.mp4,video1,439.6402323014252,440.36023230142524,idle,train
clip_004451,train/non-gioco/clip_004451.mp4,video1,440.7512907173255,443.93412836354486,non-gioco,train
clip_004452,train/non-gioco/clip_004452.mp4,video1,456.44531426696085,457.5997093858526,non-gioco,train
clip_004453,train/non-gioco/clip_004453.mp4,video1,456.9729810639832,458.1682378693518,non-gioco,train
clip_004454,train/non-gioco/clip_004454.mp4,video1,460.9725198311107,463.0893897748519,non-gioco,train
clip_004455,train/non-gioco/clip_004455.mp4,video1,472.68,473.58,non-gioco,train
clip_004456,train/passaggio/clip_004456.mp4,video1,476.077,476.615,passaggio,train
clip_004457,train/passaggio/clip_004457.mp4,video1,478.813,479.25,passaggio,train
clip_004458,train/passaggio/clip_004458.mp4,video1,480.188,480.875,passaggio,train
clip_004459,train/passaggio/clip_004459.mp4,video1,481.904,482.269,passaggio,train
clip_004460,train/passaggio/clip_004460.mp4,video1,483.788,484.067,passaggio,train
clip_004461,train/passaggio/clip_004461.mp4,video1,484.74,485.192,passaggio,train
clip_004462,train/tiroDaDue0/clip_004462.mp4,video1,488.971,489.692,tiroDaDue0,train
clip_004463,train/non-gioco/clip_004463.mp4,video1,493.6818764757486,495.98273032871055,non-gioco,train
clip_004464,train/idle/clip_004464.mp4,video1,497.4106491382727,498.6606491382727,idle,train
clip_004465,train/non-gioco/clip_004465.mp4,video1,500.5529642050492,501.92759515850526,non-gioco,train
clip_004466,train/non-gioco/clip_004466.mp4,video1,507.85124006255126,510.11495770278276,non-gioco,train
clip_004467,train/non-gioco/clip_004467.mp4,video1,508.6128889243296,510.126392638178,non-gioco,train
clip_004468,train/non-gioco/clip_004468.mp4,video1,523.38,524.58,non-gioco,train
clip_004469,train/idle/clip_004469.mp4,video1,528.7818902811392,529.2688902811391,idle,train
clip_004470,train/tiroLibero0/clip_004470.mp4,video1,530.125,531.865,tiroLibero0,train
clip_004471,train/non-gioco/clip_004471.mp4,video1,535.5990373648917,536.826391476021,non-gioco,train
clip_004472,train/idle/clip_004472.mp4,video1,538.5347231871373,538.9347231871374,idle,train
clip_004473,train/tiroLibero1/clip_004473.mp4,video1,542.029,543.413,tiroLibero1,train
clip_004474,train/passaggio/clip_004474.mp4,video1,553.212,553.673,passaggio,train
clip_004475,train/passaggio/clip_004475.mp4,video1,554.663,555.49,passaggio,train
clip_004476,train/tiroDaTre0/clip_004476.mp4,video1,556.452,557.923,tiroDaTre0,train
clip_004477,train/passaggio/clip_004477.mp4,video1,563.781,564.313,passaggio,train
clip_004478,train/passaggio/clip_004478.mp4,video1,565.813,566.719,passaggio,train
clip_004479,train/passaggio/clip_004479.mp4,video1,567.356,567.731,passaggio,train
clip_004480,train/passaggio/clip_004480.mp4,video1,568.481,569.212,passaggio,train
clip_004481,train/passaggio/clip_004481.mp4,video1,570.019,570.442,passaggio,train
clip_004482,train/passaggio/clip_004482.mp4,video1,580.26,581.433,passaggio,train
clip_004483,train/tiroDaDue1/clip_004483.mp4,video1,582.433,583.692,tiroDaDue1,train
clip_004484,train/passaggio/clip_004484.mp4,video1,585.106,585.644,passaggio,train
clip_004485,train/idle/clip_004485.mp4,video1,589.7593439914024,590.1533439914024,idle,train
clip_004486,train/passaggio/clip_004486.mp4,video1,593.981,594.481,passaggio,train
clip_004487,train/passaggio/clip_004487.mp4,video1,595.558,595.865,passaggio,train
clip_004488,train/idle/clip_004488.mp4,video1,598.4214338359938,599.0114338359939,idle,train
clip_004489,train/idle/clip_004489.mp4,video1,599.2855280048697,599.6555280048696,idle,train
clip_004490,train/tiroDaTre0/clip_004490.mp4,video1,603.077,604.846,tiroDaTre0,train
clip_004491,train/tiroDaDue0/clip_004491.mp4,video1,610.173,611.5,tiroDaDue0,train
clip_004492,train/idle/clip_004492.mp4,video1,612.7733592492744,612.9243592492744,idle,train
clip_004493,train/passaggio/clip_004493.mp4,video1,614.01,614.212,passaggio,train
clip_004494,train/passaggio/clip_004494.mp4,video1,617.481,618.144,passaggio,train
clip_004495,train/tiroDaDue0/clip_004495.mp4,video1,620.067,620.971,tiroDaDue0,train
clip_004496,train/non-gioco/clip_004496.mp4,video1,629.5345256149393,632.5562558228823,non-gioco,train
clip_004497,train/non-gioco/clip_004497.mp4,video1,629.9300835001469,632.213203108151,non-gioco,train
clip_004498,train/idle/clip_004498.mp4,video1,637.0006225808849,638.3406225808845,idle,train
clip_004499,train/non-gioco/clip_004499.mp4,video1,642.0,643.26,non-gioco,train
clip_004500,train/tiroLibero0/clip_004500.mp4,video1,646.962,648.606,tiroLibero0,train
clip_004501,train/idle/clip_004501.mp4,video1,650.5994967331796,651.1224967331797,idle,train
clip_004502,train/non-gioco/clip_004502.mp4,video1,651.9562190901148,653.1005610424461,non-gioco,train
clip_004503,train/tiroLibero1/clip_004503.mp4,video1,659.452,660.981,tiroLibero1,train
clip_004504,train/non-gioco/clip_004504.mp4,video1,673.1153209193662,676.1326093007522,non-gioco,train
clip_004505,train/non-gioco/clip_004505.mp4,video1,675.4246834177462,677.4145551926293,non-gioco,train
clip_004506,train/passaggio/clip_004506.mp4,video1,681.75,682.25,passaggio,train
clip_004507,train/passaggio/clip_004507.mp4,video1,684.615,685.173,passaggio,train
clip_004508,train/passaggio/clip_004508.mp4,video1,688.365,688.981,passaggio,train
clip_004509,train/passaggio/clip_004509.mp4,video1,690.096,690.538,passaggio,train
clip_004510,train/tiroDaTre0/clip_004510.mp4,video1,691.144,693.327,tiroDaTre0,train
clip_004511,train/idle/clip_004511.mp4,video1,695.7688664035023,696.2298664035023,idle,train
clip_004512,train/passaggio/clip_004512.mp4,video1,698.156,698.781,passaggio,train
clip_004513,train/passaggio/clip_004513.mp4,video1,699.548,699.894,passaggio,train
clip_004514,train/passaggio/clip_004514.mp4,video1,700.51,700.894,passaggio,train
clip_004515,train/passaggio/clip_004515.mp4,video1,702.471,702.904,passaggio,train
clip_004516,train/idle/clip_004516.mp4,video1,707.6308910880299,708.1808910880299,idle,train
clip_004517,train/tiroDaTre1/clip_004517.mp4,video1,709.327,711.087,tiroDaTre1,train
clip_004518,train/passaggio/clip_004518.mp4,video1,714.404,715.413,passaggio,train
clip_004519,train/idle/clip_004519.mp4,video1,721.3006746690177,722.4766746690176,idle,train
clip_004520,train/idle/clip_004520.mp4,video1,722.130782625887,722.5917826258868,idle,train
clip_004521,train/non-gioco/clip_004521.mp4,video1,725.8107389163662,726.9239634231858,non-gioco,train
clip_004522,train/non-gioco/clip_004522.mp4,video1,728.719831120699,731.5843423277786,non-gioco,train
clip_004523,train/non-gioco/clip_004523.mp4,video1,737.92,738.63,non-gioco,train
clip_004524,train/passaggio/clip_004524.mp4,video1,738.913,739.5,passaggio,train
clip_004525,train/passaggio/clip_004525.mp4,video1,743.527,743.857,passaggio,train
clip_004526,train/passaggio/clip_004526.mp4,video1,746.317,747.51,passaggio,train
clip_004527,train/passaggio/clip_004527.mp4,video1,750.762,751.215,passaggio,train
clip_004528,train/tiroDaDue0/clip_004528.mp4,video1,751.76,752.587,tiroDaDue0,train
clip_004529,train/passaggio/clip_004529.mp4,video1,753.615,753.894,passaggio,train
clip_004530,train/non-gioco/clip_004530.mp4,video1,758.8951842152186,762.231641212431,non-gioco,train
clip_004531,train/idle/clip_004531.mp4,video1,769.4407773369835,770.5407773369839,idle,train
clip_004532,train/non-gioco/clip_004532.mp4,video1,771.9188274281613,773.0782272084415,non-gioco,train
clip_004533,train/non-gioco/clip_004533.mp4,video1,773.16,774.73,non-gioco,train
clip_004534,train/passaggio/clip_004534.mp4,video1,776.449,777.006,passaggio,train
clip_004535,train/passaggio/clip_004535.mp4,video1,778.452,778.99,passaggio,train
clip_004536,train/passaggio/clip_004536.mp4,video1,781.295,781.801,passaggio,train
clip_004537,train/passaggio/clip_004537.mp4,video1,782.913,783.067,passaggio,train
clip_004538,train/passaggio/clip_004538.mp4,video1,785.933,786.445,passaggio,train
clip_004539,train/tiroDaDue0/clip_004539.mp4,video1,787.274,788.647,tiroDaDue0,train
clip_004540,train/passaggio/clip_004540.mp4,video1,789.481,790.442,passaggio,train
clip_004541,train/non-gioco/clip_004541.mp4,video1,794.23,796.39,non-gioco,train
clip_004542,train/non-gioco/clip_004542.mp4,video1,796.8205013316591,800.1549402381214,non-gioco,train
clip_004543,train/non-gioco/clip_004543.mp4,video1,807.8306376676795,809.8528050072276,non-gioco,train
clip_004544,train/non-gioco/clip_004544.mp4,video1,813.29,814.15,non-gioco,train
clip_004545,train/passaggio/clip_004545.mp4,video1,814.279,814.933,passaggio,train
clip_004546,train/passaggio/clip_004546.mp4,video1,820.625,821.163,passaggio,train
clip_004547,train/tiroDaDue1/clip_004547.mp4,video1,823.692,825.341,tiroDaDue1,train
clip_004548,train/passaggio/clip_004548.mp4,video1,826.563,827.094,passaggio,train
clip_004549,train/idle/clip_004549.mp4,video1,831.3891314672694,832.7541314672692,idle,train
clip_004550,train/passaggio/clip_004550.mp4,video1,833.985,834.395,passaggio,train
clip_004551,train/passaggio/clip_004551.mp4,video1,842.128,842.739,passaggio,train
clip_004552,train/tiroDaTre1/clip_004552.mp4,video1,843.531,847.044,tiroDaTre1,train
clip_004553,train/non-gioco/clip_004553.mp4,video1,847.17,848.2,non-gioco,train
clip_004554,train/passaggio/clip_004554.mp4,video1,848.567,849.135,passaggio,train
clip_004555,train/passaggio/clip_004555.mp4,video1,853.142,853.681,passaggio,train
clip_004556,train/passaggio/clip_004556.mp4,video1,856.389,857.027,passaggio,train
clip_004557,train/passaggio/clip_004557.mp4,video1,858.062,858.646,passaggio,train
clip_004558,train/passaggio/clip_004558.mp4,video1,861.124,861.947,passaggio,train
clip_004559,train/passaggio/clip_004559.mp4,video1,862.372,862.752,passaggio,train
clip_004560,train/tiroDaTre0/clip_004560.mp4,video1,863.283,864.912,tiroDaTre0,train
clip_004561,train/passaggio/clip_004561.mp4,video1,875.381,875.646,passaggio,train
clip_004562,train/tiroDaTre0/clip_004562.mp4,video1,878.354,880.248,tiroDaTre0,train
clip_004563,train/passaggio/clip_004563.mp4,video1,881.328,881.726,passaggio,train
clip_004564,train/tiroDaDue0/clip_004564.mp4,video1,886.292,887.398,tiroDaDue0,train
clip_004565,train/idle/clip_004565.mp4,video1,891.9958960151639,892.6408960151639,idle,train
clip_004566,train/non-gioco/clip_004566.mp4,video1,896.1417214518656,898.7564234971085,non-gioco,train
clip_004567,train/non-gioco/clip_004567.mp4,video1,902.5949492213683,905.5095184286776,non-gioco,train
clip_004568,train/idle/clip_004568.mp4,video1,909.8433119387047,910.2633119387048,idle,train
clip_004569,train/passaggio/clip_004569.mp4,video1,911.301,912.221,passaggio,train
clip_004570,train/passaggio/clip_004570.mp4,video1,913.478,913.814,passaggio,train
clip_004571,train/passaggio/clip_004571.mp4,video1,915.177,915.664,passaggio,train
clip_004572,train/tiroDaTre1/clip_004572.mp4,video1,918.336,919.965,tiroDaTre1,train
clip_004573,train/passaggio/clip_004573.mp4,video1,922.202,922.808,passaggio,train
clip_004574,train/passaggio/clip_004574.mp4,video1,924.163,924.808,passaggio,train
clip_004575,train/passaggio/clip_004575.mp4,video1,927.124,927.77,passaggio,train
clip_004576,train/passaggio/clip_004576.mp4,video1,928.769,929.25,passaggio,train
clip_004577,train/passaggio/clip_004577.mp4,video1,931.903,932.593,passaggio,train
clip_004578,train/passaggio/clip_004578.mp4,video1,933.77,934.451,passaggio,train
clip_004579,train/tiroDaDue0/clip_004579.mp4,video1,937.646,938.867,tiroDaDue0,train
clip_004580,train/non-gioco/clip_004580.mp4,video1,945.7647332262643,949.2468747227165,non-gioco,train
clip_004581,train/non-gioco/clip_004581.mp4,video1,954.5369620261945,957.7110127394712,non-gioco,train
clip_004582,train/non-gioco/clip_004582.mp4,video1,959.25,960.7,non-gioco,train
clip_004583,train/idle/clip_004583.mp4,video1,965.1297539006881,966.9157539006882,idle,train
clip_004584,train/idle/clip_004584.mp4,video1,965.4931540487082,965.8101540487082,idle,train
clip_004585,train/tiroLibero1/clip_004585.mp4,video1,967.779,969.558,tiroLibero1,train
clip_004586,train/non-gioco/clip_004586.mp4,video1,974.3336943171486,976.2728081516535,non-gioco,train
clip_004587,train/tiroLibero1/clip_004587.mp4,video1,983.875,985.308,tiroLibero1,train
clip_004588,train/passaggio/clip_004588.mp4,video1,988.442,989.067,passaggio,train
clip_004589,train/tiroDaTre0/clip_004589.mp4,video1,991.212,993.173,tiroDaTre0,train
clip_004590,train/non-gioco/clip_004590.mp4,video1,993.68,997.15,non-gioco,train
clip_004591,train/non-gioco/clip_004591.mp4,video1,997.5591307847263,999.115856324642,non-gioco,train
clip_004592,train/non-gioco/clip_004592.mp4,video1,1001.1152828958653,1002.3675246785966,non-gioco,train
clip_004593,train/non-gioco/clip_004593.mp4,video1,1010.3006253348298,1013.1131851996021,non-gioco,train
clip_004594,train/non-gioco/clip_004594.mp4,video1,1021.5316991682485,1022.5708136591574,non-gioco,train
clip_004595,train/idle/clip_004595.mp4,video1,1028.4582779212233,1029.7282779212233,idle,train
clip_004596,train/idle/clip_004596.mp4,video1,1031.1288497892199,1031.81584978922,idle,train
clip_004597,train/non-gioco/clip_004597.mp4,video1,1032.4443012624756,1033.5011395807805,non-gioco,train
clip_004598,train/idle/clip_004598.mp4,video1,1035.2728461946929,1035.5128461946929,idle,train
clip_004599,train/non-gioco/clip_004599.mp4,video1,1037.7403674437967,1040.3742026898435,non-gioco,train
clip_004600,train/non-gioco/clip_004600.mp4,video1,1037.9038078816488,1039.5225879779082,non-gioco,train
clip_004601,train/non-gioco/clip_004601.mp4,video1,1045.9187095361665,1048.9424049950144,non-gioco,train
clip_004602,train/non-gioco/clip_004602.mp4,video1,1060.0839240086207,1062.7384053539342,non-gioco,train
clip_004603,train/non-gioco/clip_004603.mp4,video1,1060.4948256857517,1061.941009758262,non-gioco,train
clip_004604,train/non-gioco/clip_004604.mp4,video1,1060.66839622761,1063.3521458720513,non-gioco,train
clip_004605,train/idle/clip_004605.mp4,video1,1073.460127474057,1075.1501274740567,idle,train
clip_004606,train/idle/clip_004606.mp4,video1,1074.64248833194,1076.14248833194,idle,train
clip_004607,train/non-gioco/clip_004607.mp4,video1,1082.3297051070788,1084.6518114559387,non-gioco,train
clip_004608,train/non-gioco/clip_004608.mp4,video1,1093.4997750420573,1095.8296090632991,non-gioco,train
clip_004609,train/non-gioco/clip_004609.mp4,video1,1100.0500841338924,1102.9652178026772,non-gioco,train
clip_004610,train/non-gioco/clip_004610.mp4,video1,1107.4465239631372,1109.135648282625,non-gioco,train
clip_004611,train/passaggio/clip_004611.mp4,video1,1120.971,1121.346,passaggio,train
clip_004612,train/passaggio/clip_004612.mp4,video1,1121.769,1122.317,passaggio,train
clip_004613,train/tiroDaDue0/clip_004613.mp4,video1,1124.673,1125.654,tiroDaDue0,train
clip_004614,train/non-gioco/clip_004614.mp4,video1,1136.8447115857975,1139.3391738276264,non-gioco,train
clip_004615,train/non-gioco/clip_004615.mp4,video1,1138.4364650433238,1139.5581558464332,non-gioco,train
clip_004616,train/non-gioco/clip_004616.mp4,video1,1143.92,1144.89,non-gioco,train
clip_004617,train/tiroLibero0/clip_004617.mp4,video1,1152.692,1154.356,tiroLibero0,train
clip_004618,train/non-gioco/clip_004618.mp4,video1,1155.758698000363,1157.7643613773903,non-gioco,train
clip_004619,train/tiroLibero1/clip_004619.mp4,video1,1166.856,1168.0,tiroLibero1,train
clip_004620,train/passaggio/clip_004620.mp4,video1,1169.474,1169.908,passaggio,train
clip_004621,train/passaggio/clip_004621.mp4,video1,1174.51,1175.106,passaggio,train
clip_004622,train/passaggio/clip_004622.mp4,video1,1176.24,1176.673,passaggio,train
clip_004623,train/idle/clip_004623.mp4,video1,1178.5897133106193,1179.1207133106195,idle,train
clip_004624,train/tiroDaDue1/clip_004624.mp4,video1,1180.49,1181.846,tiroDaDue1,train
clip_004625,train/idle/clip_004625.mp4,video1,1183.1822745371549,1183.5672745371546,idle,train
clip_004626,train/passaggio/clip_004626.mp4,video1,1184.096,1184.298,passaggio,train
clip_004627,train/passaggio/clip_004627.mp4,video1,1189.971,1190.394,passaggio,train
clip_004628,train/tiroDaDue0/clip_004628.mp4,video1,1194.962,1195.567,tiroDaDue0,train
clip_004629,train/passaggio/clip_004629.mp4,video1,1198.0,1198.779,passaggio,train
clip_004630,train/idle/clip_004630.mp4,video1,1204.6589680506215,1206.0289680506214,idle,train
clip_004631,train/non-gioco/clip_004631.mp4,video1,1209.708058863114,1210.8491689506752,non-gioco,train
clip_004632,train/non-gioco/clip_004632.mp4,video1,1215.5268338669343,1217.2499924953192,non-gioco,train
clip_004633,train/non-gioco/clip_004633.mp4,video1,1216.6218435619771,1218.165016587421,non-gioco,train
clip_004634,train/passaggio/clip_004634.mp4,video1,1224.49,1224.913,passaggio,train
clip_004635,train/passaggio/clip_004635.mp4,video1,1226.106,1226.404,passaggio,train
clip_004636,train/passaggio/clip_004636.mp4,video1,1227.615,1227.962,passaggio,train
clip_004637,train/passaggio/clip_004637.mp4,video1,1229.067,1229.702,passaggio,train
clip_004638,train/passaggio/clip_004638.mp4,video1,1231.054,1231.46,passaggio,train
clip_004639,train/passaggio/clip_004639.mp4,video1,1234.27,1234.973,passaggio,train
clip_004640,train/tiroDaDue0/clip_004640.mp4,video1,1235.558,1236.962,tiroDaDue0,train
clip_004641,train/passaggio/clip_004641.mp4,video1,1237.75,1238.067,passaggio,train
clip_004642,train/passaggio/clip_004642.mp4,video1,1239.24,1240.11,passaggio,train
clip_004643,train/tiroDaDue1/clip_004643.mp4,video1,1245.371,1246.419,tiroDaDue1,train
clip_004644,train/passaggio/clip_004644.mp4,video1,1248.568,1249.0,passaggio,train
clip_004645,train/passaggio/clip_004645.mp4,video1,1253.016,1253.597,passaggio,train
clip_004646,train/passaggio/clip_004646.mp4,video1,1278.177,1278.839,passaggio,train
clip_004647,train/passaggio/clip_004647.mp4,video1,1278.9,1279.25,passaggio,train
clip_004648,train/passaggio/clip_004648.mp4,video1,1280.452,1280.952,passaggio,train
clip_004649,train/passaggio/clip_004649.mp4,video1,1282.177,1282.581,passaggio,train
clip_004650,train/tiroDaDue0/clip_004650.mp4,video1,1286.468,1288.355,tiroDaDue0,train
clip_004651,train/passaggio/clip_004651.mp4,video1,1290.936,1292.452,passaggio,train
clip_004652,train/passaggio/clip_004652.mp4,video1,1294.34,1295.14,passaggio,train
clip_004653,train/tiroDaDue0/clip_004653.mp4,video1,1295.405,1296.405,tiroDaDue0,train
clip_004654,train/non-gioco/clip_004654.mp4,video1,1300.7663927388933,1303.5951864466833,non-gioco,train
clip_004655,train/non-gioco/clip_004655.mp4,video1,1305.8273103558183,1308.3221045415114,non-gioco,train
clip_004656,train/non-gioco/clip_004656.mp4,video1,1312.91,1314.13,non-gioco,train
clip_004657,train/idle/clip_004657.mp4,video1,1317.0431659182473,1317.3481659182473,idle,train
clip_004658,train/tiroLibero1/clip_004658.mp4,video1,1319.21,1320.5,tiroLibero1,train
clip_004659,train/non-gioco/clip_004659.mp4,video1,1322.38,1326.29,non-gioco,train
clip_004660,train/tiroLibero0/clip_004660.mp4,video1,1331.484,1333.307,tiroLibero0,train
clip_004661,train/passaggio/clip_004661.mp4,video1,1334.855,1335.177,passaggio,train
clip_004662,train/passaggio/clip_004662.mp4,video1,1340.984,1341.436,passaggio,train
clip_004663,train/tiroDaDue1/clip_004663.mp4,video1,1343.307,1344.597,tiroDaDue1,train
clip_004664,train/passaggio/clip_004664.mp4,video1,1346.484,1346.71,passaggio,train
clip_004665,train/passaggio/clip_004665.mp4,video1,1347.242,1348.355,passaggio,train
clip_004666,train/passaggio/clip_004666.mp4,video1,1352.145,1352.452,passaggio,train
clip_004667,train/passaggio/clip_004667.mp4,video1,1355.161,1355.677,passaggio,train
clip_004668,train/passaggio/clip_004668.mp4,video1,1357.613,1358.339,passaggio,train
clip_004669,train/passaggio/clip_004669.mp4,video1,1358.887,1359.726,passaggio,train
clip_004670,train/tiroDaDue1/clip_004670.mp4,video1,1362.871,1364.032,tiroDaDue1,train
clip_004671,train/non-gioco/clip_004671.mp4,video1,1369.3995117316306,1371.201174520113,non-gioco,train
clip_004672,train/idle/clip_004672.mp4,video1,1371.5623990658105,1371.8213990658105,idle,train
clip_004673,train/non-gioco/clip_004673.mp4,video1,1375.1795663514033,1376.5377174368116,non-gioco,train
clip_004674,train/idle/clip_004674.mp4,video1,1379.6037325858488,1380.718732585849,idle,train
clip_004675,train/non-gioco/clip_004675.mp4,video1,1381.89,1384.16,non-gioco,train
clip_004676,train/tiroLibero1/clip_004676.mp4,video1,1389.597,1390.839,tiroLibero1,train
clip_004677,train/idle/clip_004677.mp4,video1,1391.5502845525111,1392.6202845525113,idle,train
clip_004678,train/idle/clip_004678.mp4,video1,1392.0449046510632,1392.8909046510632,idle,train
clip_004679,train/idle/clip_004679.mp4,video1,1398.4276636554555,1398.7106636554554,idle,train
clip_004680,train/passaggio/clip_004680.mp4,video1,1402.645,1403.371,passaggio,train
clip_004681,train/tiroDaTre0/clip_004681.mp4,video1,1404.21,1405.7,tiroDaTre0,train
clip_004682,train/passaggio/clip_004682.mp4,video1,1408.29,1409.29,passaggio,train
clip_004683,train/tiroDaDue1/clip_004683.mp4,video1,1410.887,1411.903,tiroDaDue1,train
clip_004684,train/passaggio/clip_004684.mp4,video1,1413.807,1414.516,passaggio,train
clip_004685,train/passaggio/clip_004685.mp4,video1,1415.21,1416.613,passaggio,train
clip_004686,train/tiroDaDue1/clip_004686.mp4,video1,1418.21,1418.952,tiroDaDue1,train
clip_004687,train/non-gioco/clip_004687.mp4,video1,1424.332455491849,1425.8850623429641,non-gioco,train
clip_004688,train/non-gioco/clip_004688.mp4,video1,1434.4624185744262,1435.614812667193,non-gioco,train
clip_004689,train/non-gioco/clip_004689.mp4,video1,1436.41,1437.99,non-gioco,train
clip_004690,train/passaggio/clip_004690.mp4,video1,1438.436,1439.097,passaggio,train
clip_004691,train/passaggio/clip_004691.mp4,video1,1439.887,1440.307,passaggio,train
clip_004692,train/passaggio/clip_004692.mp4,video1,1442.048,1442.5,passaggio,train
clip_004693,train/non-gioco/clip_004693.mp4,video1,1452.1408060448953,1454.705788889016,non-gioco,train
clip_004694,train/non-gioco/clip_004694.mp4,video1,1459.8110562767013,1463.010341004111,non-gioco,train
clip_004695,train/non-gioco/clip_004695.mp4,video1,1464.46,1465.61,non-gioco,train
clip_004696,train/passaggio/clip_004696.mp4,video1,1468.274,1468.887,passaggio,train
clip_004697,train/idle/clip_004697.mp4,video1,1469.7797380588288,1470.7957380588289,idle,train
clip_004698,train/idle/clip_004698.mp4,video1,1475.202298598153,1475.7182985981528,idle,train
clip_004699,train/non-gioco/clip_004699.mp4,video1,1485.459380888195,1487.8525977836932,non-gioco,train
clip_004700,train/non-gioco/clip_004700.mp4,video1,1486.7695491508446,1488.8103607343983,non-gioco,train
clip_004701,train/idle/clip_004701.mp4,video1,1489.549366062617,1489.838366062617,idle,train
clip_004702,train/non-gioco/clip_004702.mp4,video1,1491.3766322697534,1492.9837785599773,non-gioco,train
clip_004703,train/non-gioco/clip_004703.mp4,video1,1500.6296535178797,1503.594165007831,non-gioco,train
clip_004704,train/idle/clip_004704.mp4,video1,1509.0323924791003,1509.5023924791005,idle,train
clip_004705,train/non-gioco/clip_004705.mp4,video1,1529.4849795478963,1532.838945572476,non-gioco,train
clip_004706,train/non-gioco/clip_004706.mp4,video1,1533.5965571793854,1535.3483982263733,non-gioco,train
clip_004707,train/non-gioco/clip_004707.mp4,video1,1537.3783177950634,1539.3194682663311,non-gioco,train
clip_004708,train/non-gioco/clip_004708.mp4,video1,1545.1078351223348,1547.2916321733653,non-gioco,train
clip_004709,train/idle/clip_004709.mp4,video1,1547.9917137745936,1548.203713774594,idle,train
clip_004710,train/non-gioco/clip_004710.mp4,video1,1549.7995272584674,1552.8139676583046,non-gioco,train
clip_004711,train/non-gioco/clip_004711.mp4,video1,1554.7659709931245,1557.1719358670919,non-gioco,train
clip_004712,train/non-gioco/clip_004712.mp4,video1,1555.302698365673,1557.5417503344056,non-gioco,train
clip_004713,train/idle/clip_004713.mp4,video1,1559.3015006042344,1559.7525006042345,idle,train
clip_004714,train/non-gioco/clip_004714.mp4,video1,1559.85,1561.17,non-gioco,train
clip_004715,train/passaggio/clip_004715.mp4,video1,1562.032,1562.694,passaggio,train
clip_004716,train/idle/clip_004716.mp4,video1,1566.0903460995507,1566.4703460995506,idle,train
clip_004717,train/passaggio/clip_004717.mp4,video1,1567.645,1568.097,passaggio,train
clip_004718,train/passaggio/clip_004718.mp4,video1,1568.21,1568.94,passaggio,train
clip_004719,train/passaggio/clip_004719.mp4,video1,1569.548,1570.113,passaggio,train
clip_004720,train/passaggio/clip_004720.mp4,video1,1570.887,1571.258,passaggio,train
clip_004721,train/passaggio/clip_004721.mp4,video1,1573.516,1573.984,passaggio,train
clip_004722,train/passaggio/clip_004722.mp4,video1,1577.21,1577.532,passaggio,train
clip_004723,train/tiroDaTre0/clip_004723.mp4,video1,1582.468,1583.919,tiroDaTre0,train
clip_004724,train/passaggio/clip_004724.mp4,video1,1586.629,1587.097,passaggio,train
clip_004725,train/non-gioco/clip_004725.mp4,video1,1592.4952343704022,1595.6130678352013,non-gioco,train
clip_004726,train/non-gioco/clip_004726.mp4,video1,1594.475734433537,1597.287196214305,non-gioco,train
clip_004727,train/non-gioco/clip_004727.mp4,video1,1609.2291062532258,1611.8458708820956,non-gioco,train
clip_004728,train/non-gioco/clip_004728.mp4,video1,1613.41,1614.95,non-gioco,train
clip_004729,train/passaggio/clip_004729.mp4,video1,1618.016,1618.839,passaggio,train
clip_004730,train/passaggio/clip_004730.mp4,video1,1619.22,1619.82,passaggio,train
clip_004731,train/passaggio/clip_004731.mp4,video1,1620.677,1621.258,passaggio,train
clip_004732,train/idle/clip_004732.mp4,video1,1621.8354673497236,1622.2954673497234,idle,train
clip_004733,train/non-gioco/clip_004733.mp4,video1,1629.5568291414684,1631.227983111106,non-gioco,train
clip_004734,train/non-gioco/clip_004734.mp4,video1,1633.29,1634.42,non-gioco,train
clip_004735,train/passaggio/clip_004735.mp4,video1,1637.79,1639.177,passaggio,train
clip_004736,train/tiroDaDue1/clip_004736.mp4,video1,1642.677,1644.274,tiroDaDue1,train
clip_004737,train/non-gioco/clip_004737.mp4,video1,1645.4,1647.73,non-gioco,train
clip_004738,train/passaggio/clip_004738.mp4,video1,1649.613,1650.355,passaggio,train
clip_004739,train/passaggio/clip_004739.mp4,video1,1650.742,1651.258,passaggio,train
clip_004740,train/passaggio/clip_004740.mp4,video1,1653.452,1654.355,passaggio,train
clip_004741,train/passaggio/clip_004741.mp4,video1,1656.742,1657.29,passaggio,train
clip_004742,train/idle/clip_004742.mp4,video1,1658.8666212610951,1659.2866212610952,idle,train
clip_004743,train/passaggio/clip_004743.mp4,video1,1661.081,1661.726,passaggio,train
clip_004744,train/tiroDaTre0/clip_004744.mp4,video1,1662.71,1664.21,tiroDaTre0,train
clip_004745,train/passaggio/clip_004745.mp4,video1,1670.016,1670.597,passaggio,train
clip_004746,train/passaggio/clip_004746.mp4,video1,1673.387,1673.613,passaggio,train
clip_004747,train/passaggio/clip_004747.mp4,video1,1675.194,1675.823,passaggio,train
clip_004748,train/passaggio/clip_004748.mp4,video1,1676.258,1676.807,passaggio,train
clip_004749,train/passaggio/clip_004749.mp4,video1,1678.597,1679.016,passaggio,train
clip_004750,train/passaggio/clip_004750.mp4,video1,1680.532,1681.016,passaggio,train
clip_004751,train/passaggio/clip_004751.mp4,video1,1683.387,1684.0,passaggio,train
clip_004752,train/tiroDaDue1/clip_004752.mp4,video1,1684.516,1685.484,tiroDaDue1,train
clip_004753,train/non-gioco/clip_004753.mp4,video1,1686.54,1688.52,non-gioco,train
clip_004754,train/passaggio/clip_004754.mp4,video1,1691.37,1691.88,passaggio,train
clip_004755,train/passaggio/clip_004755.mp4,video1,1692.0,1692.677,passaggio,train
clip_004756,train/passaggio/clip_004756.mp4,video1,1693.194,1693.629,passaggio,train
clip_004757,train/passaggio/clip_004757.mp4,video1,1695.936,1696.774,passaggio,train
clip_004758,train/tiroDaDue0/clip_004758.mp4,video1,1699.307,1700.774,tiroDaDue0,train
clip_004759,train/passaggio/clip_004759.mp4,video1,1703.548,1705.0,passaggio,train
clip_004760,train/passaggio/clip_004760.mp4,video1,1709.5,1710.145,passaggio,train
clip_004761,train/tiroDaDue0/clip_004761.mp4,video1,1710.484,1711.936,tiroDaDue0,train
clip_004762,train/passaggio/clip_004762.mp4,video1,1713.968,1714.436,passaggio,train
clip_004763,train/idle/clip_004763.mp4,video1,1716.7180040970563,1718.0450040970563,idle,train
clip_004764,train/tiroDaDue0/clip_004764.mp4,video1,1721.71,1722.516,tiroDaDue0,train
clip_004765,train/idle/clip_004765.mp4,video1,1727.072702121207,1728.9377021212067,idle,train
clip_004766,train/non-gioco/clip_004766.mp4,video1,1733.1263963153092,1735.9371594149395,non-gioco,train
clip_004767,train/non-gioco/clip_004767.mp4,video1,1737.9053117762028,1739.3757200110347,non-gioco,train
clip_004768,train/non-gioco/clip_004768.mp4,video1,1739.2230066808595,1741.7303117933322,non-gioco,train
clip_004769,train/non-gioco/clip_004769.mp4,video1,1744.11,1746.37,non-gioco,train
clip_004770,train/tiroLibero1/clip_004770.mp4,video1,1750.629,1751.903,tiroLibero1,train
clip_004771,train/non-gioco/clip_004771.mp4,video1,1757.0035490723635,1759.2020345885408,non-gioco,train
clip_004772,train/tiroLibero1/clip_004772.mp4,video1,1763.194,1764.548,tiroLibero1,train
clip_004773,train/non-gioco/clip_004773.mp4,video1,1772.536301210896,1774.368711987943,non-gioco,train
clip_004774,train/non-gioco/clip_004774.mp4,video1,1774.65,1775.23,non-gioco,train
clip_004775,train/passaggio/clip_004775.mp4,video1,1775.613,1775.984,passaggio,train
clip_004776,train/idle/clip_004776.mp4,video1,1782.0954273625898,1782.3624273625896,idle,train
clip_004777,train/passaggio/clip_004777.mp4,video1,1785.097,1785.936,passaggio,train
clip_004778,train/passaggio/clip_004778.mp4,video1,1787.048,1787.597,passaggio,train
clip_004779,train/passaggio/clip_004779.mp4,video1,1788.903,1789.903,passaggio,train
clip_004780,train/tiroDaDue1/clip_004780.mp4,video1,1792.29,1793.677,tiroDaDue1,train
clip_004781,train/non-gioco/clip_004781.mp4,video1,1794.38,1796.38,non-gioco,train
clip_004782,train/passaggio/clip_004782.mp4,video1,1796.694,1797.339,passaggio,train
clip_004783,train/idle/clip_004783.mp4,video1,1800.946102251598,1801.1461022515978,idle,train
clip_004784,train/passaggio/clip_004784.mp4,video1,1803.387,1803.774,passaggio,train
clip_004785,train/passaggio/clip_004785.mp4,video1,1805.097,1805.5,passaggio,train
clip_004786,train/tiroDaDue1/clip_004786.mp4,video1,1807.726,1808.548,tiroDaDue1,train
clip_004787,train/non-gioco/clip_004787.mp4,video1,1809.04,1810.28,non-gioco,train
clip_004788,train/passaggio/clip_004788.mp4,video1,1810.613,1811.258,passaggio,train
clip_004789,train/tiroDaDue1/clip_004789.mp4,video1,1820.742,1822.194,tiroDaDue1,train
clip_004790,train/passaggio/clip_004790.mp4,video1,1823.934,1824.526,passaggio,train
clip_004791,train/passaggio/clip_004791.mp4,video1,1829.242,1829.823,passaggio,train
clip_004792,train/passaggio/clip_004792.mp4,video1,1832.194,1832.565,passaggio,train
clip_004793,train/passaggio/clip_004793.mp4,video1,1834.194,1834.839,passaggio,train
clip_004794,train/passaggio/clip_004794.mp4,video1,1836.645,1837.048,passaggio,train
clip_004795,train/passaggio/clip_004795.mp4,video1,1839.855,1840.419,passaggio,train
clip_004796,train/tiroDaDue0/clip_004796.mp4,video1,1841.226,1843.226,tiroDaDue0,train
clip_004797,train/idle/clip_004797.mp4,video1,1844.1732934747897,1844.6832934747897,idle,train
clip_004798,train/passaggio/clip_004798.mp4,video1,1847.758,1848.081,passaggio,train
clip_004799,train/passaggio/clip_004799.mp4,video1,1851.161,1852.016,passaggio,train
clip_004800,train/tiroDaTre0/clip_004800.mp4,video1,1853.21,1855.226,tiroDaTre0,train
clip_004801,train/passaggio/clip_004801.mp4,video1,1858.532,1859.226,passaggio,train
clip_004802,train/idle/clip_004802.mp4,video1,1860.0625940450013,1861.2325940450014,idle,train
clip_004803,train/passaggio/clip_004803.mp4,video1,1861.952,1862.419,passaggio,train
clip_004804,train/passaggio/clip_004804.mp4,video1,1864.597,1865.161,passaggio,train
clip_004805,train/tiroDaDue1/clip_004805.mp4,video1,1865.613,1866.855,tiroDaDue1,train
clip_004806,train/passaggio/clip_004806.mp4,video1,1868.952,1869.645,passaggio,train
clip_004807,train/tiroDaDue1/clip_004807.mp4,video1,1873.839,1875.016,tiroDaDue1,train
clip_004808,train/passaggio/clip_004808.mp4,video1,1878.045,1878.545,passaggio,train
clip_004809,train/passaggio/clip_004809.mp4,video1,1879.818,1880.273,passaggio,train
clip_004810,train/passaggio/clip_004810.mp4,video1,1883.936,1884.887,passaggio,train
clip_004811,train/idle/clip_004811.mp4,video1,1888.549608753664,1890.0166087536638,idle,train
clip_004812,train/non-gioco/clip_004812.mp4,video1,1893.3070920330185,1896.7122859233048,non-gioco,train
clip_004813,train/non-gioco/clip_004813.mp4,video1,1905.416024528426,1908.9149545459707,non-gioco,train
clip_004814,train/idle/clip_004814.mp4,video1,1909.8917691326556,1910.6417691326556,idle,train
clip_004815,train/non-gioco/clip_004815.mp4,video1,1910.76556642322,1912.3720493778344,non-gioco,train
clip_004816,train/non-gioco/clip_004816.mp4,video1,1921.8553060975373,1923.366588954982,non-gioco,train
clip_004817,train/non-gioco/clip_004817.mp4,video1,1923.0808207002472,1924.1191549658183,non-gioco,train
clip_004818,train/non-gioco/clip_004818.mp4,video1,1926.38,1927.63,non-gioco,train
clip_004819,train/passaggio/clip_004819.mp4,video1,1928.177,1928.79,passaggio,train
clip_004820,train/passaggio/clip_004820.mp4,video1,1929.742,1929.968,passaggio,train
clip_004821,train/passaggio/clip_004821.mp4,video1,1930.581,1931.081,passaggio,train
clip_004822,train/passaggio/clip_004822.mp4,video1,1932.5,1933.21,passaggio,train
clip_004823,train/idle/clip_004823.mp4,video1,1938.4102988588643,1938.9422988588644,idle,train
clip_004824,train/non-gioco/clip_004824.mp4,video1,1939.2756874033412,1941.6558856347108,non-gioco,train
clip_004825,train/non-gioco/clip_004825.mp4,video1,1943.17,1944.52,non-gioco,train
clip_004826,train/passaggio/clip_004826.mp4,video1,1945.516,1946.145,passaggio,train
clip_004827,train/passaggio/clip_004827.mp4,video1,1946.645,1947.145,passaggio,train
clip_004828,train/passaggio/clip_004828.mp4,video1,1949.742,1950.419,passaggio,train
clip_004829,train/passaggio/clip_004829.mp4,video1,1951.758,1952.339,passaggio,train
clip_004830,train/idle/clip_004830.mp4,video1,1953.059967045826,1954.883967045826,idle,train
clip_004831,train/passaggio/clip_004831.mp4,video1,1955.855,1956.274,passaggio,train
clip_004832,train/passaggio/clip_004832.mp4,video1,1959.677,1960.306,passaggio,train
clip_004833,train/tiroDaTre1/clip_004833.mp4,video1,1960.871,1962.419,tiroDaTre1,train
clip_004834,train/passaggio/clip_004834.mp4,video1,1964.227,1964.636,passaggio,train
clip_004835,train/passaggio/clip_004835.mp4,video1,1979.226,1979.581,passaggio,train
clip_004836,train/passaggio/clip_004836.mp4,video1,1980.68,1981.92,passaggio,train
clip_004837,train/passaggio/clip_004837.mp4,video1,1985.403,1985.871,passaggio,train
clip_004838,train/idle/clip_004838.mp4,video1,1987.3267264335761,1988.3067264335762,idle,train
clip_004839,train/idle/clip_004839.mp4,video1,1989.6288054097597,1990.0978054097598,idle,train
clip_004840,train/non-gioco/clip_004840.mp4,video1,1993.3765833705,1995.2747322593789,non-gioco,train
clip_004841,train/non-gioco/clip_004841.mp4,video1,1998.8916163910992,2001.1736577411586,non-gioco,train
clip_004842,train/non-gioco/clip_004842.mp4,video1,1999.9344359778177,2001.88609033875,non-gioco,train
clip_004843,train/idle/clip_004843.mp4,video1,2007.6237079221175,2008.0937079221176,idle,train
clip_004844,train/non-gioco/clip_004844.mp4,video1,2013.15,2013.92,non-gioco,train
clip_004845,train/passaggio/clip_004845.mp4,video1,2015.231,2015.646,passaggio,train
clip_004846,train/tiroDaDue0/clip_004846.mp4,video1,2016.404,2017.663,tiroDaDue0,train
clip_004847,train/passaggio/clip_004847.mp4,video1,2019.461,2019.798,passaggio,train
clip_004848,train/idle/clip_004848.mp4,video1,2022.196068314669,2023.366068314669,idle,train
clip_004849,train/passaggio/clip_004849.mp4,video1,2024.375,2024.923,passaggio,train
clip_004850,train/passaggio/clip_004850.mp4,video1,2025.346,2025.644,passaggio,train
clip_004851,train/passaggio/clip_004851.mp4,video1,2025.952,2026.298,passaggio,train
clip_004852,train/passaggio/clip_004852.mp4,video1,2028.859,2029.211,passaggio,train
clip_004853,train/passaggio/clip_004853.mp4,video1,2034.279,2034.567,passaggio,train
clip_004854,train/passaggio/clip_004854.mp4,video1,2036.529,2036.971,passaggio,train
clip_004855,train/passaggio/clip_004855.mp4,video1,2041.327,2043.336,passaggio,train
clip_004856,train/idle/clip_004856.mp4,video1,2044.0915809071282,2044.3515809071282,idle,train
clip_004857,train/non-gioco/clip_004857.mp4,video1,2049.2455111060294,2050.492031684943,non-gioco,train
clip_004858,train/passaggio/clip_004858.mp4,video1,2050.606,2051.346,passaggio,train
clip_004859,train/passaggio/clip_004859.mp4,video1,2054.75,2055.086,passaggio,train
clip_004860,train/tiroDaTre0/clip_004860.mp4,video1,2056.327,2057.586,tiroDaTre0,train
clip_004861,train/passaggio/clip_004861.mp4,video1,2059.635,2059.971,passaggio,train
clip_004862,train/passaggio/clip_004862.mp4,video1,2064.971,2065.2,passaggio,train
clip_004863,train/passaggio/clip_004863.mp4,video1,2066.586,2066.99,passaggio,train
clip_004864,train/passaggio/clip_004864.mp4,video1,2069.731,2070.26,passaggio,train
clip_004865,train/non-gioco/clip_004865.mp4,video1,2076.84959396032,2080.1354202075636,non-gioco,train
clip_004866,train/non-gioco/clip_004866.mp4,video1,2083.458758410931,2085.632484465987,non-gioco,train
clip_004867,train/passaggio/clip_004867.mp4,video1,2087.798,2088.336,passaggio,train
clip_004868,train/passaggio/clip_004868.mp4,video1,2089.586,2089.788,passaggio,train
clip_004869,train/non-gioco/clip_004869.mp4,video1,2096.5404483363545,2098.0936335821452,non-gioco,train
clip_004870,train/non-gioco/clip_004870.mp4,video1,2104.4501178251007,2106.8979751401944,non-gioco,train
clip_004871,train/idle/clip_004871.mp4,video1,2108.4981552064496,2108.8911552064496,idle,train
clip_004872,train/non-gioco/clip_004872.mp4,video1,2108.9724652731456,2111.0072906995924,non-gioco,train
clip_004873,train/non-gioco/clip_004873.mp4,video1,2120.5011680036955,2122.15310327847,non-gioco,train
clip_004874,train/idle/clip_004874.mp4,video1,2124.0540087695445,2124.637008769544,idle,train
clip_004875,train/passaggio/clip_004875.mp4,video1,2127.613,2128.048,passaggio,train
clip_004876,train/idle/clip_004876.mp4,video1,2133.077809560978,2133.4578095609777,idle,train
clip_004877,train/tiroDaDue0/clip_004877.mp4,video1,2137.355,2138.581,tiroDaDue0,train
clip_004878,train/idle/clip_004878.mp4,video1,2140.2786786301895,2141.1286786301894,idle,train
clip_004879,train/passaggio/clip_004879.mp4,video1,2142.387,2142.887,passaggio,train
clip_004880,train/passaggio/clip_004880.mp4,video1,2149.194,2149.597,passaggio,train
clip_004881,train/tiroDaDue1/clip_004881.mp4,video1,2152.05,2153.03,tiroDaDue1,train
clip_004882,train/non-gioco/clip_004882.mp4,video1,2160.000540414712,2161.381568940172,non-gioco,train
clip_004883,train/idle/clip_004883.mp4,video1,2164.4151613089434,2164.6951613089436,idle,train
clip_004884,train/non-gioco/clip_004884.mp4,video1,2166.2793885651845,2168.5276422711077,non-gioco,train
clip_004885,train/non-gioco/clip_004885.mp4,video1,2170.141936555789,2172.091535992642,non-gioco,train
clip_004886,train/idle/clip_004886.mp4,video1,2172.393150985627,2173.1011509856276,idle,train
clip_004887,train/non-gioco/clip_004887.mp4,video1,2175.51,2177.28,non-gioco,train
clip_004888,train/idle/clip_004888.mp4,video1,2178.112756019176,2178.672756019176,idle,train
clip_004889,train/idle/clip_004889.mp4,video1,2178.771855699861,2179.171855699861,idle,train
clip_004890,train/tiroLibero1/clip_004890.mp4,video1,2180.968,2182.065,tiroLibero1,train
clip_004891,train/non-gioco/clip_004891.mp4,video1,2182.53,2184.7,non-gioco,train
clip_004892,train/passaggio/clip_004892.mp4,video1,2185.048,2185.5,passaggio,train
clip_004893,train/passaggio/clip_004893.mp4,video1,2189.21,2189.609,passaggio,train
clip_004894,train/passaggio/clip_004894.mp4,video1,2191.967,2192.26,passaggio,train
clip_004895,train/tiroDaDue0/clip_004895.mp4,video1,2193.298,2194.558,tiroDaDue0,train
clip_004896,train/passaggio/clip_004896.mp4,video1,2196.829,2197.845,passaggio,train
clip_004897,train/tiroDaDue1/clip_004897.mp4,video1,2199.801,2200.354,tiroDaDue1,train
clip_004898,train/non-gioco/clip_004898.mp4,video1,2203.193340421379,2204.340170550331,non-gioco,train
clip_004899,train/idle/clip_004899.mp4,video1,2208.0456459716047,2208.335645971605,idle,train
clip_004900,train/idle/clip_004900.mp4,video1,2211.4431478024844,2211.985147802485,idle,train
clip_004901,train/non-gioco/clip_004901.mp4,video1,2220.944619526685,2223.65673605755,non-gioco,train
clip_004902,train/idle/clip_004902.mp4,video1,2232.0361122339077,2232.7261122339078,idle,train
clip_004903,train/non-gioco/clip_004903.mp4,video1,2239.5797125840268,2242.1839487200236,non-gioco,train
clip_004904,train/idle/clip_004904.mp4,video1,2244.271408220699,2245.051408220699,idle,train
clip_004905,train/idle/clip_004905.mp4,video1,2247.666581109453,2249.4665811094533,idle,train
clip_004906,train/non-gioco/clip_004906.mp4,video1,2251.8014482278145,2254.156790366193,non-gioco,train
clip_004907,train/idle/clip_004907.mp4,video1,2255.2091508392846,2255.609150839284,idle,train
clip_004908,train/non-gioco/clip_004908.mp4,video1,2258.7545416706066,2260.177705947757,non-gioco,train
clip_004909,train/non-gioco/clip_004909.mp4,video1,2261.3649226399075,2264.0354614983903,non-gioco,train
clip_004910,train/non-gioco/clip_004910.mp4,video1,2264.8003934809294,2266.220977595808,non-gioco,train
clip_004911,train/non-gioco/clip_004911.mp4,video1,2273.936594795871,2276.1573855990064,non-gioco,train
clip_004912,train/non-gioco/clip_004912.mp4,video1,2275.3571262337164,2278.4738696916734,non-gioco,train
clip_004913,train/non-gioco/clip_004913.mp4,video1,2277.107522217648,2280.1615020668787,non-gioco,train
clip_004914,train/passaggio/clip_004914.mp4,video1,2283.08,2283.77,passaggio,train
clip_004915,train/passaggio/clip_004915.mp4,video1,2287.972,2288.818,passaggio,train
clip_004916,train/passaggio/clip_004916.mp4,video1,2292.558,2293.109,passaggio,train
clip_004917,train/passaggio/clip_004917.mp4,video1,2295.519,2295.995,passaggio,train
clip_004918,train/passaggio/clip_004918.mp4,video1,2297.066,2297.309,passaggio,train
clip_004919,train/passaggio/clip_004919.mp4,video1,2298.984,2299.348,passaggio,train
clip_004920,train/idle/clip_004920.mp4,video1,2301.3000048489075,2301.8290048489075,idle,train
clip_004921,train/non-gioco/clip_004921.mp4,video1,2306.4577645947725,2308.4887451508116,non-gioco,train
clip_004922,train/non-gioco/clip_004922.mp4,video1,2309.53,2310.07,non-gioco,train
clip_004923,train/passaggio/clip_004923.mp4,video1,2312.525,2313.1,passaggio,train
clip_004924,train/tiroDaDue0/clip_004924.mp4,video1,2319.0,2320.05,tiroDaDue0,train
clip_004925,train/non-gioco/clip_004925.mp4,video1,2320.07,2324.59,non-gioco,train
clip_004926,train/non-gioco/clip_004926.mp4,video1,2328.8835209713734,2330.462104451567,non-gioco,train
clip_004927,train/non-gioco/clip_004927.mp4,video1,2332.24,2334.61,non-gioco,train
clip_004928,train/tiroLibero0/clip_004928.mp4,video1,2339.05,2339.89,tiroLibero0,train
clip_004929,train/non-gioco/clip_004929.mp4,video1,2340.47,2345.47,non-gioco,train
clip_004930,train/tiroLibero0/clip_004930.mp4,video1,2348.768,2349.343,tiroLibero0,train
clip_004931,train/idle/clip_004931.mp4,video1,2350.5671536135524,2351.405153613552,idle,train
clip_004932,train/passaggio/clip_004932.mp4,video1,2352.096,2352.859,passaggio,train
clip_004933,train/passaggio/clip_004933.mp4,video1,2356.971,2357.317,passaggio,train
clip_004934,train/passaggio/clip_004934.mp4,video1,2359.327,2359.577,passaggio,train
clip_004935,train/passaggio/clip_004935.mp4,video1,2361.99,2362.194,passaggio,train
clip_004936,train/tiroDaDue0/clip_004936.mp4,video1,2362.8,2363.29,tiroDaDue0,train
clip_004937,train/non-gioco/clip_004937.mp4,video1,2375.9486259790306,2376.9714796332573,non-gioco,train
clip_004938,train/non-gioco/clip_004938.mp4,video1,2377.622189048745,2380.2890758726285,non-gioco,train
clip_004939,train/non-gioco/clip_004939.mp4,video1,2378.1053625116283,2380.0383642433453,non-gioco,train
clip_004940,train/non-gioco/clip_004940.mp4,video1,2388.96,2390.07,non-gioco,train
clip_004941,train/tiroLibero0/clip_004941.mp4,video1,2397.327,2398.462,tiroLibero0,train
clip_004942,train/non-gioco/clip_004942.mp4,video1,2402.9263965606406,2405.134406944695,non-gioco,train
clip_004943,train/tiroLibero1/clip_004943.mp4,video1,2412.904,2414.0,tiroLibero1,train
clip_004944,train/non-gioco/clip_004944.mp4,video1,2419.623351342775,2420.6398822352553,non-gioco,train
clip_004945,train/idle/clip_004945.mp4,video1,2421.5907442914286,2421.8337442914285,idle,train
clip_004946,train/idle/clip_004946.mp4,video1,2422.5921166029793,2422.9721166029794,idle,train
clip_004947,train/non-gioco/clip_004947.mp4,video1,2424.73,2425.25,non-gioco,train
clip_004948,train/passaggio/clip_004948.mp4,video1,2428.106,2428.337,passaggio,train
clip_004949,train/passaggio/clip_004949.mp4,video1,2434.12,2434.69,passaggio,train
clip_004950,train/idle/clip_004950.mp4,video1,2437.5647591889065,2438.0927591889063,idle,train
clip_004951,train/idle/clip_004951.mp4,video1,2440.317809928216,2440.692809928216,idle,train
clip_004952,train/passaggio/clip_004952.mp4,video1,2445.817,2446.067,passaggio,train
clip_004953,train/passaggio/clip_004953.mp4,video1,2448.0,2448.51,passaggio,train
clip_004954,train/tiroDaTre0/clip_004954.mp4,video1,2449.327,2450.587,tiroDaTre0,train
clip_004955,train/passaggio/clip_004955.mp4,video1,2452.99,2453.837,passaggio,train
clip_004956,train/tiroDaTre0/clip_004956.mp4,video1,2454.37,2456.5,tiroDaTre0,train
clip_004959,train/passaggio/clip_004959.mp4,video1,2468.43,2468.91,passaggio,train
clip_004960,train/passaggio/clip_004960.mp4,video1,2470.202,2470.923,passaggio,train
clip_004961,train/tiroDaDue1/clip_004961.mp4,video1,2472.298,2472.933,tiroDaDue1,train
clip_004962,train/passaggio/clip_004962.mp4,video1,2474.34,2474.71,passaggio,train
clip_004963,train/passaggio/clip_004963.mp4,video1,2475.79,2476.22,passaggio,train
clip_004964,train/passaggio/clip_004964.mp4,video1,2483.144,2483.394,passaggio,train
clip_004965,train/passaggio/clip_004965.mp4,video1,2485.048,2485.337,passaggio,train
clip_004966,train/idle/clip_004966.mp4,video1,2485.8681026880627,2486.2881026880627,idle,train
clip_004967,train/idle/clip_004967.mp4,video1,2488.7242610145045,2488.930261014504,idle,train
clip_004968,train/tiroDaDue1/clip_004968.mp4,video1,2490.24,2491.385,tiroDaDue1,train
clip_004969,train/passaggio/clip_004969.mp4,video1,2493.09,2493.56,passaggio,train
clip_004970,train/passaggio/clip_004970.mp4,video1,2494.923,2495.183,passaggio,train
clip_004971,train/passaggio/clip_004971.mp4,video1,2496.54,2497.14,passaggio,train
clip_004972,train/idle/clip_004972.mp4,video1,2505.1003493115313,2505.6103493115315,idle,train
clip_004973,train/non-gioco/clip_004973.mp4,video1,2507.7908722837983,2508.8337287778045,non-gioco,train
clip_004974,train/non-gioco/clip_004974.mp4,video1,2509.006741200802,2510.6935930437967,non-gioco,train
clip_004975,train/passaggio/clip_004975.mp4,video1,2512.596,2512.942,passaggio,train
clip_004976,train/tiroDaDue0/clip_004976.mp4,video1,2515.337,2516.423,tiroDaDue0,train
clip_004977,train/passaggio/clip_004977.mp4,video1,2518.192,2518.683,passaggio,train
clip_004978,train/passaggio/clip_004978.mp4,video1,2523.663,2524.192,passaggio,train
clip_004979,train/passaggio/clip_004979.mp4,video1,2528.779,2529.115,passaggio,train
clip_004980,train/idle/clip_004980.mp4,video1,2530.5479326336754,2530.9549326336755,idle,train
clip_004981,train/non-gioco/clip_004981.mp4,video1,2541.8145660968485,2544.4996484771464,non-gioco,train
clip_004982,train/passaggio/clip_004982.mp4,video1,2546.41,2547.25,passaggio,train
clip_004983,train/passaggio/clip_004983.mp4,video1,2549.163,2549.394,passaggio,train
clip_004984,train/passaggio/clip_004984.mp4,video1,2550.471,2550.901,passaggio,train
clip_004985,train/passaggio/clip_004985.mp4,video1,2552.5,2552.827,passaggio,train
clip_004986,train/passaggio/clip_004986.mp4,video1,2554.606,2555.058,passaggio,train
clip_004987,train/passaggio/clip_004987.mp4,video1,2561.106,2561.365,passaggio,train
clip_004988,train/tiroDaDue0/clip_004988.mp4,video1,2563.22,2565.12,tiroDaDue0,train
clip_004989,train/non-gioco/clip_004989.mp4,video1,2566.5863876677095,2569.8608210827065,non-gioco,train
clip_004990,train/non-gioco/clip_004990.mp4,video1,2567.4552390595877,2568.6960237852163,non-gioco,train
clip_004991,train/non-gioco/clip_004991.mp4,video1,2581.93,2583.61,non-gioco,train
clip_004992,train/tiroLibero0/clip_004992.mp4,video1,2586.895,2588.153,tiroLibero0,train
clip_004993,train/non-gioco/clip_004993.mp4,video1,2589.99,2591.61,non-gioco,train
clip_004994,train/tiroLibero1/clip_004994.mp4,video1,2597.563,2598.706,tiroLibero1,train
clip_004995,train/non-gioco/clip_004995.mp4,video1,2599.71,2602.76,non-gioco,train
clip_004996,train/passaggio/clip_004996.mp4,video1,2603.017,2603.256,passaggio,train
clip_004997,train/passaggio/clip_004997.mp4,video1,2603.803,2604.173,passaggio,train
clip_004998,train/passaggio/clip_004998.mp4,video1,2608.95,2609.5,passaggio,train
clip_004999,train/passaggio/clip_004999.mp4,video1,2612.763,2612.991,passaggio,train
clip_005000,train/passaggio/clip_005000.mp4,video1,2615.749,2615.935,passaggio,train
clip_005001,train/idle/clip_005001.mp4,video1,2617.291617256579,2617.6416172565787,idle,train
clip_005002,train/passaggio/clip_005002.mp4,video1,2622.893,2623.163,passaggio,train
clip_005003,train/tiroDaDue0/clip_005003.mp4,video1,2631.076,2631.689,tiroDaDue0,train
clip_005004,train/tiroDaDue0/clip_005004.mp4,video1,2633.08,2633.685,tiroDaDue0,train
clip_005005,train/tiroDaDue1/clip_005005.mp4,video1,2635.599,2635.931,tiroDaDue1,train
clip_005006,train/passaggio/clip_005006.mp4,video1,2639.08,2639.59,passaggio,train
clip_005007,train/passaggio/clip_005007.mp4,video1,2647.024,2647.336,passaggio,train
clip_005008,train/idle/clip_005008.mp4,video1,2650.330193378651,2651.086193378651,idle,train
clip_005009,train/tiroDaDue0/clip_005009.mp4,video1,2653.92,2654.78,tiroDaDue0,train
clip_005010,train/passaggio/clip_005010.mp4,video1,2656.938,2657.194,passaggio,train
clip_005011,train/non-gioco/clip_005011.mp4,video1,2666.7373920573627,2669.775428034146,non-gioco,train
clip_005012,train/non-gioco/clip_005012.mp4,video1,2670.6823141197183,2672.162144262197,non-gioco,train
clip_005013,train/non-gioco/clip_005013.mp4,video1,2678.61,2679.93,non-gioco,train
clip_005014,train/passaggio/clip_005014.mp4,video1,2682.581,2683.19,passaggio,train
clip_005015,train/tiroDaDue0/clip_005015.mp4,video1,2683.616,2685.166,tiroDaDue0,train
clip_005016,train/passaggio/clip_005016.mp4,video1,2688.187,2688.72,passaggio,train
clip_005017,train/passaggio/clip_005017.mp4,video1,2692.118,2692.512,passaggio,train
clip_005018,train/passaggio/clip_005018.mp4,video1,2694.19,2694.433,passaggio,train
clip_005019,train/tiroDaDue1/clip_005019.mp4,video1,2695.308,2695.685,tiroDaDue1,train
clip_005020,train/passaggio/clip_005020.mp4,video1,2703.11,2704.33,passaggio,train
clip_005021,train/passaggio/clip_005021.mp4,video1,2705.85,2706.7,passaggio,train
clip_005022,train/passaggio/clip_005022.mp4,video1,2712.955,2713.183,passaggio,train
clip_005023,train/non-gioco/clip_005023.mp4,video1,2722.7484437492076,2724.740684805453,non-gioco,train
clip_005024,train/non-gioco/clip_005024.mp4,video1,2725.8600717590953,2727.87514028378,non-gioco,train
clip_005025,train/passaggio/clip_005025.mp4,video1,2737.096,2737.67,passaggio,train
clip_005026,train/passaggio/clip_005026.mp4,video1,2740.67,2740.99,passaggio,train
clip_005027,train/passaggio/clip_005027.mp4,video1,2743.543,2743.841,passaggio,train
clip_005028,train/tiroDaTre0/clip_005028.mp4,video1,2745.809,2747.287,tiroDaTre0,train
clip_005029,train/passaggio/clip_005029.mp4,video1,2750.021,2750.692,passaggio,train
clip_005030,train/tiroDaDue1/clip_005030.mp4,video1,2752.213,2753.117,tiroDaDue1,train
clip_005031,train/non-gioco/clip_005031.mp4,video1,2754.6918779347916,2755.832165282614,non-gioco,train
clip_005032,train/non-gioco/clip_005032.mp4,video1,2761.1968945246394,2764.0958591500817,non-gioco,train
clip_005033,train/non-gioco/clip_005033.mp4,video1,2771.3364905886388,2774.812073167738,non-gioco,train
clip_005034,train/non-gioco/clip_005034.mp4,video1,2793.462074730639,2794.8905336686917,non-gioco,train
clip_005035,train/non-gioco/clip_005035.mp4,video1,2795.799986252431,2797.038390841108,non-gioco,train
clip_005036,train/non-gioco/clip_005036.mp4,video1,2797.3527407020206,2799.30090075762,non-gioco,train
clip_005037,train/idle/clip_005037.mp4,video1,2804.4957953944768,2804.9837953944766,idle,train
clip_005038,train/non-gioco/clip_005038.mp4,video1,2815.4419861909423,2817.5267603208713,non-gioco,train
clip_005039,train/non-gioco/clip_005039.mp4,video1,2819.8898628309475,2822.5999668946233,non-gioco,train
clip_005040,train/non-gioco/clip_005040.mp4,video1,2820.7600778710976,2823.3944171699954,non-gioco,train
clip_005041,train/non-gioco/clip_005041.mp4,video1,2820.928416945002,2823.3430585148794,non-gioco,train
clip_005042,train/passaggio/clip_005042.mp4,video1,2836.032,2836.575,passaggio,train
clip_005043,train/passaggio/clip_005043.mp4,video1,2838.053,2838.383,passaggio,train
clip_005044,train/passaggio/clip_005044.mp4,video1,2848.107,2848.404,passaggio,train
clip_005045,train/tiroDaDue1/clip_005045.mp4,video1,2854.86,2856.36,tiroDaDue1,train
clip_005046,train/non-gioco/clip_005046.mp4,video1,2857.935890683054,2860.124641402167,non-gioco,train
clip_005047,train/non-gioco/clip_005047.mp4,video1,2863.7088400505486,2864.815219444591,non-gioco,train
clip_005048,train/non-gioco/clip_005048.mp4,video1,2885.347501203521,2888.517793429975,non-gioco,train
clip_005049,train/non-gioco/clip_005049.mp4,video1,2888.425898914892,2889.611769064706,non-gioco,train
clip_005050,train/non-gioco/clip_005050.mp4,video1,2892.19,2892.64,non-gioco,train
clip_005051,train/tiroLibero1/clip_005051.mp4,video1,2900.298,2901.628,tiroLibero1,train
clip_005052,train/passaggio/clip_005052.mp4,video1,2903.341,2903.745,passaggio,train
clip_005053,train/passaggio/clip_005053.mp4,video1,2907.894,2908.16,passaggio,train
clip_005054,train/passaggio/clip_005054.mp4,video1,2909.734,2909.926,passaggio,train
clip_005055,train/passaggio/clip_005055.mp4,video1,2911.192,2911.415,passaggio,train
clip_005056,train/tiroDaDue0/clip_005056.mp4,video1,2913.883,2914.447,tiroDaDue0,train
clip_005057,train/passaggio/clip_005057.mp4,video1,2915.841,2916.138,passaggio,train
clip_005058,train/passaggio/clip_005058.mp4,video1,2917.724,2917.915,passaggio,train
clip_005059,train/passaggio/clip_005059.mp4,video1,2921.202,2921.458,passaggio,train
clip_005060,train/passaggio/clip_005060.mp4,video1,2922.649,2923.011,passaggio,train
clip_005061,train/passaggio/clip_005061.mp4,video1,2924.255,2924.596,passaggio,train
clip_005062,train/passaggio/clip_005062.mp4,video1,2927.426,2927.968,passaggio,train
clip_005063,train/tiroDaTre1/clip_005063.mp4,video1,2928.66,2930.309,tiroDaTre1,train
clip_005064,train/passaggio/clip_005064.mp4,video1,2932.63,2933.28,passaggio,train
clip_005065,train/passaggio/clip_005065.mp4,video1,2938.787,2939.224,passaggio,train
clip_005066,train/passaggio/clip_005066.mp4,video1,2943.458,2943.851,passaggio,train
clip_005067,train/passaggio/clip_005067.mp4,video1,2946.681,2947.777,passaggio,train
clip_005068,train/passaggio/clip_005068.mp4,video1,2954.255,2954.734,passaggio,train
clip_005069,train/tiroDaTre0/clip_005069.mp4,video1,2957.36,2958.27,tiroDaTre0,train
clip_005070,train/idle/clip_005070.mp4,video1,2966.8093602227477,2967.509360222748,idle,train
clip_005071,train/idle/clip_005071.mp4,video1,2971.5093068850383,2972.0543068850384,idle,train
clip_005072,train/non-gioco/clip_005072.mp4,video1,2975.9487892003935,2979.1970683275563,non-gioco,train
clip_005073,train/non-gioco/clip_005073.mp4,video1,2982.448437983021,2984.916028243232,non-gioco,train
clip_005074,train/non-gioco/clip_005074.mp4,video1,2989.402077879823,2990.4843323302066,non-gioco,train
clip_005075,train/non-gioco/clip_005075.mp4,video1,2989.8204867536447,2991.606698486711,non-gioco,train
clip_005076,train/non-gioco/clip_005076.mp4,video1,2992.87,2993.48,non-gioco,train
clip_005077,train/tiroLibero1/clip_005077.mp4,video1,3002.745,3004.16,tiroLibero1,train
clip_005078,train/non-gioco/clip_005078.mp4,video1,3008.7822839223304,3011.5640624222037,non-gioco,train
clip_005079,train/tiroLibero1/clip_005079.mp4,video1,3022.021,3023.287,tiroLibero1,train
clip_005080,train/non-gioco/clip_005080.mp4,video1,3024.37,3028.37,non-gioco,train
clip_005081,train/tiroLibero1/clip_005081.mp4,video1,3033.894,3035.415,tiroLibero1,train
clip_005082,train/passaggio/clip_005082.mp4,video1,3036.46,3037.15,passaggio,train
clip_005083,train/passaggio/clip_005083.mp4,video1,3041.67,3042.128,passaggio,train
clip_005084,train/tiroDaDue1/clip_005084.mp4,video1,3044.458,3045.298,tiroDaDue1,train
clip_005085,train/passaggio/clip_005085.mp4,video1,3047.341,3047.649,passaggio,train
clip_005086,train/passaggio/clip_005086.mp4,video1,3058.053,3058.5,passaggio,train
clip_005087,train/passaggio/clip_005087.mp4,video1,3059.05,3059.65,passaggio,train
clip_005088,train/tiroDaDue1/clip_005088.mp4,video1,3065.458,3066.777,tiroDaDue1,train
clip_005089,train/passaggio/clip_005089.mp4,video1,3067.77,3068.4,passaggio,train
clip_005090,train/passaggio/clip_005090.mp4,video1,3068.958,3069.404,passaggio,train
clip_005091,train/passaggio/clip_005091.mp4,video1,3073.65,3074.25,passaggio,train
clip_005092,train/idle/clip_005092.mp4,video1,3074.976383478663,3075.3563834786632,idle,train
clip_005093,train/non-gioco/clip_005093.mp4,video1,3076.5987682803416,3077.7911120089448,non-gioco,train
clip_005094,train/non-gioco/clip_005094.mp4,video1,3085.558537078371,3087.159717564132,non-gioco,train
clip_005095,train/non-gioco/clip_005095.mp4,video1,3089.38,3089.88,non-gioco,train
clip_005096,train/passaggio/clip_005096.mp4,video1,3089.98,3090.54,passaggio,train
clip_005097,train/passaggio/clip_005097.mp4,video1,3093.479,3093.777,passaggio,train
clip_005098,train/passaggio/clip_005098.mp4,video1,3097.745,3098.277,passaggio,train
clip_005099,train/passaggio/clip_005099.mp4,video1,3098.67,3098.947,passaggio,train
clip_005100,train/passaggio/clip_005100.mp4,video1,3099.692,3100.16,passaggio,train
clip_005101,train/passaggio/clip_005101.mp4,video1,3101.096,3101.458,passaggio,train
clip_005102,train/non-gioco/clip_005102.mp4,video1,3121.4640377042347,3123.293362303289,non-gioco,train
clip_005103,train/non-gioco/clip_005103.mp4,video1,3124.1183814443884,3126.0912729628067,non-gioco,train
clip_005104,train/non-gioco/clip_005104.mp4,video1,3126.537042701918,3127.886919187506,non-gioco,train
clip_005105,train/non-gioco/clip_005105.mp4,video1,3128.12,3128.72,non-gioco,train
clip_005106,train/passaggio/clip_005106.mp4,video1,3133.075,3133.564,passaggio,train
clip_005107,train/idle/clip_005107.mp4,video1,3134.093084283858,3135.3330842838577,idle,train
clip_005108,train/tiroDaTre0/clip_005108.mp4,video1,3136.096,3137.543,tiroDaTre0,train
clip_005109,train/passaggio/clip_005109.mp4,video1,3141.607,3142.649,passaggio,train
clip_005110,train/passaggio/clip_005110.mp4,video1,3143.085,3143.787,passaggio,train
clip_005111,train/passaggio/clip_005111.mp4,video1,3145.117,3145.777,passaggio,train
clip_005112,train/passaggio/clip_005112.mp4,video1,3147.117,3147.617,passaggio,train
clip_005113,train/tiroDaTre0/clip_005113.mp4,video1,3148.255,3149.745,tiroDaTre0,train
clip_005114,train/non-gioco/clip_005114.mp4,video1,3151.638764436515,3155.074572755105,non-gioco,train
clip_005115,train/non-gioco/clip_005115.mp4,video1,3156.820925692625,3159.631334617861,non-gioco,train
clip_005116,train/non-gioco/clip_005116.mp4,video1,3165.38,3166.1,non-gioco,train
clip_005117,train/passaggio/clip_005117.mp4,video1,3166.99,3167.873,passaggio,train
clip_005118,train/tiroDaDue1/clip_005118.mp4,video1,3168.798,3170.458,tiroDaDue1,train
clip_005119,train/passaggio/clip_005119.mp4,video1,3176.67,3177.181,passaggio,train
clip_005120,train/passaggio/clip_005120.mp4,video1,3182.787,3183.447,passaggio,train
clip_005121,train/tiroDaTre1/clip_005121.mp4,video1,3185.011,3186.819,tiroDaTre1,train
clip_005122,train/passaggio/clip_005122.mp4,video1,3188.085,3188.607,passaggio,train
clip_005123,train/passaggio/clip_005123.mp4,video1,3189.17,3189.543,passaggio,train
clip_005124,train/passaggio/clip_005124.mp4,video1,3191.032,3192.234,passaggio,train
clip_005125,train/passaggio/clip_005125.mp4,video1,3193.734,3194.436,passaggio,train
clip_005126,train/passaggio/clip_005126.mp4,video1,3195.011,3195.404,passaggio,train
clip_005127,train/tiroDaTre0/clip_005127.mp4,video1,3198.713,3200.192,tiroDaTre0,train
clip_005128,train/tiroDaDue1/clip_005128.mp4,video1,3201.75,3203.42,tiroDaDue1,train
clip_005129,train/non-gioco/clip_005129.mp4,video1,3204.281487875565,3207.215375165893,non-gioco,train
clip_005130,train/non-gioco/clip_005130.mp4,video1,3214.775963573933,3218.1631095662196,non-gioco,train
clip_005131,train/non-gioco/clip_005131.mp4,video1,3226.6143779589856,3228.4658598251735,non-gioco,train
clip_005132,train/non-gioco/clip_005132.mp4,video1,3228.513380054557,3230.6061006866657,non-gioco,train
clip_005133,train/idle/clip_005133.mp4,video1,3235.098330485287,3235.508330485287,idle,train
clip_005134,train/tiroLibero0/clip_005134.mp4,video1,3240.851,3242.149,tiroLibero0,train
clip_005135,train/idle/clip_005135.mp4,video1,3246.3232163669604,3247.3832163669604,idle,train
clip_005136,train/idle/clip_005136.mp4,video1,3248.8457929371007,3249.2927929371003,idle,train
clip_005137,train/passaggio/clip_005137.mp4,video1,3250.904,3251.16,passaggio,train
clip_005138,train/passaggio/clip_005138.mp4,video1,3251.724,3251.968,passaggio,train
clip_005139,train/passaggio/clip_005139.mp4,video1,3252.575,3252.83,passaggio,train
clip_005140,train/passaggio/clip_005140.mp4,video1,3253.968,3254.351,passaggio,train
clip_005141,train/tiroDaDue1/clip_005141.mp4,video1,3256.692,3257.585,tiroDaDue1,train
clip_005142,train/passaggio/clip_005142.mp4,video1,3259.096,3259.287,passaggio,train
clip_005143,train/passaggio/clip_005143.mp4,video1,3260.5,3261.458,passaggio,train
clip_005144,train/passaggio/clip_005144.mp4,video1,3266.468,3267.702,passaggio,train
clip_005145,train/tiroDaDue1/clip_005145.mp4,video1,3268.851,3270.085,tiroDaDue1,train
clip_005146,train/passaggio/clip_005146.mp4,video1,3272.51,3273.9,passaggio,train
clip_005147,train/passaggio/clip_005147.mp4,video1,3276.011,3276.5,passaggio,train
clip_005148,train/passaggio/clip_005148.mp4,video1,3277.585,3278.564,passaggio,train
clip_005149,train/tiroDaDue0/clip_005149.mp4,video1,3280.86,3282.2,tiroDaDue0,train
clip_005150,train/non-gioco/clip_005150.mp4,video1,3288.340727194835,3290.567235835112,non-gioco,train
clip_005151,train/non-gioco/clip_005151.mp4,video1,3299.88749099572,3301.570808567292,non-gioco,train
clip_005152,train/idle/clip_005152.mp4,video1,3304.564550863469,3304.9325508634693,idle,train
clip_005153,train/idle/clip_005153.mp4,video1,3305.044647923705,3307.124647923705,idle,train
clip_005154,train/tiroLibero0/clip_005154.mp4,video1,3312.564,3313.532,tiroLibero0,train
clip_005155,train/non-gioco/clip_005155.mp4,video1,3315.80889712532,3319.1617542377467,non-gioco,train
clip_005156,train/idle/clip_005156.mp4,video1,3325.9099814790393,3326.169981479039,idle,train
clip_005157,train/tiroLibero0/clip_005157.mp4,video1,3326.862,3328.415,tiroLibero0,train
clip_005158,train/passaggio/clip_005158.mp4,video1,3329.628,3330.16,passaggio,train
clip_005159,train/passaggio/clip_005159.mp4,video1,3334.692,3335.138,passaggio,train
clip_005160,train/passaggio/clip_005160.mp4,video1,3336.021,3336.298,passaggio,train
clip_005161,train/tiroDaTre0/clip_005161.mp4,video1,3343.458,3345.149,tiroDaTre0,train
clip_005162,train/passaggio/clip_005162.mp4,video1,3347.202,3347.958,passaggio,train
clip_005163,train/passaggio/clip_005163.mp4,video1,3350.383,3350.968,passaggio,train
clip_005164,train/passaggio/clip_005164.mp4,video1,3352.032,3352.841,passaggio,train
clip_005165,train/passaggio/clip_005165.mp4,video1,3353.404,3354.17,passaggio,train
clip_005166,train/tiroDaDue0/clip_005166.mp4,video1,3357.81,3359.22,tiroDaDue0,train
clip_005167,train/non-gioco/clip_005167.mp4,video1,3363.660161115931,3364.8652561401136,non-gioco,train
clip_005168,train/idle/clip_005168.mp4,video1,3367.1061415633667,3367.6061415633667,idle,train
clip_005169,train/idle/clip_005169.mp4,video1,3372.557648207262,3372.9276482072623,idle,train
clip_005170,train/non-gioco/clip_005170.mp4,video1,3377.0248569967957,3378.2390922908876,non-gioco,train
clip_005171,train/non-gioco/clip_005171.mp4,video1,3377.2542043842486,3379.953441529469,non-gioco,train
clip_005172,train/non-gioco/clip_005172.mp4,video1,3378.474545128575,3381.469683063082,non-gioco,train
clip_005173,train/tiroLibero0/clip_005173.mp4,video1,3397.107,3398.16,tiroLibero0,train
clip_005174,train/non-gioco/clip_005174.mp4,video1,3402.941269916017,3405.7204628029635,non-gioco,train
clip_005175,train/idle/clip_005175.mp4,video1,3408.2557032846653,3408.8327032846655,idle,train
clip_005176,train/tiroLibero0/clip_005176.mp4,video1,3414.309,3415.649,tiroLibero0,train
clip_005177,train/passaggio/clip_005177.mp4,video1,3421.85,3422.34,passaggio,train
clip_005178,train/passaggio/clip_005178.mp4,video1,3424.021,3424.468,passaggio,train
clip_005179,train/passaggio/clip_005179.mp4,video1,3426.81,3427.2,passaggio,train
clip_005180,train/non-gioco/clip_005180.mp4,video1,3429.7261663130685,3430.9925436073468,non-gioco,train
clip_005181,train/non-gioco/clip_005181.mp4,video1,3436.6357501367524,3438.3101662448507,non-gioco,train
clip_005182,train/non-gioco/clip_005182.mp4,video1,3446.262320344382,3449.1114585668233,non-gioco,train
clip_005183,train/non-gioco/clip_005183.mp4,video1,3448.8713087320366,3449.93696349207,non-gioco,train
clip_005184,train/non-gioco/clip_005184.mp4,video1,3448.9471281967594,3450.7177968346,non-gioco,train
clip_005185,train/non-gioco/clip_005185.mp4,video1,3451.303843974434,3453.6906939759565,non-gioco,train
clip_005186,train/non-gioco/clip_005186.mp4,video1,3453.9019698209013,3455.370449279721,non-gioco,train
clip_005187,train/idle/clip_005187.mp4,video1,3456.091377398484,3456.8313773984837,idle,train
clip_005188,train/idle/clip_005188.mp4,video1,3469.432565156158,3469.852565156158,idle,train
clip_005189,train/idle/clip_005189.mp4,video1,3472.3664700422955,3472.8264700422956,idle,train
clip_005190,train/tiroLibero1/clip_005190.mp4,video1,3490.16,3491.447,tiroLibero1,train
clip_005191,train/idle/clip_005191.mp4,video1,3493.2026710509003,3493.8526710509,idle,train
clip_005192,train/non-gioco/clip_005192.mp4,video1,3496.2087302869136,3497.4413909380633,non-gioco,train
clip_005193,train/tiroLibero1/clip_005193.mp4,video1,3503.49,3504.67,tiroLibero1,train
clip_005194,train/passaggio/clip_005194.mp4,video1,3506.319,3506.841,passaggio,train
clip_005195,train/passaggio/clip_005195.mp4,video1,3512.298,3512.66,passaggio,train
clip_005196,train/passaggio/clip_005196.mp4,video1,3513.809,3514.234,passaggio,train
clip_005197,train/passaggio/clip_005197.mp4,video1,3516.298,3517.0,passaggio,train
clip_005198,train/passaggio/clip_005198.mp4,video1,3522.575,3523.075,passaggio,train
clip_005199,train/tiroDaDue0/clip_005199.mp4,video1,3523.99,3525.43,tiroDaDue0,train
clip_005200,train/non-gioco/clip_005200.mp4,video1,3532.3669175956284,3534.1779934220594,non-gioco,train
clip_005201,train/non-gioco/clip_005201.mp4,video1,3532.4445008456987,3534.1741192239397,non-gioco,train
clip_005202,train/idle/clip_005202.mp4,video1,3537.4559787544404,3539.1989787544403,idle,train
clip_005203,train/tiroLibero0/clip_005203.mp4,video1,3551.181,3552.83,tiroLibero0,train
clip_005204,train/non-gioco/clip_005204.mp4,video1,3558.001559022955,3559.2133078152765,non-gioco,train
clip_005205,train/tiroLibero1/clip_005205.mp4,video1,3565.245,3566.638,tiroLibero1,train
clip_005206,train/idle/clip_005206.mp4,video1,3576.8904805661514,3577.2124805661515,idle,train
clip_005207,train/passaggio/clip_005207.mp4,video1,3580.149,3580.628,passaggio,train
clip_005208,train/tiroDaDue0/clip_005208.mp4,video1,3584.37,3585.53,tiroDaDue0,train
clip_005209,train/non-gioco/clip_005209.mp4,video1,3588.428844378121,3590.8587454549947,non-gioco,train
clip_005210,train/non-gioco/clip_005210.mp4,video1,3601.3834724222957,3604.646491358079,non-gioco,train
clip_005211,train/tiroLibero0/clip_005211.mp4,video1,3608.947,3610.67,tiroLibero0,train
clip_005212,train/non-gioco/clip_005212.mp4,video1,3612.276459393417,3614.228289452139,non-gioco,train
clip_005213,train/idle/clip_005213.mp4,video1,3617.8787167125624,3618.9297167125624,idle,train
clip_005214,train/tiroLibero1/clip_005214.mp4,video1,3621.564,3622.904,tiroLibero1,train
clip_005215,train/non-gioco/clip_005215.mp4,video1,3625.3067908649077,3627.0596190283454,non-gioco,train
clip_005216,train/passaggio/clip_005216.mp4,video1,3636.373,3636.883,passaggio,train
clip_005217,train/passaggio/clip_005217.mp4,video1,3638.202,3638.66,passaggio,train
clip_005218,train/passaggio/clip_005218.mp4,video1,3639.71,3640.03,passaggio,train
clip_005219,train/passaggio/clip_005219.mp4,video1,3641.287,3641.926,passaggio,train
clip_005220,train/tiroDaDue0/clip_005220.mp4,video1,3646.76,3648.13,tiroDaDue0,train
clip_005221,train/idle/clip_005221.mp4,video1,3649.1773554262295,3649.5103554262296,idle,train
clip_005222,train/non-gioco/clip_005222.mp4,video1,3653.0149121444288,3654.207215547917,non-gioco,train
clip_005223,train/non-gioco/clip_005223.mp4,video1,3656.5809030554265,3657.739070931119,non-gioco,train
clip_005224,train/non-gioco/clip_005224.mp4,video1,3657.1111564048833,3659.1639122543147,non-gioco,train
clip_005225,train/idle/clip_005225.mp4,video1,3661.5886393561336,3662.568639356133,idle,train
clip_005226,train/tiroLibero1/clip_005226.mp4,video1,3675.766,3677.66,tiroLibero1,train
clip_005227,train/non-gioco/clip_005227.mp4,video1,3681.907371575796,3683.5238467466634,non-gioco,train
clip_005228,train/tiroLibero1/clip_005228.mp4,video1,3691.107,3692.49,tiroLibero1,train
clip_005229,train/non-gioco/clip_005229.mp4,video1,3694.349343426734,3696.8338594218317,non-gioco,train
clip_005230,train/idle/clip_005230.mp4,video1,3698.9398033833713,3700.1028033833713,idle,train
clip_005231,train/passaggio/clip_005231.mp4,video1,3707.617,3708.17,passaggio,train
clip_005232,train/passaggio/clip_005232.mp4,video1,3708.628,3709.0,passaggio,train
clip_005233,train/passaggio/clip_005233.mp4,video1,3710.479,3710.756,passaggio,train
clip_005234,train/passaggio/clip_005234.mp4,video1,3711.745,3712.075,passaggio,train
clip_005235,train/passaggio/clip_005235.mp4,video1,3714.37,3714.72,passaggio,train
clip_005236,train/non-gioco/clip_005236.mp4,video1,3729.2019166166133,3730.4693475355657,non-gioco,train
clip_005237,train/non-gioco/clip_005237.mp4,video1,3729.5306976235797,3732.9027562795663,non-gioco,train
clip_005238,train/non-gioco/clip_005238.mp4,video1,3730.1375965795396,3731.961450870238,non-gioco,train
clip_005239,train/non-gioco/clip_005239.mp4,video1,3746.7988396724154,3749.349320142102,non-gioco,train
clip_005240,train/non-gioco/clip_005240.mp4,video1,3748.3757439140927,3751.4144325891,non-gioco,train
clip_005241,train/passaggio/clip_005241.mp4,video1,3763.724,3764.245,passaggio,train
clip_005242,train/passaggio/clip_005242.mp4,video1,3765.734,3766.17,passaggio,train
clip_005243,train/passaggio/clip_005243.mp4,video1,3767.543,3768.16,passaggio,train
clip_005244,train/idle/clip_005244.mp4,video1,3769.5136680625837,3769.858668062584,idle,train
clip_005245,train/passaggio/clip_005245.mp4,video1,3771.341,3771.702,passaggio,train
clip_005246,train/passaggio/clip_005246.mp4,video1,3773.787,3774.149,passaggio,train
clip_005247,train/tiroDaTre0/clip_005247.mp4,video1,3775.713,3777.149,tiroDaTre0,train
clip_005248,train/non-gioco/clip_005248.mp4,video1,3782.2863950758483,3785.7219585171097,non-gioco,train
clip_005249,train/non-gioco/clip_005249.mp4,video1,3785.9604544923563,3787.4625832141114,non-gioco,train
clip_005250,train/non-gioco/clip_005250.mp4,video1,3797.804210692213,3799.605873580651,non-gioco,train
clip_005251,train/non-gioco/clip_005251.mp4,video1,3800.6,3801.51,non-gioco,train
clip_005252,train/idle/clip_005252.mp4,video1,3804.617663083249,3805.285663083249,idle,train
clip_005253,train/tiroLibero0/clip_005253.mp4,video1,3807.149,3808.415,tiroLibero0,train
clip_005254,train/non-gioco/clip_005254.mp4,video1,3809.58,3813.95,non-gioco,train
clip_005255,train/tiroLibero1/clip_005255.mp4,video1,3819.096,3820.745,tiroLibero1,train
clip_005256,train/passaggio/clip_005256.mp4,video1,3824.25,3824.86,passaggio,train
clip_005257,train/passaggio/clip_005257.mp4,video1,3827.128,3827.628,passaggio,train
clip_005258,train/non-gioco/clip_005258.mp4,video1,3843.591656083723,3845.320276462673,non-gioco,train
clip_005259,train/non-gioco/clip_005259.mp4,video1,3846.452181084843,3849.86361764258,non-gioco,train
clip_005260,train/passaggio/clip_005260.mp4,video1,3853.47,3854.02,passaggio,train
clip_005261,train/passaggio/clip_005261.mp4,video1,3855.298,3855.638,passaggio,train
clip_005262,train/passaggio/clip_005262.mp4,video1,3856.98,3857.31,passaggio,train
clip_005263,train/passaggio/clip_005263.mp4,video1,3859.192,3859.99,passaggio,train
clip_005264,train/passaggio/clip_005264.mp4,video1,3860.638,3861.16,passaggio,train
clip_005265,train/passaggio/clip_005265.mp4,video1,3862.862,3863.16,passaggio,train
clip_005266,train/tiroDaDue1/clip_005266.mp4,video1,3864.075,3865.032,tiroDaDue1,train
clip_005267,train/passaggio/clip_005267.mp4,video1,3866.52,3866.91,passaggio,train
clip_005268,train/idle/clip_005268.mp4,video1,3868.3674147233432,3868.967414723343,idle,train
clip_005269,train/passaggio/clip_005269.mp4,video1,3871.47,3872.3,passaggio,train
clip_005270,train/passaggio/clip_005270.mp4,video1,3873.575,3874.649,passaggio,train
clip_005271,train/tiroDaDue0/clip_005271.mp4,video1,3876.256,3877.149,tiroDaDue0,train
clip_005272,train/passaggio/clip_005272.mp4,video1,3879.0,3879.638,passaggio,train
clip_005273,train/passaggio/clip_005273.mp4,video1,3881.447,3882.117,passaggio,train
clip_005274,train/tiroDaTre0/clip_005274.mp4,video1,3882.99,3884.904,tiroDaTre0,train
clip_005275,train/passaggio/clip_005275.mp4,video1,3888.979,3889.33,passaggio,train
clip_005276,train/passaggio/clip_005276.mp4,video1,3890.309,3890.649,passaggio,train
clip_005277,train/passaggio/clip_005277.mp4,video1,3892.5,3892.915,passaggio,train
clip_005278,train/passaggio/clip_005278.mp4,video1,3894.532,3895.0,passaggio,train
clip_005279,train/passaggio/clip_005279.mp4,video1,3897.596,3898.032,passaggio,train
clip_005280,train/idle/clip_005280.mp4,video1,3899.3036498569,3899.7636498569,idle,train
clip_005281,train/passaggio/clip_005281.mp4,video1,3901.266,3901.649,passaggio,train
clip_005282,train/passaggio/clip_005282.mp4,video1,3904.287,3904.926,passaggio,train
clip_005283,train/tiroDaDue0/clip_005283.mp4,video1,3907.49,3908.24,tiroDaDue0,train
clip_005284,train/idle/clip_005284.mp4,video1,3912.921498682509,3913.6134986825086,idle,train
clip_005285,train/idle/clip_005285.mp4,video1,3915.6345912067727,3917.474591206773,idle,train
clip_005286,train/non-gioco/clip_005286.mp4,video1,3922.9354578194716,3924.541518561423,non-gioco,train
clip_005287,train/non-gioco/clip_005287.mp4,video1,3923.03102076166,3926.072257050242,non-gioco,train
clip_005288,train/non-gioco/clip_005288.mp4,video1,3929.0835388566534,3931.5641064422794,non-gioco,train
clip_005289,train/non-gioco/clip_005289.mp4,video1,3930.3846840311994,3932.61220231343,non-gioco,train
clip_005290,train/non-gioco/clip_005290.mp4,video1,3930.4537935121803,3931.73851307121,non-gioco,train
clip_005291,train/tiroLibero0/clip_005291.mp4,video1,3955.617,3956.819,tiroLibero0,train
clip_005292,train/non-gioco/clip_005292.mp4,video1,3957.84,3961.69,non-gioco,train
clip_005293,train/tiroLibero1/clip_005293.mp4,video1,3965.617,3966.915,tiroLibero1,train
clip_005294,train/non-gioco/clip_005294.mp4,video1,3971.4821880852433,3974.1864696680686,non-gioco,train
clip_005295,train/idle/clip_005295.mp4,video1,3982.9078730972406,3983.2478730972407,idle,train
clip_005296,train/idle/clip_005296.mp4,video1,3989.5217271955357,3989.7517271955358,idle,train
clip_005297,train/passaggio/clip_005297.mp4,video1,3990.568,3990.919,passaggio,train
clip_005298,train/passaggio/clip_005298.mp4,video1,3993.51,3994.2,passaggio,train
clip_005299,train/tiroDaDue1/clip_005299.mp4,video1,3994.59,3995.63,tiroDaDue1,train
clip_005300,train/passaggio/clip_005300.mp4,video1,3997.12,3997.71,passaggio,train
clip_005301,train/non-gioco/clip_005301.mp4,video1,4007.641529298651,4010.6142212067016,non-gioco,train
clip_005302,train/non-gioco/clip_005302.mp4,video1,4029.6945177755715,4032.2778578747057,non-gioco,train
clip_005303,train/idle/clip_005303.mp4,video1,4035.248676179123,4035.8216761791227,idle,train
clip_005304,train/idle/clip_005304.mp4,video1,4040.5148697461195,4040.9618697461196,idle,train
clip_005305,train/non-gioco/clip_005305.mp4,video1,4044.480313817595,4047.124317929047,non-gioco,train
clip_005306,train/non-gioco/clip_005306.mp4,video1,4055.355443711985,4058.126361340125,non-gioco,train
clip_005307,train/non-gioco/clip_005307.mp4,video1,4058.1049048798864,4061.4874164086023,non-gioco,train
clip_005308,train/non-gioco/clip_005308.mp4,video1,4060.3538283602315,4063.830579896324,non-gioco,train
clip_005309,train/non-gioco/clip_005309.mp4,video1,4063.691866984272,4065.7147209598843,non-gioco,train
clip_005310,train/non-gioco/clip_005310.mp4,video1,4064.6644421966175,4066.666454939941,non-gioco,train
clip_005311,train/idle/clip_005311.mp4,video1,4075.329692144261,4075.5696921442614,idle,train
clip_005312,train/non-gioco/clip_005312.mp4,video1,4081.7660840108215,4084.108348975883,non-gioco,train
clip_005313,train/idle/clip_005313.mp4,video1,4085.413282091509,4085.863282091509,idle,train
clip_005314,train/non-gioco/clip_005314.mp4,video1,4088.1308885519943,4091.43186901319,non-gioco,train
clip_005315,train/non-gioco/clip_005315.mp4,video1,4089.3672887613125,4091.0956167812756,non-gioco,train
clip_005316,train/non-gioco/clip_005316.mp4,video1,4091.6653446846517,4094.3120021059826,non-gioco,train
clip_005317,train/non-gioco/clip_005317.mp4,video1,4099.804621094451,4101.017075929579,non-gioco,train
clip_005318,train/non-gioco/clip_005318.mp4,video1,4101.780380469316,4104.1394934777845,non-gioco,train
clip_005319,train/non-gioco/clip_005319.mp4,video1,4101.880701217589,4104.928115137601,non-gioco,train
clip_005320,train/idle/clip_005320.mp4,video1,4111.82982218505,4112.47482218505,idle,train
clip_005321,train/non-gioco/clip_005321.mp4,video1,4115.947840976876,4117.8466647094165,non-gioco,train
clip_005322,train/idle/clip_005322.mp4,video1,4125.775552630681,4128.015552630681,idle,train
clip_005323,train/passaggio/clip_005323.mp4,video1,4132.136,4132.928,passaggio,train
clip_005324,train/passaggio/clip_005324.mp4,video1,4137.476,4138.101,passaggio,train
clip_005325,train/passaggio/clip_005325.mp4,video1,4139.892,4140.101,passaggio,train
clip_005326,train/passaggio/clip_005326.mp4,video1,4143.282,4143.74,passaggio,train
clip_005327,train/passaggio/clip_005327.mp4,video1,4144.635,4145.074,passaggio,train
clip_005328,train/passaggio/clip_005328.mp4,video1,4146.121,4146.538,passaggio,train
clip_005329,train/passaggio/clip_005329.mp4,video1,4149.06,4149.56,passaggio,train
clip_005330,train/tiroDaTre1/clip_005330.mp4,video1,4151.839,4153.506,tiroDaTre1,train
clip_005331,train/non-gioco/clip_005331.mp4,video1,4153.63,4154.91,non-gioco,train
clip_005332,train/passaggio/clip_005332.mp4,video1,4155.23,4155.55,passaggio,train
clip_005333,train/passaggio/clip_005333.mp4,video1,4158.403,4158.611,passaggio,train
clip_005334,train/tiroDaDue1/clip_005334.mp4,video1,4160.141,4161.391,tiroDaDue1,train
clip_005335,train/passaggio/clip_005335.mp4,video1,4162.338,4162.629,passaggio,train
clip_005336,train/passaggio/clip_005336.mp4,video1,4166.563,4167.188,passaggio,train
clip_005337,train/passaggio/clip_005337.mp4,video1,4168.542,4169.0,passaggio,train
clip_005338,train/tiroDaDue0/clip_005338.mp4,video1,4172.0,4174.197,tiroDaDue0,train
clip_005339,train/tiroDaDue0/clip_005339.mp4,video1,4175.049,4176.07,tiroDaDue0,train
clip_005340,train/non-gioco/clip_005340.mp4,video1,4177.438912089768,4180.0564117097265,non-gioco,train
clip_005341,train/idle/clip_005341.mp4,video1,4180.695203691057,4181.405203691057,idle,train
clip_005342,train/idle/clip_005342.mp4,video1,4184.848379978861,4185.298379978861,idle,train
clip_005343,train/idle/clip_005343.mp4,video1,4186.711794963472,4187.401794963472,idle,train
clip_005344,train/non-gioco/clip_005344.mp4,video1,4187.896212369548,4191.310504313833,non-gioco,train
clip_005345,train/non-gioco/clip_005345.mp4,video1,4194.577766220853,4198.036786735733,non-gioco,train
clip_005346,train/non-gioco/clip_005346.mp4,video1,4197.716909173761,4199.715953539324,non-gioco,train
clip_005347,train/idle/clip_005347.mp4,video1,4203.6323696992895,4205.15236969929,idle,train
clip_005348,train/idle/clip_005348.mp4,video1,4210.748999506386,4211.162999506386,idle,train
clip_005349,train/tiroLibero1/clip_005349.mp4,video1,4212.281,4214.084,tiroLibero1,train
clip_005350,train/non-gioco/clip_005350.mp4,video1,4217.703373720003,4218.729743151964,non-gioco,train
clip_005351,train/tiroLibero0/clip_005351.mp4,video1,4226.674,4228.715,tiroLibero0,train
clip_005352,train/passaggio/clip_005352.mp4,video1,4230.4,4230.775,passaggio,train
clip_005353,train/passaggio/clip_005353.mp4,video1,4237.734,4238.067,passaggio,train
clip_005354,train/tiroDaDue0/clip_005354.mp4,video1,4241.282,4242.28,tiroDaDue0,train
clip_005355,train/non-gioco/clip_005355.mp4,video1,4251.4659243017895,4253.580370680552,non-gioco,train
clip_005356,train/non-gioco/clip_005356.mp4,video1,4254.340809917152,4256.617500518465,non-gioco,train
clip_005357,train/non-gioco/clip_005357.mp4,video1,4255.539356847861,4257.990652586671,non-gioco,train
clip_005358,train/idle/clip_005358.mp4,video1,4258.854723936076,4259.494723936076,idle,train
clip_005359,train/tiroLibero0/clip_005359.mp4,video1,4276.734,4279.359,tiroLibero0,train
clip_005360,train/non-gioco/clip_005360.mp4,video1,4279.8,4281.35,non-gioco,train
clip_005361,train/non-gioco/clip_005361.mp4,video1,4282.737391531046,4285.668247112202,non-gioco,train
clip_005362,train/tiroLibero0/clip_005362.mp4,video1,4293.16,4294.827,tiroLibero0,train
clip_005363,train/passaggio/clip_005363.mp4,video1,4295.957,4296.291,passaggio,train
clip_005364,train/tiroDaDue0/clip_005364.mp4,video1,4300.938,4302.521,tiroDaDue0,train
clip_005365,train/non-gioco/clip_005365.mp4,video1,4304.206672020664,4305.268078653228,non-gioco,train
clip_005366,train/non-gioco/clip_005366.mp4,video1,4307.4908908901025,4309.742055344152,non-gioco,train
clip_005367,train/tiroLibero1/clip_005367.mp4,video1,4324.99,4326.49,tiroLibero1,train
clip_005368,train/non-gioco/clip_005368.mp4,video1,4333.796796038633,4335.836734609948,non-gioco,train
clip_005369,train/tiroLibero0/clip_005369.mp4,video1,4341.116,4342.991,tiroLibero0,train
clip_005370,train/passaggio/clip_005370.mp4,video1,4345.81,4346.018,passaggio,train
clip_005371,train/non-gioco/clip_005371.mp4,video1,4353.336209332229,4354.690397274308,non-gioco,train
clip_005372,train/non-gioco/clip_005372.mp4,video1,4364.6584908812665,4365.948664226164,non-gioco,train
clip_005373,train/passaggio/clip_005373.mp4,video1,4369.433,4369.766,passaggio,train
clip_005374,train/tiroDaDue1/clip_005374.mp4,video1,4372.504,4374.296,tiroDaDue1,train
clip_005375,train/passaggio/clip_005375.mp4,video1,4375.348,4375.681,passaggio,train
clip_005376,train/idle/clip_005376.mp4,video1,4382.649387194072,4383.072387194072,idle,train
clip_005377,train/passaggio/clip_005377.mp4,video1,4383.792,4384.083,passaggio,train
clip_005378,train/non-gioco/clip_005378.mp4,video1,4387.881622923244,4390.019954511309,non-gioco,train
clip_005379,train/non-gioco/clip_005379.mp4,video1,4391.326633886169,4393.533948883117,non-gioco,train
clip_005380,train/passaggio/clip_005380.mp4,video1,4401.721,4402.346,passaggio,train
clip_005381,train/passaggio/clip_005381.mp4,video1,4403.062,4403.33,passaggio,train
clip_005382,train/passaggio/clip_005382.mp4,video1,4404.817,4405.734,passaggio,train
clip_005383,train/tiroDaDue0/clip_005383.mp4,video1,4407.312,4408.396,tiroDaDue0,train
clip_005384,train/non-gioco/clip_005384.mp4,video1,4412.581551606644,4414.378825292189,non-gioco,train
clip_005385,train/idle/clip_005385.mp4,video1,4414.645692255255,4415.137692255255,idle,train
clip_005386,train/non-gioco/clip_005386.mp4,video1,4417.8295380312475,4419.92495287693,non-gioco,train
clip_005387,train/idle/clip_005387.mp4,video1,4432.061785749349,4432.507785749349,idle,train
clip_005388,train/tiroLibero1/clip_005388.mp4,video1,4433.818,4435.568,tiroLibero1,train
clip_005389,train/non-gioco/clip_005389.mp4,video1,4436.13,4439.91,non-gioco,train
clip_005390,train/tiroLibero1/clip_005390.mp4,video1,4446.354,4447.688,tiroLibero1,train
clip_005391,train/non-gioco/clip_005391.mp4,video1,4448.84,4450.1,non-gioco,train
clip_005392,train/passaggio/clip_005392.mp4,video1,4450.315,4450.69,passaggio,train
clip_005393,train/passaggio/clip_005393.mp4,video1,4450.882,4451.398,passaggio,train
clip_005394,train/passaggio/clip_005394.mp4,video1,4452.273,4452.648,passaggio,train
clip_005395,train/idle/clip_005395.mp4,video1,4453.223486580076,4453.723486580076,idle,train
clip_005396,train/passaggio/clip_005396.mp4,video1,4454.235,4454.526,passaggio,train
clip_005397,train/idle/clip_005397.mp4,video1,4455.689074169313,4456.299074169313,idle,train
clip_005398,train/idle/clip_005398.mp4,video1,4460.624088339867,4461.620088339867,idle,train
clip_005399,train/passaggio/clip_005399.mp4,video1,4464.644,4465.019,passaggio,train
clip_005400,train/passaggio/clip_005400.mp4,video1,4467.054,4467.513,passaggio,train
clip_005401,train/tiroDaTre0/clip_005401.mp4,video1,4468.142,4469.725,tiroDaTre0,train
clip_005402,train/passaggio/clip_005402.mp4,video1,4472.241,4472.783,passaggio,train
clip_005403,train/passaggio/clip_005403.mp4,video1,4473.269,4473.602,passaggio,train
clip_005404,train/tiroDaTre1/clip_005404.mp4,video1,4474.435,4476.102,tiroDaTre1,train
clip_005405,train/passaggio/clip_005405.mp4,video1,4479.891,4480.484,passaggio,train
clip_005406,train/non-gioco/clip_005406.mp4,video1,4485.01,4486.88,non-gioco,train
clip_005407,train/non-gioco/clip_005407.mp4,video1,4488.617158604318,4491.642623446615,non-gioco,train
clip_005408,train/non-gioco/clip_005408.mp4,video1,4496.597637234874,4499.720587254991,non-gioco,train
clip_005409,train/idle/clip_005409.mp4,video1,4500.6665134516825,4501.136513451683,idle,train
clip_005410,train/passaggio/clip_005410.mp4,video1,4505.332,4505.832,passaggio,train
clip_005411,train/passaggio/clip_005411.mp4,video1,4511.214,4511.755,passaggio,train
clip_005412,train/passaggio/clip_005412.mp4,video1,4513.49,4514.032,passaggio,train
clip_005413,train/passaggio/clip_005413.mp4,video1,4514.924,4515.355,passaggio,train
clip_005414,train/tiroDaDue0/clip_005414.mp4,video1,4517.18,4518.763,tiroDaDue0,train
clip_005415,train/passaggio/clip_005415.mp4,video1,4520.09,4520.298,passaggio,train
clip_005416,train/passaggio/clip_005416.mp4,video1,4523.462,4523.795,passaggio,train
clip_005417,train/tiroDaTre0/clip_005417.mp4,video1,4524.625,4526.723,tiroDaTre0,train
clip_005418,train/non-gioco/clip_005418.mp4,video1,4529.190555207732,4531.8834035399595,non-gioco,train
clip_005419,train/non-gioco/clip_005419.mp4,video1,4530.160693268874,4533.620444445344,non-gioco,train
clip_005420,train/passaggio/clip_005420.mp4,video1,4544.561,4544.978,passaggio,train
clip_005421,train/tiroDaDue1/clip_005421.mp4,video1,4558.428,4560.011,tiroDaDue1,train
clip_005422,train/non-gioco/clip_005422.mp4,video1,4562.827303240841,4564.263436322901,non-gioco,train
clip_005423,train/non-gioco/clip_005423.mp4,video1,4572.519081447326,4574.918703828551,non-gioco,train
clip_005424,train/tiroLibero0/clip_005424.mp4,video1,4582.882,4584.216,tiroLibero0,train
clip_005425,train/passaggio/clip_005425.mp4,video1,4587.064,4587.48,passaggio,train
clip_005426,train/passaggio/clip_005426.mp4,video1,4589.198,4589.573,passaggio,train
clip_005427,train/tiroDaDue0/clip_005427.mp4,video1,4591.735,4592.444,tiroDaDue0,train
clip_005428,train/passaggio/clip_005428.mp4,video1,4595.696,4597.321,passaggio,train
clip_005429,train/non-gioco/clip_005429.mp4,video1,4599.276704647909,4601.357040778983,non-gioco,train
clip_005430,train/idle/clip_005430.mp4,video1,4603.595679171526,4606.095679171526,idle,train
clip_005431,train/non-gioco/clip_005431.mp4,video1,4606.36729930728,4608.90256665071,non-gioco,train
clip_005432,train/non-gioco/clip_005432.mp4,video1,4606.678125868502,4609.439964908402,non-gioco,train
clip_005433,train/idle/clip_005433.mp4,video1,4609.97252975618,4610.273529756179,idle,train
clip_005434,train/non-gioco/clip_005434.mp4,video1,4614.48027787141,4616.960785767311,non-gioco,train
clip_005435,train/non-gioco/clip_005435.mp4,video1,4615.531030854738,4617.110669723266,non-gioco,train
clip_005436,train/non-gioco/clip_005436.mp4,video1,4625.779304907947,4627.240434345826,non-gioco,train
clip_005437,train/passaggio/clip_005437.mp4,video1,4643.334,4643.709,passaggio,train
clip_005438,train/idle/clip_005438.mp4,video1,4645.212397963245,4645.842397963245,idle,train
clip_005439,train/passaggio/clip_005439.mp4,video1,4649.288,4649.871,passaggio,train
clip_005440,train/tiroDaDue0/clip_005440.mp4,video1,4656.047,4658.422,tiroDaDue0,train
clip_005441,train/passaggio/clip_005441.mp4,video1,4660.02,4660.895,passaggio,train
clip_005442,train/tiroDaTre0/clip_005442.mp4,video1,4662.187,4663.228,tiroDaTre0,train
clip_005443,train/passaggio/clip_005443.mp4,video1,4667.182,4668.349,passaggio,train
clip_005444,train/passaggio/clip_005444.mp4,video1,4674.456,4675.0,passaggio,train
clip_005445,train/passaggio/clip_005445.mp4,video1,4677.232,4677.766,passaggio,train
clip_005446,train/passaggio/clip_005446.mp4,video1,4678.288,4678.663,passaggio,train
clip_005447,train/tiroDaTre0/clip_005447.mp4,video1,4679.556,4681.056,tiroDaTre0,train
clip_005448,train/non-gioco/clip_005448.mp4,video1,4682.75,4683.6,non-gioco,train
clip_005449,train/non-gioco/clip_005449.mp4,video1,4686.253143015442,4687.409552394115,non-gioco,train
clip_005450,train/idle/clip_005450.mp4,video1,4687.727256985231,4687.937256985231,idle,train
clip_005451,train/non-gioco/clip_005451.mp4,video1,4688.096580667932,4691.276528992957,non-gioco,train
clip_005452,train/non-gioco/clip_005452.mp4,video1,4703.292720988475,4706.173534726876,non-gioco,train
clip_005453,train/passaggio/clip_005453.mp4,video1,4711.212,4711.629,passaggio,train
clip_005454,train/idle/clip_005454.mp4,video1,4713.149764333112,4713.582764333112,idle,train
clip_005455,train/passaggio/clip_005455.mp4,video1,4715.755,4716.296,passaggio,train
clip_005456,train/tiroDaTre0/clip_005456.mp4,video1,4719.275,4721.108,tiroDaTre0,train
clip_005457,train/passaggio/clip_005457.mp4,video1,4724.472,4724.806,passaggio,train
clip_005458,train/passaggio/clip_005458.mp4,video1,4725.199,4725.692,passaggio,train
clip_005459,train/passaggio/clip_005459.mp4,video1,4726.352,4726.852,passaggio,train
clip_005460,train/passaggio/clip_005460.mp4,video1,4727.679,4728.015,passaggio,train
clip_005461,train/passaggio/clip_005461.mp4,video1,4729.657,4729.907,passaggio,train
clip_005462,train/tiroDaDue1/clip_005462.mp4,video1,4732.82,4734.487,tiroDaDue1,train
clip_005463,train/passaggio/clip_005463.mp4,video1,4735.217,4735.508,passaggio,train
clip_005464,train/idle/clip_005464.mp4,video1,4737.166787659768,4737.500787659768,idle,train
clip_005465,train/passaggio/clip_005465.mp4,video1,4745.651,4746.026,passaggio,train
clip_005466,train/tiroDaDue1/clip_005466.mp4,video1,4748.785,4749.868,tiroDaDue1,train
clip_005467,train/non-gioco/clip_005467.mp4,video1,4761.8150533019125,4763.02693322347,non-gioco,train
clip_005468,train/non-gioco/clip_005468.mp4,video1,4776.792173862952,4778.086827994606,non-gioco,train
clip_005469,train/non-gioco/clip_005469.mp4,video1,4780.10375738828,4782.571269174693,non-gioco,train
clip_005470,train/non-gioco/clip_005470.mp4,video1,4789.858266902778,4791.673229181775,non-gioco,train
clip_005471,train/idle/clip_005471.mp4,video1,4797.007233743128,4797.207233743129,idle,train
clip_005472,train/non-gioco/clip_005472.mp4,video1,4802.807086698211,4805.299513771418,non-gioco,train
clip_005473,train/non-gioco/clip_005473.mp4,video1,4802.945545841902,4806.0593403485755,non-gioco,train
clip_005474,train/non-gioco/clip_005474.mp4,video1,4803.541101543396,4805.284713630144,non-gioco,train
clip_005475,train/non-gioco/clip_005475.mp4,video1,4805.314993569405,4807.634281118474,non-gioco,train
clip_005476,train/idle/clip_005476.mp4,video1,4808.818164626737,4809.348164626736,idle,train
clip_005477,train/non-gioco/clip_005477.mp4,video1,4810.588898634714,4813.623244270366,non-gioco,train
clip_005478,train/non-gioco/clip_005478.mp4,video1,4810.606702791104,4812.064314086932,non-gioco,train
clip_005479,train/idle/clip_005479.mp4,video1,4822.721941760371,4823.252941760371,idle,train
clip_005480,train/non-gioco/clip_005480.mp4,video1,4825.201139420978,4826.8570229096085,non-gioco,train
clip_005481,train/idle/clip_005481.mp4,video1,4829.493797960246,4829.963797960247,idle,train
clip_005482,train/passaggio/clip_005482.mp4,video1,4839.231,4839.76,passaggio,train
clip_005483,train/idle/clip_005483.mp4,video1,4843.224607606309,4843.541607606309,idle,train
clip_005484,train/passaggio/clip_005484.mp4,video1,4844.748,4845.164,passaggio,train
clip_005485,train/passaggio/clip_005485.mp4,video1,4848.546,4848.88,passaggio,train
clip_005486,train/passaggio/clip_005486.mp4,video1,4849.749,4850.083,passaggio,train
clip_005487,train/passaggio/clip_005487.mp4,video1,4851.832,4852.041,passaggio,train
clip_005488,train/passaggio/clip_005488.mp4,video1,4853.132,4853.672,passaggio,train
clip_005489,train/non-gioco/clip_005489.mp4,video1,4863.4554778395595,4864.800146085896,non-gioco,train
clip_005490,train/non-gioco/clip_005490.mp4,video1,4863.462852544703,4865.7399147184215,non-gioco,train
clip_005491,train/passaggio/clip_005491.mp4,video1,4872.231,4872.69,passaggio,train
clip_005492,train/passaggio/clip_005492.mp4,video1,4882.44,4882.982,passaggio,train
clip_005493,train/non-gioco/clip_005493.mp4,video1,4892.144341852773,4894.877924169096,non-gioco,train
clip_005494,train/non-gioco/clip_005494.mp4,video1,4892.825889933088,4894.29027418132,non-gioco,train
clip_005495,train/tiroLibero0/clip_005495.mp4,video1,4904.67,4906.629,tiroLibero0,train
clip_005496,train/non-gioco/clip_005496.mp4,video1,4908.259559423304,4911.759308304712,non-gioco,train
clip_005497,train/tiroLibero1/clip_005497.mp4,video1,4918.814,4920.481,tiroLibero1,train
clip_005498,train/passaggio/clip_005498.mp4,video1,4921.54,4922.165,passaggio,train
clip_005499,train/passaggio/clip_005499.mp4,video1,4923.38,4923.755,passaggio,train
clip_005500,train/passaggio/clip_005500.mp4,video1,4930.097,4930.389,passaggio,train
clip_005501,train/passaggio/clip_005501.mp4,video1,4934.807,4935.307,passaggio,train
clip_005502,train/tiroDaTre0/clip_005502.mp4,video1,4935.933,4938.058,tiroDaTre0,train
clip_005503,train/passaggio/clip_005503.mp4,video1,4938.29,4938.665,passaggio,train
clip_005504,train/passaggio/clip_005504.mp4,video1,4941.546,4942.212,passaggio,train
clip_005505,train/passaggio/clip_005505.mp4,video1,4949.481,4949.95,passaggio,train
clip_005506,train/tiroDaTre0/clip_005506.mp4,video1,4950.647,4953.022,tiroDaTre0,train
clip_005507,train/idle/clip_005507.mp4,video1,4956.1161453556115,4956.676145355612,idle,train
clip_005508,train/passaggio/clip_005508.mp4,video1,4959.532,4959.991,passaggio,train
clip_005509,train/non-gioco/clip_005509.mp4,video1,4963.720867020277,4965.944972085757,non-gioco,train
clip_005510,train/idle/clip_005510.mp4,video1,4967.780870855151,4968.510870855151,idle,train
clip_005511,train/non-gioco/clip_005511.mp4,video1,4968.907509046469,4970.693959083122,non-gioco,train
clip_005512,train/passaggio/clip_005512.mp4,video1,4980.34,4980.965,passaggio,train
clip_005513,train/tiroDaTre1/clip_005513.mp4,video1,4981.625,4983.25,tiroDaTre1,train
clip_005514,train/passaggio/clip_005514.mp4,video1,4985.647,4985.897,passaggio,train
clip_005515,train/passaggio/clip_005515.mp4,video1,4986.69,4987.232,passaggio,train
clip_005516,train/passaggio/clip_005516.mp4,video1,4989.257,4989.757,passaggio,train
clip_005517,train/passaggio/clip_005517.mp4,video1,4992.314,4992.814,passaggio,train
clip_005518,train/tiroDaTre1/clip_005518.mp4,video1,5002.385,5004.26,tiroDaTre1,train
clip_005519,train/passaggio/clip_005519.mp4,video1,5005.297,5006.18,passaggio,train
clip_005520,train/passaggio/clip_005520.mp4,video1,5007.556,5008.265,passaggio,train
clip_005521,train/tiroDaDue0/clip_005521.mp4,video1,5010.428,5012.095,tiroDaDue0,train
clip_005522,train/tiroDaDue1/clip_005522.mp4,video1,5013.068,5014.527,tiroDaDue1,train
clip_005523,train/non-gioco/clip_005523.mp4,video1,5014.59,5015.8,non-gioco,train
clip_005524,train/passaggio/clip_005524.mp4,video1,5016.15,5016.692,passaggio,train
clip_005525,train/idle/clip_005525.mp4,video1,5018.392241977137,5018.932241977137,idle,train
clip_005526,train/passaggio/clip_005526.mp4,video1,5022.796,5023.255,passaggio,train
clip_005527,train/passaggio/clip_005527.mp4,video1,5023.717,5024.05,passaggio,train
clip_005528,train/tiroDaTre0/clip_005528.mp4,video1,5026.231,5028.398,tiroDaTre0,train
clip_005529,train/passaggio/clip_005529.mp4,video1,5033.329,5034.079,passaggio,train
clip_005530,train/tiroDaTre0/clip_005530.mp4,video1,5034.646,5036.812,tiroDaTre0,train
clip_005531,train/non-gioco/clip_005531.mp4,video1,5041.58463219893,5042.608590797839,non-gioco,train
clip_005532,train/non-gioco/clip_005532.mp4,video1,5045.907099512995,5047.041127669572,non-gioco,train
clip_005533,train/non-gioco/clip_005533.mp4,video1,5055.861715272645,5058.899755124279,non-gioco,train
clip_005534,train/passaggio/clip_005534.mp4,video1,5060.146,5060.854,passaggio,train
clip_005535,train/passaggio/clip_005535.mp4,video1,5061.75,5062.083,passaggio,train
clip_005536,train/passaggio/clip_005536.mp4,video1,5065.173,5065.881,passaggio,train
clip_005537,train/tiroDaTre0/clip_005537.mp4,video1,5066.583,5068.625,tiroDaTre0,train
clip_005538,train/tiroDaDue1/clip_005538.mp4,video1,5069.821,5070.996,tiroDaDue1,train
clip_005539,train/non-gioco/clip_005539.mp4,video1,5077.2934164831695,5080.00515815957,non-gioco,train
clip_005540,train/non-gioco/clip_005540.mp4,video1,5078.697492633275,5080.961087682602,non-gioco,train
clip_005541,train/tiroLibero0/clip_005541.mp4,video1,5094.766,5097.308,tiroLibero0,train
clip_005542,train/passaggio/clip_005542.mp4,video1,5099.611,5099.944,passaggio,train
clip_005543,train/passaggio/clip_005543.mp4,video1,5101.439,5101.856,passaggio,train
clip_005544,train/idle/clip_005544.mp4,video1,5105.665802441539,5106.248802441539,idle,train
clip_005545,train/passaggio/clip_005545.mp4,video1,5112.113,5112.81,passaggio,train
clip_005546,train/non-gioco/clip_005546.mp4,video1,5112.81,5115.63,non-gioco,train
clip_005547,train/non-gioco/clip_005547.mp4,video1,5116.36032858049,5117.567005144956,non-gioco,train
clip_005548,train/non-gioco/clip_005548.mp4,video1,5122.047027923786,5124.949669470149,non-gioco,train
clip_005549,train/non-gioco/clip_005549.mp4,video1,5126.2700979646015,5129.3698274698545,non-gioco,train
clip_005550,train/idle/clip_005550.mp4,video1,5140.012901294392,5141.519901294391,idle,train
clip_005551,train/tiroLibero1/clip_005551.mp4,video1,5148.167,5150.792,tiroLibero1,train
clip_005552,train/non-gioco/clip_005552.mp4,video1,5153.585626157561,5155.272758453245,non-gioco,train
clip_005553,train/tiroLibero0/clip_005553.mp4,video1,5163.591,5165.692,tiroLibero0,train
clip_005554,train/idle/clip_005554.mp4,video1,5167.583001610145,5169.413001610145,idle,train
clip_005555,train/idle/clip_005555.mp4,video1,5174.739131479763,5175.006131479763,idle,train
clip_005556,train/non-gioco/clip_005556.mp4,video1,5178.203236641534,5180.577552102879,non-gioco,train
clip_005557,train/non-gioco/clip_005557.mp4,video1,5186.883560457762,5189.941767477756,non-gioco,train
clip_005558,train/non-gioco/clip_005558.mp4,video1,5190.755789046116,5192.176311489708,non-gioco,train
clip_005559,train/non-gioco/clip_005559.mp4,video1,5200.816393794976,5203.6726894248,non-gioco,train
clip_005560,train/non-gioco/clip_005560.mp4,video1,5202.353202466062,5203.638719094459,non-gioco,train
clip_005561,train/passaggio/clip_005561.mp4,video1,5213.631,5214.172,passaggio,train
clip_005562,train/passaggio/clip_005562.mp4,video1,5215.285,5216.242,passaggio,train
clip_005563,train/tiroDaDue1/clip_005563.mp4,video1,5216.971,5218.888,tiroDaDue1,train
clip_005564,train/non-gioco/clip_005564.mp4,video1,5219.47,5220.89,non-gioco,train
clip_005565,train/idle/clip_005565.mp4,video1,5223.569766892257,5223.959766892256,idle,train
clip_005566,train/passaggio/clip_005566.mp4,video1,5225.672,5226.38,passaggio,train
clip_005567,train/idle/clip_005567.mp4,video1,5226.908224947752,5227.868224947752,idle,train
clip_005568,train/passaggio/clip_005568.mp4,video1,5228.369,5228.702,passaggio,train
clip_005569,train/passaggio/clip_005569.mp4,video1,5231.923,5232.382,passaggio,train
clip_005570,train/non-gioco/clip_005570.mp4,video1,5234.769728897233,5237.826256216724,non-gioco,train
clip_005571,train/non-gioco/clip_005571.mp4,video1,5243.144373927089,5245.941824529914,non-gioco,train
clip_005572,train/idle/clip_005572.mp4,video1,5249.620791927094,5251.287791927094,idle,train
clip_005573,train/passaggio/clip_005573.mp4,video1,5260.897,5261.356,passaggio,train
clip_005574,train/tiroDaDue0/clip_005574.mp4,video1,5264.487,5266.154,tiroDaDue0,train
clip_005575,train/tiroDaDue0/clip_005575.mp4,video1,5267.77,5269.04,tiroDaDue0,train
clip_005576,train/idle/clip_005576.mp4,video1,5270.24271339059,5270.51271339059,idle,train
clip_005577,train/non-gioco/clip_005577.mp4,video1,5271.091049027841,5274.565488347533,non-gioco,train
clip_005578,train/non-gioco/clip_005578.mp4,video1,5284.386850244246,5287.462027035602,non-gioco,train
clip_005579,train/non-gioco/clip_005579.mp4,video1,5290.78177359493,5292.526045932687,non-gioco,train
clip_005580,train/tiroLibero1/clip_005580.mp4,video1,5296.953,5298.699,tiroLibero1,train
clip_005581,train/non-gioco/clip_005581.mp4,video1,5300.896009144794,5303.02034000187,non-gioco,train
clip_005582,train/tiroLibero1/clip_005582.mp4,video1,5311.068,5312.521,tiroLibero1,train
clip_005583,train/non-gioco/clip_005583.mp4,video1,5312.68,5315.35,non-gioco,train
clip_005584,train/idle/clip_005584.mp4,video1,5322.566660973666,5323.336660973666,idle,train
clip_005585,train/passaggio/clip_005585.mp4,video1,5324.128,5324.45,passaggio,train
clip_005586,train/passaggio/clip_005586.mp4,video1,5327.451,5327.743,passaggio,train
clip_005587,train/passaggio/clip_005587.mp4,video1,5329.855,5330.022,passaggio,train
clip_005588,train/tiroDaDue0/clip_005588.mp4,video1,5335.0,5337.076,tiroDaDue0,train
clip_005589,train/idle/clip_005589.mp4,video1,5340.2587351330985,5340.748735133098,idle,train
clip_005590,train/idle/clip_005590.mp4,video1,5343.032890562267,5343.432890562268,idle,train
clip_005591,train/passaggio/clip_005591.mp4,video1,5345.362,5345.862,passaggio,train
clip_005592,train/non-gioco/clip_005592.mp4,video1,5359.923258784896,5361.338212829121,non-gioco,train
clip_005593,train/non-gioco/clip_005593.mp4,video1,5365.016610499287,5366.533159639754,non-gioco,train
clip_005594,train/idle/clip_005594.mp4,video1,5368.71605977889,5370.43605977889,idle,train
clip_005595,train/idle/clip_005595.mp4,video1,5375.063384391423,5375.438384391423,idle,train
clip_005596,train/non-gioco/clip_005596.mp4,video1,5375.521402387179,5377.99121212962,non-gioco,train
clip_005597,train/non-gioco/clip_005597.mp4,video1,5375.998727324852,5377.14712190895,non-gioco,train
clip_005598,train/non-gioco/clip_005598.mp4,video1,5381.857295879474,5384.899117342265,non-gioco,train
clip_005599,train/non-gioco/clip_005599.mp4,video1,5389.947410423641,5391.650122970616,non-gioco,train
clip_005600,train/idle/clip_005600.mp4,video1,5392.87346576565,5393.09646576565,idle,train
clip_005601,train/non-gioco/clip_005601.mp4,video1,5396.34120161109,5399.118086509824,non-gioco,train
clip_005602,train/non-gioco/clip_005602.mp4,video1,5406.388636843595,5409.873531054392,non-gioco,train
clip_005603,train/non-gioco/clip_005603.mp4,video1,5410.499450019595,5412.091815158012,non-gioco,train
clip_005604,train/idle/clip_005604.mp4,video1,5418.011729716404,5418.675729716405,idle,train
clip_005605,train/idle/clip_005605.mp4,video1,5420.174158178846,5420.577158178846,idle,train
clip_005606,train/passaggio/clip_005606.mp4,video1,5427.021,5427.312,passaggio,train
clip_005607,train/passaggio/clip_005607.mp4,video1,5432.34,5432.965,passaggio,train
clip_005608,train/passaggio/clip_005608.mp4,video1,5440.384,5441.051,passaggio,train
clip_005609,train/tiroDaTre1/clip_005609.mp4,video1,5441.633,5443.591,tiroDaTre1,train
clip_005610,train/passaggio/clip_005610.mp4,video1,5445.357,5445.879,passaggio,train
clip_005611,train/tiroDaDue0/clip_005611.mp4,video1,5450.192,5451.567,tiroDaDue0,train
clip_005612,train/non-gioco/clip_005612.mp4,video1,5454.83242887956,5456.555761988223,non-gioco,train
clip_005613,train/non-gioco/clip_005613.mp4,video1,5459.884010340485,5461.693144380121,non-gioco,train
clip_005614,train/tiroLibero1/clip_005614.mp4,video1,5469.569,5471.11,tiroLibero1,train
clip_005615,train/non-gioco/clip_005615.mp4,video1,5471.45,5475.51,non-gioco,train
clip_005616,train/idle/clip_005616.mp4,video1,5477.6846741535755,5478.074674153575,idle,train
clip_005617,train/tiroLibero1/clip_005617.mp4,video1,5479.786,5481.286,tiroLibero1,train
clip_005618,train/non-gioco/clip_005618.mp4,video1,5481.79,5484.0,non-gioco,train
clip_005619,train/idle/clip_005619.mp4,video1,5485.619320117421,5486.257320117421,idle,train
clip_005620,train/passaggio/clip_005620.mp4,video1,5496.294,5496.502,passaggio,train
clip_005621,train/passaggio/clip_005621.mp4,video1,5499.176,5499.926,passaggio,train
clip_005622,train/passaggio/clip_005622.mp4,video1,5500.322,5500.697,passaggio,train
clip_005623,train/tiroDaTre0/clip_005623.mp4,video1,5501.289,5503.456,tiroDaTre0,train
clip_005624,train/passaggio/clip_005624.mp4,video1,5504.734,5505.359,passaggio,train
clip_005625,train/tiroDaDue1/clip_005625.mp4,video1,5508.231,5509.731,tiroDaDue1,train
clip_005626,train/non-gioco/clip_005626.mp4,video1,5517.199899713924,5519.898148003733,non-gioco,train
clip_005627,train/non-gioco/clip_005627.mp4,video1,5519.543334688787,5522.710953664871,non-gioco,train
clip_005628,train/idle/clip_005628.mp4,video1,5525.352536970181,5525.792536970181,idle,train
clip_005629,train/non-gioco/clip_005629.mp4,video1,5528.805106467136,5531.970303454615,non-gioco,train
clip_005630,train/non-gioco/clip_005630.mp4,video1,5541.834865443079,5543.506658323298,non-gioco,train
clip_005631,train/idle/clip_005631.mp4,video1,5548.29704571055,5550.2490457105505,idle,train
clip_005632,train/non-gioco/clip_005632.mp4,video1,5554.069459334528,5556.293106149317,non-gioco,train
clip_005633,train/non-gioco/clip_005633.mp4,video1,5561.155378377173,5564.059062345873,non-gioco,train
clip_005634,train/non-gioco/clip_005634.mp4,video1,5569.04445078294,5572.451380770424,non-gioco,train
clip_005635,train/non-gioco/clip_005635.mp4,video1,5572.782287336197,5575.560774458296,non-gioco,train
clip_005636,train/idle/clip_005636.mp4,video1,5576.358757957021,5576.658757957021,idle,train
clip_005637,train/non-gioco/clip_005637.mp4,video1,5584.3241089512,5587.469151063566,non-gioco,train
clip_005638,train/non-gioco/clip_005638.mp4,video1,5584.7013355063855,5587.99825728596,non-gioco,train
clip_005639,train/passaggio/clip_005639.mp4,video1,5590.239,5590.614,passaggio,train
clip_005640,train/idle/clip_005640.mp4,video1,5594.116131345971,5594.7271313459705,idle,train
clip_005641,train/passaggio/clip_005641.mp4,video1,5598.639,5599.389,passaggio,train
clip_005642,train/passaggio/clip_005642.mp4,video1,5603.25,5603.625,passaggio,train
clip_005643,train/passaggio/clip_005643.mp4,video1,5603.959,5604.375,passaggio,train
clip_005644,train/passaggio/clip_005644.mp4,video1,5607.943,5608.359,passaggio,train
clip_005645,train/tiroDaDue1/clip_005645.mp4,video1,5609.927,5611.844,tiroDaDue1,train
clip_005646,train/idle/clip_005646.mp4,video1,5617.730325258631,5618.610325258631,idle,train
clip_005647,train/idle/clip_005647.mp4,video1,5618.512525958148,5620.514525958148,idle,train
clip_005648,train/passaggio/clip_005648.mp4,video1,5621.938,5622.854,passaggio,train
clip_005649,train/passaggio/clip_005649.mp4,video1,5624.729,5625.438,passaggio,train
clip_005650,train/passaggio/clip_005650.mp4,video1,5625.818,5626.086,passaggio,train
clip_005651,train/tiroDaTre0/clip_005651.mp4,video1,5626.554,5629.054,tiroDaTre0,train
clip_005652,train/idle/clip_005652.mp4,video1,5630.246141739635,5631.036141739635,idle,train
clip_005653,train/passaggio/clip_005653.mp4,video1,5633.024,5633.441,passaggio,train
clip_005654,train/passaggio/clip_005654.mp4,video1,5635.777,5636.11,passaggio,train
clip_005655,train/passaggio/clip_005655.mp4,video1,5646.376,5646.959,passaggio,train
clip_005656,train/passaggio/clip_005656.mp4,video1,5647.414,5647.956,passaggio,train
clip_005657,train/non-gioco/clip_005657.mp4,video1,5654.869940711732,5656.999920018108,non-gioco,train
clip_005658,train/idle/clip_005658.mp4,video1,5660.977237219395,5661.477237219395,idle,train
clip_005659,train/idle/clip_005659.mp4,video1,5661.658010802874,5663.2680108028735,idle,train
clip_005660,train/non-gioco/clip_005660.mp4,video1,5664.276514334214,5667.4768270374825,non-gioco,train
clip_005661,train/non-gioco/clip_005661.mp4,video1,5668.464584774844,5670.753618455064,non-gioco,train
clip_005662,train/non-gioco/clip_005662.mp4,video1,5670.089889573202,5673.430729858423,non-gioco,train
clip_005663,train/idle/clip_005663.mp4,video1,5677.2471988761545,5677.807198876155,idle,train
clip_005664,train/tiroLibero1/clip_005664.mp4,video1,5691.409,5692.909,tiroLibero1,train
clip_005665,train/non-gioco/clip_005665.mp4,video1,5694.469116892884,5697.844752090047,non-gioco,train
clip_005666,train/idle/clip_005666.mp4,video1,5699.6520483736995,5699.9980483737,idle,train
clip_005667,train/tiroLibero0/clip_005667.mp4,video1,5703.341,5705.216,tiroLibero0,train
clip_005668,train/tiroDaDue0/clip_005668.mp4,video1,5707.469,5708.094,tiroDaDue0,train
clip_005669,train/passaggio/clip_005669.mp4,video1,5709.407,5709.74,passaggio,train
clip_005670,train/passaggio/clip_005670.mp4,video1,5710.784,5711.451,passaggio,train
clip_005671,train/non-gioco/clip_005671.mp4,video1,5723.697755880078,5726.529565946427,non-gioco,train
clip_005672,train/non-gioco/clip_005672.mp4,video1,5725.714035844509,5726.720218557364,non-gioco,train
clip_005673,train/tiroLibero0/clip_005673.mp4,video1,5733.939,5735.814,tiroLibero0,train
clip_005674,train/non-gioco/clip_005674.mp4,video1,5739.754202120144,5741.900325261844,non-gioco,train
clip_005675,train/tiroLibero0/clip_005675.mp4,video1,5746.89,5748.723,tiroLibero0,train
clip_005676,train/passaggio/clip_005676.mp4,video1,5750.54,5750.915,passaggio,train
clip_005677,train/tiroDaDue1/clip_005677.mp4,video1,5754.332,5755.582,tiroDaDue1,train
clip_005678,train/non-gioco/clip_005678.mp4,video1,5756.561838259682,5758.665053131873,non-gioco,train
clip_005679,train/non-gioco/clip_005679.mp4,video1,5761.84355157881,5763.739108402162,non-gioco,train
clip_005680,train/non-gioco/clip_005680.mp4,video1,5764.975920564111,5766.096943716991,non-gioco,train
clip_005681,train/non-gioco/clip_005681.mp4,video1,5774.325498823928,5776.399606575641,non-gioco,train
clip_005682,train/non-gioco/clip_005682.mp4,video1,5774.771333707946,5777.1073948689145,non-gioco,train
clip_005683,train/idle/clip_005683.mp4,video1,5793.79359808162,5794.05859808162,idle,train
clip_005684,train/non-gioco/clip_005684.mp4,video1,5794.757035929465,5797.716760334067,non-gioco,train
clip_005685,train/non-gioco/clip_005685.mp4,video1,5797.164981154584,5799.580336431877,non-gioco,train
clip_005686,train/non-gioco/clip_005686.mp4,video1,5805.252322515249,5807.096710403176,non-gioco,train
clip_005687,train/idle/clip_005687.mp4,video1,5808.134032962534,5808.904032962533,idle,train
clip_005688,train/non-gioco/clip_005688.mp4,video1,5814.066413337526,5815.925762388907,non-gioco,train
clip_005689,train/non-gioco/clip_005689.mp4,video1,5826.517147483722,5828.188489579507,non-gioco,train
clip_005690,train/non-gioco/clip_005690.mp4,video1,5829.303674562275,5830.614267510351,non-gioco,train
clip_005691,train/idle/clip_005691.mp4,video1,5834.70323730436,5835.29323730436,idle,train
clip_005692,train/passaggio/clip_005692.mp4,video1,5844.122,5844.538,passaggio,train
clip_005693,train/non-gioco/clip_005693.mp4,video1,5846.12,5848.24,non-gioco,train
clip_005694,train/non-gioco/clip_005694.mp4,video1,5849.909824493856,5852.631304198635,non-gioco,train
clip_005695,train/non-gioco/clip_005695.mp4,video1,5850.664767634901,5854.059847058161,non-gioco,train
clip_005696,train/tiroLibero1/clip_005696.mp4,video1,5873.317,5874.984,tiroLibero1,train
clip_005697,train/non-gioco/clip_005697.mp4,video1,5875.52,5880.11,non-gioco,train
clip_005698,train/idle/clip_005698.mp4,video1,5881.586500549206,5882.096500549206,idle,train
clip_005699,train/tiroLibero1/clip_005699.mp4,video1,5886.472,5887.93,tiroLibero1,train
clip_005700,train/non-gioco/clip_005700.mp4,video1,5889.077662728676,5891.836907828086,non-gioco,train
clip_005701,train/non-gioco/clip_005701.mp4,video1,5898.8046451060845,5900.996661876737,non-gioco,train
clip_005702,train/non-gioco/clip_005702.mp4,video1,5900.677757357868,5903.30275035622,non-gioco,train
clip_005703,train/non-gioco/clip_005703.mp4,video1,5907.390727573694,5910.027197484741,non-gioco,train
clip_005704,train/non-gioco/clip_005704.mp4,video1,5908.9359807836245,5912.26779469044,non-gioco,train
clip_005705,train/non-gioco/clip_005705.mp4,video1,5918.596466112541,5920.01027881044,non-gioco,train
clip_005706,train/non-gioco/clip_005706.mp4,video1,5937.83665768148,5939.422017285191,non-gioco,train
clip_005707,train/non-gioco/clip_005707.mp4,video1,5940.986936398827,5942.750709510938,non-gioco,train
clip_005708,train/non-gioco/clip_005708.mp4,video1,5956.026892344767,5957.956501763883,non-gioco,train
clip_005709,train/idle/clip_005709.mp4,video1,5961.906084192969,5962.216084192969,idle,train
clip_005710,train/passaggio/clip_005710.mp4,video1,5967.337,5968.045,passaggio,train
clip_005711,train/tiroDaTre1/clip_005711.mp4,video1,5969.121,5970.996,tiroDaTre1,train
clip_005712,train/non-gioco/clip_005712.mp4,video1,5971.76,5974.5,non-gioco,train
clip_005713,train/idle/clip_005713.mp4,video1,5975.331983037557,5975.725983037557,idle,train
clip_005714,train/idle/clip_005714.mp4,video1,5977.90910113786,5978.31310113786,idle,train
clip_005715,train/idle/clip_005715.mp4,video1,5978.073103699515,5978.707103699515,idle,train
clip_005716,train/idle/clip_005716.mp4,video1,5980.131908126322,5980.721908126322,idle,train
clip_005717,train/idle/clip_005717.mp4,video1,5984.916522436598,5985.328522436598,idle,train
clip_005718,train/non-gioco/clip_005718.mp4,video1,5988.748299383246,5990.313776536895,non-gioco,train
clip_005719,train/non-gioco/clip_005719.mp4,video1,5989.393179238235,5990.416396607256,non-gioco,train
clip_005720,train/non-gioco/clip_005720.mp4,video1,5995.8,5996.02,non-gioco,train
